X1,X2,X3,X4,X5,X6,X7,X8,X9,X10,X11,X12,X13,X14,X15,X16,X17,X18,X19,X20,X21,X22,X23,X24,X25,X26,X27,X28,X29,X30,X31,X32,X33,X34,X35,X36,X37,X38,X39,X40,X41,X42,X43,X44,X45,X46,X47,X48,X49,X50,X51,X52,X53,X54,X55,X56,X57,X58,X59,X60,X61,X62,X63,X64,X65,X66,X67,X68,X69,X70,X71,X72,X73,X74,X75,X76,X77,X78,X79,X80,X81,X82,X83,X84,X85,X86,X87,X88,X89,X90,X91,X92,X93,X94,X95,X96,X97,X98,X99,X100,X101,X102,X103,X104,X105,X106,X107,X108,X109,X110,X111,X112,X113,X114,X115,X116,X117,X118,X119,X120,X121,X122,X123,X124,X125,X126,X127,X128,X129,X130,X131,X132,X133,X134,X135,X136,X137,X138,X139,X140,X141,X142,X143,X144,X145,X146,X147,X148,X149,X150,X151,X152,X153,X154,X155,X156,X157,X158,X159,X160,X161,X162,X163,X164,X165,X166,X167,X168,X169,X170,X171,X172,X173,X174,X175,X176,X177,X178,y
-48,285,120,-44,-79,-130,-29,316,64,180,308,-63,222,-51,-20,158,193,341,263,235,41,126,10,309,163,-129,102,324,-92,360,325,39,93,354,-20,334,-130,16,123,237,165,-137,91,195,189,-59,216,304,277,358,-116,55,-70,237,-149,239,-45,326,251,11,51,119,120,305,311,101,145,187,-98,66,37,229,342,-110,6,-136,-86,370,193,-22,321,-88,-12,348,241,268,138,228,339,80,-110,-123,-16,50,-118,-103,352,256,-52,396,311,-146,67,352,247,242,56,-136,310,90,-55,334,256,80,20,390,-115,374,9,92,-65,-123,189,180,355,197,322,80,39,74,234,226,132,108,208,305,260,167,74,83,223,321,82,-38,346,291,117,359,235,236,-38,-70,-38,-149,69,74,234,252,-21,-98,265,96,288,52,33,-28,250,143,129,47,360,-7,50,-27,36,175,313,198,1
252,195,360,-4,-3,338,187,322,0,264,147,112,-7,195,-149,153,103,302,-114,9,-142,82,-52,57,-20,253,1,-97,-31,269,271,-47,103,76,-39,359,322,-52,2,187,12,10,247,126,353,241,-16,44,250,-118,309,319,224,-129,-113,79,214,287,132,-124,75,126,133,330,302,365,396,41,-102,361,-134,21,69,7,326,-105,222,367,-52,-114,129,198,346,151,30,-52,-35,40,102,10,105,172,-23,-133,172,137,4,339,235,-47,242,95,25,-112,326,387,257,374,355,-115,-131,170,361,249,320,-8,-59,203,-100,39,-26,-1,163,191,154,-97,293,113,-98,-146,-48,45,199,-104,118,219,-45,-31,-93,195,323,-34,-24,242,-93,362,-55,-33,337,86,121,38,296,96,-75,3,284,-65,134,69,-82,-104,-57,302,53,67,323,281,190,138,103,206,-128,371,-51,29,72,291,2
174,365,-135,185,107,346,9,324,229,394,276,117,266,17,-108,134,246,-139,151,102,348,-116,-61,267,-36,45,350,342,-76,262,225,269,126,243,306,41,-52,397,-55,39,-114,218,374,128,66,122,-89,191,246,-132,26,245,294,82,-75,114,304,233,355,216,-7,-82,-52,245,-126,318,333,0,-7,-112,-42,-109,35,247,72,-18,12,64,84,-142,-77,341,102,79,368,23,17,19,242,43,366,-122,14,271,188,345,214,191,349,360,176,66,150,-19,-81,101,264,294,31,16,-60,380,-112,-25,300,22,69,-93,325,305,210,-150,236,197,39,354,40,357,218,258,-34,-17,-93,22,-2,-71,62,52,78,76,381,290,251,-104,82,154,375,-8,264,362,222,108,320,-139,179,207,257,222,-143,-29,197,-61,165,27,389,-110,351,-6,50,310,396,102,239,105,299,-141,91,100,2
-146,-32,223,-86,-5,73,88,26,131,-88,66,310,-46,-52,360,234,254,367,325,286,-128,307,-68,-6,-66,-73,306,-150,-100,295,298,337,-117,197,-56,-79,3,99,287,-33,155,117,-97,85,238,250,152,56,78,-76,284,-48,271,155,-53,184,284,296,157,98,15,330,184,391,-45,-70,-18,-13,33,250,179,357,-82,395,-98,299,54,-25,-108,-40,32,-56,223,369,209,130,44,44,-58,-90,-100,252,-146,315,383,254,362,82,373,195,-105,395,-73,-78,98,-104,-30,63,88,-95,199,-44,-103,186,-125,106,-143,102,152,-95,375,323,-123,-73,65,235,214,375,161,-144,-148,212,357,123,355,-136,41,334,-123,-112,122,80,-65,323,-25,386,-6,374,61,-126,243,-84,82,-42,-5,-40,77,-40,319,-117,218,274,367,131,169,292,164,226,138,286,126,352,365,199,295,199,-14,92,1
392,-111,78,397,72,-145,171,317,-76,-147,-33,353,290,43,241,-125,284,22,149,175,259,-33,74,381,-38,-11,-150,-61,169,399,-12,360,108,-141,110,21,-138,17,170,168,178,399,268,-56,167,85,183,225,308,-14,396,362,145,169,198,78,119,140,14,-146,228,-73,259,-19,-109,-62,251,145,144,375,271,-128,-8,-6,74,352,-47,-112,47,240,28,297,349,-136,138,327,80,269,6,399,290,-54,260,138,103,45,371,366,-33,8,77,65,-136,6,110,6,-104,173,-21,260,-56,141,132,-82,-140,103,399,-17,-128,195,151,212,245,67,-10,59,309,205,173,-18,-24,-45,227,-100,-122,311,145,146,256,254,195,269,31,-150,220,280,158,-14,51,285,162,-34,93,386,-76,235,59,324,267,196,378,28,31,-126,29,350,10,26,134,-88,5,318,-102,-67,210,-3,191,325,2
-88,209,176,-10,64,284,167,-119,134,154,278,326,135,-7,273,-132,-133,220,24,43,351,-38,-37,71,113,-96,307,11,229,-64,-96,325,27,240,198,-143,162,292,177,-97,88,78,-100,113,267,-55,-63,-73,137,-31,340,301,349,14,31,318,-144,179,0,-66,-4,230,397,134,-69,363,372,235,320,-32,245,381,110,105,75,-98,349,355,213,129,7,-92,-23,-36,58,375,370,86,130,208,50,127,84,343,-147,291,-122,-42,-76,-5,-23,-109,205,-110,-117,-134,2,227,191,-124,136,17,117,304,250,325,-21,212,141,220,-122,-2,145,-140,361,-38,36,76,159,-53,-96,255,-82,161,138,397,-3,316,93,340,356,214,331,50,3,299,350,-78,145,-134,66,-90,-109,-126,-112,-20,347,78,-43,21,284,327,-49,373,124,-107,-134,179,346,-139,167,65,188,-70,334,223,49,386,4
315,-62,117,338,387,-104,137,-135,250,-65,99,240,184,368,-14,347,326,72,221,251,292,339,122,375,8,1,37,-53,-20,20,32,213,-112,376,346,365,198,246,10,-135,342,275,-43,299,160,19,395,263,100,-10,123,265,-112,-122,326,167,94,121,289,88,226,115,208,189,238,-148,278,-9,225,173,-5,142,281,248,193,-11,36,-90,229,289,168,151,193,-140,-89,75,2,159,92,342,215,179,-44,75,67,355,108,366,-97,-104,370,-52,-131,339,268,-89,-6,65,-148,9,-31,-62,178,206,116,172,390,44,181,19,370,312,-111,386,110,244,75,-27,-113,177,100,25,303,-114,165,-37,-111,150,73,167,198,-36,172,-111,-111,138,111,65,-4,185,17,-59,202,212,194,19,205,40,271,-144,-18,-120,384,275,243,212,286,-69,205,107,373,144,73,374,-105,-38,82,-134,3
209,72,297,214,175,316,263,304,82,73,261,184,71,-114,127,45,333,91,173,41,-134,373,250,-129,323,-31,59,155,119,134,76,230,309,-144,-122,-118,-72,308,387,331,279,134,365,-52,246,338,-112,120,6,-76,-21,-67,-129,308,388,231,289,-130,152,-67,302,236,356,106,376,11,12,373,120,341,57,388,-91,279,158,369,-124,48,236,198,385,227,376,2,55,304,122,85,370,350,-34,235,193,244,-87,-79,123,169,187,215,344,15,393,-140,150,-49,274,241,63,-63,250,-105,312,159,-65,-59,91,-149,74,-35,-48,43,15,-61,-29,-8,-45,277,154,166,-142,-78,208,72,265,219,113,167,-67,167,-40,100,232,-144,308,-67,57,239,163,-129,259,364,-24,-137,-139,-64,373,386,150,92,-29,-4,205,158,137,156,398,201,161,-92,-116,294,-58,56,202,181,8,-127,4
253,365,213,231,381,1,269,99,-34,361,184,267,144,220,35,95,117,86,379,-130,369,-51,327,147,375,183,-149,224,142,167,351,230,-137,353,80,-67,-21,-6,-123,-85,12,78,110,298,273,309,150,152,136,244,-141,119,210,106,-18,125,362,162,133,-30,-44,53,14,154,346,5,216,100,183,360,142,-131,131,-150,-32,-116,47,334,-92,10,55,-139,339,125,91,65,100,-25,66,155,34,-112,72,33,344,276,27,277,143,0,233,157,185,224,-143,190,-22,201,207,366,344,-65,24,42,160,-32,67,276,263,-37,-6,387,152,194,-150,-4,136,-98,153,-82,210,69,10,-62,8,338,173,230,-49,343,-132,303,331,246,128,214,180,193,304,-86,-75,-8,322,266,154,346,140,-49,116,-148,-66,177,299,303,70,3,-139,-18,153,142,149,-108,192,175,347,213,276,-130,3
256,185,-34,-27,248,-100,173,-10,319,183,222,343,388,5,140,-7,-45,269,-149,-61,194,199,308,112,200,-43,-112,8,161,90,294,147,-115,-67,301,234,21,225,211,-10,-33,126,69,-125,370,-141,227,1,-102,3,142,-101,380,-91,16,51,-5,288,91,332,-43,75,281,268,304,9,372,-74,358,290,103,169,112,223,16,308,129,151,380,67,-49,137,16,-115,202,-78,202,-81,274,366,277,388,9,-2,79,-84,230,-93,108,191,-21,21,58,203,320,-35,113,291,397,302,326,136,152,160,57,295,-96,-139,249,364,391,86,128,197,-47,366,97,213,170,135,-2,-67,255,305,10,309,399,349,358,330,-37,210,190,298,29,256,45,315,160,111,268,255,-8,191,165,-50,93,339,-139,88,-109,278,7,65,311,-17,-84,-144,375,-78,248,254,-21,315,55,115,386,102,2
138,13,-56,-41,185,87,230,285,332,-126,-34,331,241,386,-72,22,-139,-23,-59,392,381,296,239,-108,103,-21,-91,316,136,366,316,194,231,102,-95,312,306,-68,-52,-2,178,5,39,343,112,-71,249,109,-50,208,229,70,269,-27,271,80,-88,334,332,368,4,-59,375,304,359,32,235,254,95,320,272,-86,-138,62,91,342,62,187,22,13,314,346,244,157,32,359,395,76,285,271,-130,246,-46,41,-134,-31,242,274,-22,-21,-122,-54,-141,91,81,133,49,-72,22,316,265,298,-64,-50,-143,49,354,-64,-108,234,284,257,332,-134,-3,126,81,215,77,285,248,60,240,348,389,340,291,110,199,201,369,169,-13,399,217,69,186,72,209,178,312,231,18,66,227,-32,39,219,-2,337,223,9,200,137,137,75,372,371,122,251,32,337,-27,263,21,137,284,-38,5
-29,393,71,-112,346,82,379,-2,246,151,209,87,85,52,105,84,194,383,315,390,62,312,285,132,312,256,-63,-107,310,127,270,202,364,-132,-128,262,-121,-43,216,130,-23,78,-40,-15,211,35,-22,110,364,298,-47,332,73,340,322,-141,254,151,80,-85,-39,-138,242,349,83,163,-139,58,-137,267,286,226,-131,-81,60,-50,-19,230,-19,-131,385,76,3,318,254,51,-113,37,-94,-131,122,-32,365,70,375,364,185,-96,349,385,11,8,37,-91,168,60,255,-42,-75,391,163,-34,-132,281,199,32,-38,32,330,-5,-38,325,152,-33,10,250,47,109,-104,248,-73,-27,-76,-14,249,354,349,-13,-101,103,275,396,151,198,-102,-77,110,205,109,144,162,31,213,37,392,397,257,263,191,69,12,69,119,249,31,54,77,99,290,382,45,368,-81,248,52,-3,321,48,4
275,341,-9,162,14,163,-130,-69,-20,154,220,233,294,274,10,27,339,176,138,203,-123,-108,272,26,378,343,47,366,363,-129,-39,-94,-85,-53,-7,284,-65,193,143,92,-119,240,126,381,3,232,-83,63,225,62,-72,230,-93,-125,296,-85,103,-107,-54,76,285,228,27,276,156,353,117,-143,357,325,146,13,334,-79,87,-47,59,317,303,117,235,236,108,132,-111,335,69,-22,369,109,215,393,373,-135,-22,-42,382,118,11,109,-49,355,96,386,-20,202,45,231,76,325,326,114,221,335,283,60,226,244,299,213,306,75,-20,325,126,5,67,39,266,395,-110,156,187,163,-76,128,25,122,138,121,-85,332,97,5,-104,303,50,-27,-150,40,365,291,-8,40,382,76,162,151,309,250,242,56,59,-36,100,68,256,292,203,399,-9,350,396,391,356,130,273,119,3
3,-68,275,124,133,22,176,-88,-78,224,357,247,-31,286,314,135,114,169,225,-62,52,183,71,-110,-83,363,-24,104,-135,326,-89,281,117,-116,343,318,174,153,125,50,294,173,-116,331,329,-86,-143,150,192,280,273,181,287,23,376,-125,255,81,382,399,354,28,-19,304,197,389,255,-75,341,43,11,196,210,-64,111,63,111,132,316,229,211,298,290,-58,273,-9,140,281,-102,151,39,-15,253,190,167,212,231,82,193,398,378,32,-110,246,343,182,-24,-150,17,-132,181,305,-42,117,294,89,150,-48,99,302,369,2,23,192,280,173,269,334,261,-67,-38,181,227,-110,-46,51,299,115,59,-33,226,389,-67,303,363,236,199,145,107,-70,117,268,84,160,206,62,-102,-24,72,128,257,354,143,126,287,-44,269,278,224,-78,-121,37,213,300,44,5,21,-110,5
-88,-128,209,-76,-33,229,139,289,-144,45,270,42,-3,51,293,268,276,328,324,-25,244,174,241,289,53,335,-120,237,283,225,193,292,-76,4,279,212,297,83,111,-26,94,391,334,-29,-26,398,19,-27,-116,-64,50,218,-74,-92,280,349,-42,127,-83,-82,14,338,154,214,228,192,203,265,-42,346,190,232,382,149,-12,208,348,234,129,332,-40,-12,284,358,122,-52,-47,63,14,369,133,366,13,-87,-60,-34,116,-11,95,244,336,325,366,33,-131,373,378,-4,153,77,-49,266,65,256,248,348,314,-69,214,12,-103,360,178,-35,186,-4,172,292,-138,343,136,-37,329,-129,198,169,-25,126,53,43,396,135,-94,152,12,-132,219,113,-38,337,176,391,-86,141,-126,398,-150,398,-10,37,-23,50,-24,106,396,43,-47,384,114,233,109,263,207,-76,204,37,139,-106,1
-68,-28,207,377,-85,224,11,229,207,37,171,299,323,-138,33,-40,357,139,144,300,64,-124,80,170,82,286,382,252,-98,162,130,-120,186,32,-128,393,295,-77,-141,333,305,9,-137,27,261,-98,257,-129,-121,109,54,-92,320,315,-139,139,203,-76,290,90,3,-55,143,58,192,-63,239,174,6,-14,277,301,-10,-68,26,47,270,250,320,67,24,-128,84,-138,-50,385,372,301,280,382,142,-50,351,153,389,204,152,345,76,85,304,-138,59,246,-51,-120,377,178,15,308,-51,22,11,112,123,-148,-123,175,-2,389,337,287,-86,205,382,101,84,76,374,162,-102,-33,-97,-107,-98,374,-49,247,-13,236,-40,-134,31,385,390,20,258,227,37,79,-32,5,314,-47,351,24,270,-17,240,350,-118,-96,368,-139,377,222,333,77,156,306,9,180,74,353,305,-106,63,-92,1
44,338,6,75,261,54,-72,-27,320,67,365,-47,242,283,180,-8,389,127,82,378,-61,341,48,211,290,-125,-126,243,356,150,188,116,310,305,209,-83,261,340,-102,-49,65,287,8,338,91,-146,210,308,97,271,-136,-29,126,302,239,143,295,59,151,72,-148,367,-58,369,277,342,84,10,180,182,-101,372,341,121,101,-61,295,181,-12,206,123,-132,160,3,239,109,-26,203,122,94,299,96,369,-10,211,-143,327,201,344,276,-112,36,-58,-65,-107,-14,270,-77,397,361,5,104,20,19,171,305,4,198,300,22,-141,114,287,96,395,348,-22,176,253,208,-134,123,-35,-60,-69,173,-37,-93,3,253,115,164,-110,-46,42,250,127,203,105,-52,131,252,-42,48,152,176,3,254,311,-19,-67,248,-42,70,217,-4,-39,343,354,324,120,270,216,129,132,-111,38,13,4
385,385,-147,139,282,320,30,97,128,103,30,358,175,206,240,-66,166,61,364,233,191,-113,360,269,18,192,155,391,386,-39,260,55,34,231,345,228,-104,377,353,-129,62,159,121,51,-119,292,11,103,370,329,-141,354,285,-40,2,-49,40,-70,338,-63,43,-47,-55,272,47,-150,256,227,16,358,162,267,326,-78,-10,111,189,157,94,364,186,-75,24,-42,32,41,-86,323,-51,393,-23,301,218,-108,268,337,-73,119,164,17,188,42,302,132,185,239,374,89,332,307,-62,-56,301,277,0,363,225,-129,162,368,55,224,300,28,59,349,313,-27,-38,-139,-25,180,132,-11,250,-54,366,-82,-33,-92,-118,167,-101,338,-132,46,299,301,138,-10,-67,240,64,375,64,252,-23,326,253,-122,187,210,241,67,51,-134,171,367,174,261,167,-69,323,317,274,53,236,-53,3
194,57,363,15,-129,3,288,144,68,344,79,-131,-3,-43,252,332,216,263,158,-17,132,-78,330,201,175,292,-51,-92,357,107,262,301,-86,3,115,-72,164,97,263,-126,133,298,150,-83,-144,-14,13,-68,269,-78,86,-105,111,25,15,219,-97,268,356,190,-24,258,216,120,228,-78,97,-108,226,-110,19,61,342,-112,218,0,-40,329,285,-104,215,-82,148,145,52,-90,163,10,180,377,187,153,352,187,399,124,13,292,168,353,236,343,339,-78,358,239,144,218,398,36,294,212,-28,37,269,101,398,184,-59,379,-88,361,-12,34,54,63,105,-16,-63,56,-22,-148,-30,234,-113,190,-130,91,304,152,-82,-22,45,-11,293,132,161,384,126,-90,168,-99,2,160,393,238,397,26,211,163,-54,62,-14,-145,-42,396,-112,274,110,275,-64,314,-75,320,263,306,134,88,5
221,344,-106,250,96,299,334,-133,138,263,84,265,348,-36,83,389,-140,55,96,-24,-4,-33,231,261,212,358,-14,24,138,330,-132,44,179,24,298,203,348,-10,-58,88,54,282,94,166,144,131,-134,-80,118,174,154,300,-144,163,-48,42,378,20,386,100,236,56,390,265,229,-7,-126,-78,-58,354,185,274,348,213,48,262,188,278,-12,391,-94,81,284,233,43,383,367,34,141,184,-35,-102,-69,182,184,381,70,172,-148,55,-111,-92,356,-29,328,-55,263,84,-89,105,197,-27,331,166,353,-103,258,-15,50,99,163,217,278,329,163,349,204,334,60,-107,390,-59,114,69,291,250,249,339,334,319,294,118,116,-97,377,369,-92,-111,86,235,149,244,56,185,363,27,245,220,167,218,233,-89,354,88,44,71,-90,-22,5,227,286,56,237,329,189,189,53,10,4
389,241,383,-81,254,366,-31,66,-95,215,353,304,-47,-74,79,107,113,180,31,399,-124,125,148,-60,329,307,300,214,200,249,102,308,348,357,153,350,15,264,311,-37,282,205,56,84,291,204,364,57,-26,-13,188,386,-83,390,232,-132,299,-77,125,-103,60,389,40,164,-38,19,317,-137,137,38,4,320,-76,126,192,274,360,31,307,-87,109,42,255,-58,279,283,253,283,-39,224,-92,-108,56,145,-33,381,71,15,5,33,-61,-57,-138,287,387,-1,-143,-122,145,189,288,-7,368,-106,88,4,30,64,-63,105,360,-78,28,61,83,314,72,113,56,215,125,229,158,117,-87,199,343,372,-53,-80,213,125,-101,207,334,-67,145,85,-95,209,-41,41,-58,-91,-112,389,-102,269,-138,-115,-50,-65,365,72,187,15,232,225,320,-120,224,-140,151,-55,39,302,41,335,1
115,273,-23,87,204,-39,295,192,-6,-86,96,339,288,-45,30,33,75,-62,379,220,248,-45,120,352,374,-119,242,-111,67,-69,50,296,277,-113,60,293,176,76,-103,-133,288,36,194,73,337,78,239,37,119,159,-19,-79,36,335,40,271,-31,69,-98,300,261,86,255,271,96,-79,34,-145,55,393,236,-75,26,198,104,157,194,-24,136,336,232,255,237,374,125,349,186,330,122,-93,177,-42,128,177,164,323,-40,78,346,5,322,121,-149,360,135,-138,347,87,-57,187,20,316,-8,50,29,213,328,320,233,266,157,216,-150,-107,-53,114,-11,330,86,-79,39,117,170,-44,81,-109,-12,122,330,265,355,273,256,239,191,342,41,348,82,76,220,-12,-2,-36,299,-88,-47,122,-145,-4,33,-123,399,-32,142,220,93,67,26,148,-93,118,157,137,-46,77,96,343,5
-68,35,101,204,59,296,309,321,219,341,-14,216,33,136,321,224,386,360,99,359,-78,131,209,-141,60,1,-146,44,132,313,-38,120,12,309,-46,131,11,200,283,-11,320,-19,-64,32,217,-22,95,227,-2,282,318,295,330,143,-8,99,151,-126,-81,-39,213,152,320,-60,379,41,91,-13,194,29,352,52,41,-146,86,160,398,-95,292,86,46,363,298,209,-121,-43,294,287,306,344,96,392,288,127,-40,234,40,339,275,254,184,58,-129,57,-143,378,15,345,278,12,215,375,88,-79,294,358,118,264,94,-91,-145,256,66,-125,-146,381,239,297,-5,237,98,375,311,-138,233,248,-132,340,268,186,268,-29,281,-107,166,230,-6,176,212,-101,-86,204,13,-10,-23,247,312,36,39,237,278,133,86,43,136,-15,20,8,50,336,353,220,-48,-26,162,307,79,46,3
272,20,231,22,302,199,343,-147,-58,-145,137,-5,273,306,51,61,-145,225,296,-45,250,-55,237,301,265,353,303,140,383,42,-1,364,242,165,-75,119,74,379,-38,100,82,-68,-26,24,-82,-104,105,-121,130,86,97,217,344,-126,339,343,163,224,-126,183,204,-35,-103,-52,308,372,254,63,352,297,107,-30,-97,180,90,379,332,36,111,213,340,280,88,153,147,-75,182,323,132,-79,112,-139,-10,-134,-88,102,314,225,369,-61,24,-75,249,-80,29,-27,230,142,44,77,280,285,310,-130,-87,14,-124,160,134,130,13,73,-5,-121,-106,320,-117,276,70,383,216,399,-35,88,184,290,-3,-142,137,237,-101,366,127,149,-16,-4,339,327,8,233,12,290,38,264,188,30,137,36,-13,-21,43,165,-7,-135,151,272,94,-44,-63,-22,190,-147,176,259,155,74,197,170,4
30,235,-43,380,259,145,20,180,342,44,-139,44,339,31,165,-121,-55,230,293,147,210,223,152,270,95,86,383,34,317,212,132,185,11,9,323,171,-139,273,-78,50,371,354,-112,-91,170,284,257,235,-73,43,134,376,373,5,189,-26,129,-23,163,181,-1,303,-115,269,-129,55,205,289,-55,13,-3,379,143,44,329,-28,249,301,-47,311,245,186,-9,166,376,250,159,344,-42,221,55,-108,94,136,204,325,-68,-41,39,100,140,50,175,360,258,357,-79,96,193,-97,377,381,42,-93,286,-40,-22,175,-143,-122,-39,-20,37,324,213,53,61,125,-78,92,-49,20,37,290,-65,325,-99,-40,-108,60,49,-125,148,-74,-14,-131,289,60,284,56,288,-109,260,372,276,124,297,218,69,81,177,292,-99,225,112,116,208,166,173,270,-105,118,230,-33,-35,109,-76,329,5
154,-144,215,372,197,287,64,278,347,389,216,162,387,-97,390,316,13,183,396,197,122,263,349,-58,-72,66,207,356,30,95,93,355,271,169,-64,66,339,368,127,18,179,290,240,345,230,155,362,37,365,276,351,109,362,-80,327,27,306,38,140,369,141,132,393,226,5,357,262,377,204,36,-120,109,270,378,153,-112,338,391,127,52,-85,-43,117,71,379,-61,104,304,102,106,232,291,-61,239,-107,-132,-50,206,391,-118,78,373,4,272,95,254,390,10,-34,120,336,21,123,108,-16,271,270,35,213,227,372,45,-53,-129,299,21,232,-17,275,-126,352,34,-66,-7,261,73,69,28,282,114,278,265,302,46,-98,329,292,179,100,-28,236,188,197,-122,-116,367,245,143,198,-4,-84,369,-29,189,24,300,-15,-135,182,44,345,-142,183,182,176,-136,75,274,5
257,-38,277,-150,115,340,57,218,155,-139,194,314,343,217,269,20,-17,276,-126,379,39,-10,164,293,168,290,-59,28,-95,4,-40,-14,81,317,330,-83,98,172,367,281,336,278,118,386,-3,-33,216,-85,219,24,344,-37,-40,288,-4,-116,158,387,-137,223,277,82,289,351,124,-75,288,138,389,102,-25,26,-114,259,-24,332,17,143,192,159,377,389,268,293,85,288,63,-66,-66,338,-86,-87,192,201,7,340,312,74,162,315,-63,152,284,-16,-101,281,189,196,196,94,-42,382,-61,145,-39,26,192,-50,250,-123,386,-93,347,146,-17,180,98,399,-76,17,352,204,74,380,-5,90,193,-116,-150,2,278,357,-25,340,331,194,70,-126,377,31,348,-109,330,288,251,395,194,-106,-130,-81,-103,340,136,-141,391,123,230,178,328,-136,365,40,17,370,-14,3,237,58,2
121,-8,-82,96,110,-72,374,179,38,-56,-143,-84,345,40,215,370,-34,116,334,358,147,13,225,117,398,-77,357,-78,157,48,-21,336,0,55,28,46,-62,283,32,58,342,-21,-138,-45,224,-52,41,174,316,216,167,-7,233,65,210,173,-136,66,341,396,32,119,316,368,391,316,154,-7,-40,81,349,122,22,-144,4,371,395,397,367,64,-17,134,-25,288,1,180,387,232,-36,331,133,-76,15,38,-73,-130,33,71,177,28,-39,-92,176,40,49,161,-116,228,236,86,368,132,-150,313,79,21,-64,-28,147,333,14,232,58,281,238,73,-148,221,295,-35,119,296,217,102,166,264,-56,-127,-101,351,347,184,-72,-124,120,96,236,210,337,201,105,71,-150,395,295,-72,85,183,198,-53,-69,351,326,399,-137,241,196,159,235,58,206,-57,-58,189,294,-129,140,334,2
155,-23,122,291,352,-21,-19,331,239,174,-82,297,377,14,337,275,114,191,127,288,6,271,100,379,176,-54,362,65,-19,109,-26,-69,132,-92,393,10,133,-45,-46,288,77,167,313,321,-95,-138,289,-133,-38,78,20,144,38,275,-72,31,348,-80,97,-5,145,319,355,42,-83,343,-99,212,323,370,280,147,284,47,-23,381,260,-86,90,218,385,233,280,-68,135,383,308,61,-25,262,348,274,392,7,-39,251,-29,122,143,247,320,56,-41,289,127,331,-37,326,170,28,68,377,341,-90,-97,387,-86,20,122,384,240,176,-43,11,301,55,-135,176,-149,-141,283,-26,-70,334,-1,189,-22,287,350,-93,47,60,-106,-54,128,384,259,310,240,-107,-124,-54,397,68,34,-82,-21,183,3,396,-72,262,395,18,364,163,-119,136,-108,-150,119,29,367,-48,-141,-61,75,-25,2
58,-54,-77,40,-95,-119,376,133,343,36,347,291,-21,141,-37,48,-138,120,64,293,361,296,-77,386,-50,25,276,-34,15,-110,278,193,273,215,-31,78,-21,201,167,186,122,-34,217,-57,17,190,1,123,345,-50,-69,378,-78,-137,282,6,-19,187,253,225,-44,114,54,-72,4,96,380,387,3,3,-59,282,187,329,-20,299,122,26,-102,204,157,-105,151,257,38,-22,386,115,-33,313,-7,291,49,6,336,-17,-3,185,-80,82,183,-61,183,48,10,387,-30,150,285,-83,308,363,247,135,-11,131,306,-64,-72,54,186,103,153,229,-21,125,32,117,171,361,-73,188,358,87,-17,41,205,127,-133,373,29,-28,95,222,-100,-80,329,-132,-67,4,206,292,-82,372,-8,41,236,227,384,142,-142,120,236,-58,378,3,254,-2,116,271,321,396,375,352,-137,213,-32,87,3
395,18,371,365,246,-45,-66,63,-30,-19,46,-132,-139,-70,179,241,156,116,296,290,-149,369,158,371,318,61,-39,-143,326,309,102,375,287,85,155,327,-131,65,-16,-22,259,271,143,95,-65,224,295,227,239,-100,91,143,115,-31,97,-81,-94,231,-112,292,-133,201,147,132,-41,29,393,-126,-94,29,81,192,326,304,81,138,62,107,379,78,75,284,251,-63,391,158,192,285,26,-12,43,35,67,13,10,374,-109,59,124,128,100,159,-11,395,379,-94,-39,-146,259,263,31,-138,188,108,-61,99,104,-43,334,107,131,-63,53,-135,0,103,37,178,393,246,366,308,179,18,215,27,211,-111,265,204,104,-8,-140,-125,270,70,345,86,86,68,336,310,-7,38,104,-83,185,258,149,206,105,202,370,373,133,161,-52,46,331,75,214,217,-76,-109,271,30,394,-80,3
-46,49,-50,156,226,248,70,31,156,371,245,-147,130,64,269,-50,370,158,359,-88,75,-46,274,104,278,283,56,-123,185,-82,362,16,217,100,19,-61,295,143,-1,-19,282,-92,48,64,321,96,231,88,216,17,-100,229,323,-71,216,310,388,301,313,327,269,63,218,-37,352,160,318,-107,264,95,-67,56,0,377,14,-6,-114,182,252,263,-106,251,55,-89,269,317,-132,214,149,-144,277,-34,356,395,174,-96,-109,146,80,302,243,371,207,293,-23,254,241,42,-73,-66,-121,-102,-6,-82,-93,328,294,145,20,-4,333,155,295,70,227,115,-56,111,-80,68,382,-59,-24,-71,87,221,335,-126,5,366,379,-94,-132,233,42,86,236,275,126,76,172,2,86,-96,285,-42,33,217,47,220,222,346,50,358,171,124,60,353,-33,-109,164,178,-134,132,107,-132,378,272,4
315,222,-70,397,273,278,237,53,45,134,45,156,-137,-5,-94,59,378,193,128,58,184,137,101,114,120,268,60,214,-75,170,282,-42,371,-104,228,-55,-48,-5,-124,379,-69,277,328,11,251,357,-113,360,242,343,49,104,28,396,238,247,7,-147,16,317,258,261,53,43,84,-1,8,128,253,160,-83,312,-63,66,-150,-16,200,-11,-18,27,207,229,299,312,-43,-29,-134,45,176,167,328,101,352,-32,347,335,-106,163,28,267,-73,175,206,265,364,63,-77,358,181,-58,368,118,225,-147,-13,80,378,-99,174,126,385,335,365,1,332,108,173,17,159,328,-95,322,145,310,173,-10,111,269,90,204,29,-85,197,20,323,383,216,-44,288,76,293,291,245,-67,-138,342,117,374,-31,202,-94,-111,185,22,396,108,366,372,-34,33,-35,11,392,86,-85,-81,296,265,3
381,290,313,245,244,175,-60,-81,15,63,184,218,-102,-99,138,88,-18,15,223,222,327,328,149,-69,-64,74,-135,207,12,363,199,313,224,-59,30,150,38,163,342,-23,368,275,36,399,302,320,73,3,200,-4,198,31,28,-112,-148,-87,-122,221,372,-54,291,52,260,-130,-49,-105,-85,13,-40,187,-28,296,140,261,130,-108,335,-100,59,-25,341,358,107,37,79,38,264,-141,-37,-75,351,-66,-102,344,236,238,67,195,79,104,85,-125,110,120,-28,106,270,108,-104,374,57,160,-2,287,4,-61,207,23,66,305,48,335,382,49,220,297,97,113,-93,151,-120,347,98,120,243,351,-67,214,398,191,256,274,-58,261,281,8,-137,222,74,354,-78,98,360,65,390,69,70,238,-109,132,-93,386,-78,-22,275,-26,-84,-145,163,175,355,-69,-149,53,253,-48,385,217,4
61,58,-34,327,-46,344,-105,180,65,341,298,385,360,307,396,385,389,333,-135,92,56,120,-36,148,332,246,243,-76,331,-48,146,27,64,164,-112,108,-144,-102,387,10,25,-149,304,125,347,-123,182,-150,37,-95,396,-39,159,-115,288,174,156,383,-42,221,206,30,205,-83,141,30,315,283,313,383,-85,-130,233,-112,134,185,37,92,-78,328,-50,363,25,87,-92,-52,344,363,146,60,-28,78,237,-11,390,240,119,-139,238,186,355,-45,-119,-77,20,-82,211,282,-51,-142,-122,-37,311,-8,239,6,184,109,-69,290,21,80,-76,119,-89,169,-49,278,104,381,-39,162,310,311,-59,-99,369,-53,85,223,83,-119,138,391,-37,53,-122,323,102,235,-89,364,279,386,-10,149,160,320,242,294,21,-120,-104,-21,201,-93,-45,179,232,11,135,-80,303,246,364,-125,162,-25,1
257,47,37,333,299,372,203,-51,127,340,104,230,391,113,178,-36,125,337,130,124,177,60,-125,-124,-68,262,16,18,78,216,377,387,373,-79,-45,131,-18,383,118,261,-133,-34,-7,271,218,-101,-45,65,274,-79,295,35,-81,-1,95,387,-52,127,304,-47,82,243,350,100,370,-72,-99,75,-100,35,-117,-20,292,281,346,252,172,59,178,221,309,-18,-30,301,-22,-60,-122,373,182,146,-21,142,22,-127,-52,255,205,-12,352,23,-122,345,200,148,41,-87,64,15,392,81,390,44,355,183,153,286,172,351,242,-2,254,132,211,228,47,205,389,278,-134,228,355,-75,80,97,151,64,7,-82,242,-66,116,-82,196,272,23,-36,69,-120,372,192,226,-21,388,-149,-50,382,-93,238,190,-131,104,166,-113,386,235,-125,303,172,362,-138,220,140,181,110,54,236,317,264,3
-82,321,-47,10,49,65,61,357,-135,347,181,105,21,347,320,233,356,376,174,63,57,18,179,129,154,-5,365,-61,302,-91,160,377,76,323,390,-72,282,2,250,128,-94,35,247,7,208,289,315,295,337,379,-78,-134,380,175,395,51,193,372,249,67,294,71,232,-144,121,-135,273,373,-130,77,137,-17,132,253,-85,286,108,-48,-50,47,75,312,86,-125,-30,355,31,392,164,122,81,269,291,345,-127,-42,351,-126,36,137,187,-114,-14,357,76,169,31,-65,316,-98,84,282,345,-51,252,245,376,264,312,390,213,-21,-67,120,93,237,63,15,-92,353,-28,262,-12,78,123,288,-33,332,244,309,-73,261,-76,144,-130,20,-136,60,-65,-2,221,329,0,-10,-82,109,370,220,268,-50,92,361,-56,75,367,63,-84,245,-139,86,248,256,329,71,5,277,7,265,3
175,220,193,111,132,78,129,139,-104,63,-127,170,123,162,212,229,319,-35,-109,228,55,315,129,-33,86,158,305,324,-51,110,154,203,135,177,-48,-88,131,290,142,-144,-59,39,325,360,311,-98,335,339,213,-39,258,-144,46,216,99,89,229,320,304,215,139,252,-93,370,153,-36,59,-110,22,83,252,-112,-32,184,185,388,-77,40,173,-4,133,62,243,188,-129,-46,315,308,281,70,228,71,107,216,198,74,85,32,293,-145,85,-24,-47,329,4,106,84,349,138,359,147,-14,225,-64,268,48,312,286,159,130,172,1,151,127,-143,84,151,-113,-15,270,68,197,395,-72,122,10,157,223,-142,293,-38,54,254,46,-36,-30,-86,125,88,151,241,371,218,82,44,-139,26,66,-140,295,13,-98,67,209,234,-95,-33,102,29,264,84,-71,-129,326,289,-58,41,-48,2
245,-144,80,89,-61,81,306,82,203,182,288,224,141,194,277,-21,-10,264,-58,133,72,312,394,125,-11,206,-128,119,182,-66,-120,89,212,238,148,220,-52,-104,271,329,-89,-42,398,-32,231,241,-99,138,186,53,87,231,-15,256,357,211,230,103,326,-37,-131,377,-6,57,380,225,353,15,399,30,293,181,352,-72,245,-48,251,73,367,85,276,-35,12,75,79,31,98,167,59,241,-55,-65,264,243,350,-18,163,70,287,-105,41,369,228,183,-112,142,11,180,-47,10,-97,-117,91,-38,167,-128,-33,61,267,-38,-107,-23,7,243,361,-106,-43,68,292,164,26,77,116,228,338,139,206,53,62,172,30,348,169,-68,152,111,49,89,144,361,245,-13,-22,-102,142,385,160,386,83,58,-57,176,74,-140,178,-139,-116,296,301,69,290,384,78,193,-71,202,245,139,4
304,-23,392,208,376,162,-76,395,45,-122,-135,272,254,380,-74,78,146,359,387,175,212,208,173,175,14,304,2,-24,42,379,-141,-59,-12,330,298,182,189,-99,315,324,250,288,358,2,363,352,-145,349,-33,334,317,10,119,-95,77,-2,-105,-7,189,262,369,193,236,322,124,202,-85,-72,51,-38,-60,-10,138,260,226,233,1,168,218,311,-139,5,326,250,26,190,-94,297,52,51,179,212,303,205,65,-128,4,35,98,-17,170,239,283,-129,-26,-72,-100,25,102,95,-45,42,165,151,397,117,19,304,141,-10,-5,274,163,33,-23,136,102,235,79,120,264,47,172,-95,52,-13,271,-94,-80,221,363,-67,-108,-18,244,-86,139,225,316,62,-3,320,-2,-63,173,245,253,-69,135,231,119,141,302,-127,160,310,57,287,387,185,271,170,346,12,390,14,144,-109,5
134,236,-13,36,280,265,275,265,-125,220,234,-95,102,-45,-21,225,157,-60,242,383,-41,189,205,17,301,-46,-1,-5,148,16,-103,88,-144,313,302,220,398,336,60,14,-26,186,41,63,177,230,88,381,-69,212,354,51,353,-114,251,25,394,316,50,389,396,243,-109,242,290,355,169,64,-80,85,130,11,40,-142,-91,74,136,18,-89,198,291,-137,13,269,369,397,-123,295,57,319,-47,275,-50,390,371,-45,126,-86,37,166,-13,192,-46,395,229,-41,394,203,166,115,-86,182,362,-18,389,384,345,218,-52,166,-28,169,344,306,371,369,164,391,328,-131,-21,142,-19,205,-97,236,114,64,309,307,-108,127,-21,199,393,-45,-150,281,155,376,-98,369,179,174,-37,-4,15,228,-12,148,125,27,203,3,50,-36,-83,294,294,175,208,-6,124,358,28,326,263,2,3
-47,-76,-23,194,380,8,387,275,-128,-104,374,-7,268,-66,265,331,305,146,-39,79,-55,227,5,270,-46,179,288,-19,231,-13,119,399,245,313,299,180,102,134,123,-131,88,119,267,159,-120,-47,35,-23,59,263,130,102,-132,-15,72,-148,85,314,77,348,370,-12,125,140,-98,-41,-147,-104,-57,62,285,357,54,230,-78,365,-75,-74,259,-45,325,124,-63,-74,-74,291,389,94,231,-9,217,-67,-8,201,394,1,7,295,152,299,73,-108,113,-148,117,-135,183,313,-92,26,-88,156,95,138,181,376,104,359,312,48,120,-87,79,98,95,6,-63,162,-85,-131,-118,-78,192,-18,-96,-90,369,121,95,25,166,-20,-49,159,141,344,210,187,-141,-102,336,170,-18,-68,-94,225,198,120,332,-40,-75,7,381,178,-29,-110,16,-128,128,318,249,-142,-138,-99,58,399,251,40,4
-100,242,149,45,266,269,371,205,-3,214,213,251,341,78,386,117,254,-140,169,-25,155,360,-62,204,201,-137,106,58,130,292,238,332,-4,128,370,283,-7,138,235,-137,106,195,194,249,56,21,313,119,70,1,32,248,-79,267,132,-77,204,346,177,384,296,222,211,-58,170,173,233,195,-48,64,41,43,229,252,-140,36,-136,146,260,-99,-123,-134,200,277,78,59,280,143,-47,53,-98,224,-97,125,184,-120,-16,-93,-46,115,371,345,102,144,7,398,-84,148,312,-50,-95,181,242,230,-59,296,-42,166,17,284,291,67,71,377,127,315,-121,208,137,-65,83,162,214,118,-20,200,29,329,12,-55,359,214,202,285,-68,74,261,-33,331,41,-44,231,239,93,317,387,59,-78,158,35,102,-138,148,-75,-100,-2,-29,60,129,387,5,87,225,-69,341,205,122,-107,1
-28,198,179,258,172,-40,-62,282,-52,388,-5,106,38,89,352,120,369,399,-37,188,208,183,18,188,110,48,60,136,321,331,-128,-42,145,-145,399,52,174,93,176,-104,-138,229,214,191,70,-78,-105,353,123,57,-27,-141,178,36,392,-91,291,66,-149,385,205,14,-60,16,56,131,-86,365,6,155,244,-77,36,186,89,382,-10,114,-12,308,-81,234,47,54,280,174,291,137,75,-87,347,-91,246,106,88,-113,-126,259,310,266,206,232,7,282,-103,177,282,280,-95,117,-82,298,106,339,-102,165,262,283,-149,-6,215,269,293,283,-94,27,142,-105,19,120,266,-12,96,-3,79,223,-71,-86,-63,-63,53,231,325,388,63,-77,-90,392,68,-139,264,-119,9,86,30,190,307,-71,322,-39,141,232,-134,342,180,335,255,-34,-36,398,396,185,185,-4,-29,-70,224,-88,3
353,298,277,276,270,171,15,310,308,38,313,228,-149,213,-79,276,19,54,186,321,44,124,-144,27,91,52,392,311,-71,372,266,233,240,-25,343,-104,325,313,-28,323,-17,-128,84,-92,13,65,32,-61,160,106,382,382,-99,187,20,-84,149,81,-83,355,-123,-100,109,33,-128,-22,140,350,35,328,341,362,-84,316,134,266,-51,38,237,90,266,25,236,320,82,301,126,78,20,62,131,-110,-29,76,143,116,390,300,298,-90,351,-4,183,-9,-107,-7,182,346,245,-96,156,272,266,174,-71,-120,-39,321,-77,328,236,282,261,316,97,-31,-84,176,319,342,135,161,158,-54,-38,305,312,-19,-30,46,331,-112,361,323,10,138,49,377,352,97,232,67,-64,-69,-89,349,-109,-139,-36,67,-45,377,321,236,75,330,257,306,-130,52,266,265,297,361,-66,16,233,317,2
-79,370,322,107,124,-131,339,339,175,378,-62,335,199,-67,236,-64,156,3,289,113,270,342,260,22,-147,321,-41,-114,-120,230,117,-140,193,393,15,191,331,-132,33,394,-141,41,169,324,276,-92,285,-54,345,127,114,-142,306,122,-143,57,-28,-118,362,53,367,366,292,188,287,294,-15,236,-126,355,174,187,-56,394,-5,80,344,-113,274,286,217,194,9,399,390,-7,194,118,117,18,-118,226,63,289,341,242,338,-122,-112,22,-134,-95,75,-84,46,-128,86,-13,322,78,166,50,107,329,27,-28,191,20,-92,314,109,222,-56,-26,-110,103,-144,320,360,-82,-70,391,111,-62,57,62,115,142,56,182,-74,137,-104,49,276,59,269,3,371,264,202,6,110,-74,337,-20,304,12,-136,81,44,391,208,180,276,346,335,298,262,179,-4,108,141,-8,214,-61,13,330,3
-67,-74,366,334,-47,301,336,188,327,72,-142,-98,-74,352,165,14,128,-124,-81,67,214,155,-27,-132,106,145,-129,299,399,-103,32,284,-44,37,-65,305,-14,185,318,252,389,-79,-127,334,-95,72,28,283,299,341,38,269,98,13,104,325,266,19,166,23,319,194,294,-133,-81,187,376,305,118,37,378,283,137,348,290,152,-64,287,390,-129,366,352,316,-50,-10,-13,77,130,280,-111,368,60,151,-65,246,102,382,230,293,-118,109,83,364,157,-81,303,288,213,330,-7,-127,274,24,174,197,-133,-107,4,226,251,74,66,-120,-92,202,294,84,-44,40,379,94,-75,396,116,166,-30,-126,281,9,-37,351,15,24,-150,-65,169,250,231,167,99,374,105,156,-7,240,18,147,82,120,-91,145,316,84,83,217,81,340,352,230,277,213,51,-5,306,-16,113,-87,340,1
-110,145,-148,-41,70,219,217,285,-147,93,15,-125,244,323,-134,-59,332,392,54,351,249,56,-5,-50,90,12,22,351,396,133,208,230,382,12,156,188,-96,182,-24,92,258,352,152,313,84,-113,-12,44,376,-150,-55,262,387,278,84,198,330,245,200,265,-100,-70,-115,-84,330,317,-9,205,320,288,380,-24,54,-122,294,313,129,0,89,115,-46,282,346,289,7,21,343,160,252,312,216,399,104,57,299,-56,327,39,333,385,272,-18,-96,359,390,259,60,142,-36,108,-29,148,230,350,146,211,312,287,-24,46,70,-60,260,-143,393,317,169,243,118,40,-90,287,113,-56,319,363,43,331,185,284,45,98,347,61,315,70,122,3,98,128,289,125,363,-63,354,90,85,-23,352,49,392,351,341,-130,83,265,-3,-122,210,157,11,-90,-26,305,-80,315,92,339,2
70,322,382,343,-69,371,-139,112,298,41,-37,-125,348,357,394,-89,78,-116,305,351,-126,-119,-139,168,-150,284,-15,45,-18,-65,325,173,29,365,24,-130,-46,292,-102,377,-6,189,203,-76,168,-64,-109,-58,356,378,114,141,313,-54,-56,175,-77,185,-83,-74,57,70,111,259,180,193,-77,103,181,247,194,304,-36,162,77,94,375,377,276,-109,314,127,-132,-85,16,252,258,-39,123,256,222,-112,-46,173,263,278,-90,156,203,242,53,107,335,366,295,29,191,-18,292,102,114,-58,260,-13,57,156,115,167,-38,227,303,40,289,36,216,-62,36,-19,225,-52,-117,20,215,-92,30,-132,75,322,-56,146,24,71,-97,252,167,198,292,389,131,209,-143,340,190,321,98,84,-68,-58,243,117,266,378,102,-29,-141,165,122,155,59,313,265,65,-71,329,396,-133,14,374,3
51,195,215,297,362,168,66,-117,115,-71,262,101,-139,250,131,-39,227,117,147,166,358,395,214,396,120,323,386,83,-92,100,-65,239,29,-2,-30,105,158,-92,-82,295,237,-65,76,33,171,167,248,142,142,334,296,261,357,93,269,3,273,122,369,-23,222,8,25,60,296,16,309,206,153,82,176,31,183,-122,-58,179,33,-56,202,114,-132,348,-12,374,104,-66,307,381,-59,-82,-114,-11,27,-14,39,191,-146,106,92,264,192,228,-5,172,-29,101,160,324,341,196,336,322,231,129,-79,370,215,-57,222,188,286,185,341,-111,208,103,247,19,360,109,308,378,190,-94,67,313,96,222,266,-120,217,-43,267,247,121,-35,105,-70,-23,84,30,6,303,-127,322,249,-17,270,62,331,197,15,197,247,284,70,157,315,-52,91,7,76,272,-79,92,379,-106,321,5
220,-59,-129,21,41,-74,130,213,28,87,-16,129,-132,220,-39,70,153,174,286,287,19,224,230,-137,349,240,398,379,341,399,234,45,149,396,157,101,-143,57,-20,-125,303,35,333,-100,-146,9,57,106,54,-140,-143,258,-119,389,236,77,324,56,167,197,83,-107,-9,25,298,-69,-16,26,232,92,-10,306,289,-95,376,268,-63,-143,326,64,346,352,94,327,158,80,232,4,24,-36,239,160,149,-133,-139,253,81,127,202,152,390,319,-74,370,-127,-136,374,196,21,176,334,338,311,227,13,221,273,326,231,4,106,-83,193,126,240,298,108,156,-56,313,95,36,222,255,257,-26,186,190,27,19,-112,-82,85,230,-94,126,-52,376,174,310,28,-32,318,398,304,-125,339,-143,365,382,-2,337,-126,274,142,34,280,166,247,173,395,-75,335,-63,81,-144,399,-99,5
245,70,277,-8,212,231,126,120,-137,147,313,376,83,-124,320,-58,158,-99,168,30,-31,-108,109,46,104,185,351,104,363,91,-2,148,302,242,61,387,-20,178,105,328,-88,160,256,-46,-136,108,261,108,109,-106,180,14,42,370,250,223,-86,236,344,264,-121,115,177,341,66,169,248,-46,179,-104,163,-4,311,335,259,-124,-122,120,350,102,234,-91,-44,69,290,395,-55,-62,80,124,95,-40,83,127,326,266,-23,86,-23,243,324,244,-40,-61,129,182,73,-50,-19,-138,306,290,-53,-31,142,-150,99,-2,244,-107,-107,-73,75,11,102,-19,297,323,-42,-116,316,124,36,92,113,371,390,-64,384,59,-105,316,389,-125,115,24,365,160,171,-16,-96,392,380,5,-4,334,-131,118,182,250,155,-123,316,109,383,-50,202,149,145,202,-21,5,-77,191,314,-61,304,181,3
197,82,-49,330,63,-43,14,184,-65,273,213,-91,331,99,-34,394,-107,358,14,217,141,135,53,373,-30,37,-138,49,305,297,-80,-21,-108,369,-138,384,151,376,-36,309,354,157,174,24,363,21,351,183,133,324,-97,307,269,258,153,71,382,7,197,8,84,254,106,-104,62,328,336,191,373,352,-145,-7,110,81,119,296,71,-99,-35,387,390,-132,241,268,158,35,110,377,122,9,73,105,29,-131,317,59,362,-93,-58,70,81,213,223,305,-63,-131,-137,-18,-117,57,48,4,-73,21,138,394,269,-144,9,89,272,385,-81,65,-47,-97,179,52,137,-106,47,65,330,158,284,181,-124,15,167,123,232,214,-48,352,222,94,18,267,205,327,-26,386,251,366,380,103,-30,-119,-114,191,-138,32,114,-63,311,-105,241,-32,380,296,-105,357,375,-148,-123,230,6,360,1
182,-37,238,336,99,164,88,83,152,183,-38,211,-54,-135,225,239,66,248,109,169,45,327,267,324,393,80,370,49,-130,160,283,220,-73,391,134,-11,131,107,209,289,119,-17,-47,-56,329,90,-138,-4,-56,142,-126,121,354,15,-64,340,-10,-48,75,143,155,103,29,-111,369,395,85,312,77,332,279,-129,192,-111,22,288,28,-18,200,374,389,355,-67,313,192,129,112,15,142,358,75,19,297,351,376,228,50,99,258,-26,-38,-14,345,-1,192,170,381,138,338,341,101,-74,241,261,22,50,66,225,-140,-139,284,222,122,358,-19,168,17,246,29,-93,329,309,-90,218,-30,395,-134,345,346,354,381,164,-82,10,-6,234,118,303,367,199,-41,332,256,-100,252,325,-64,-83,-109,-94,45,-89,112,-39,27,-125,259,380,166,381,-45,313,95,-70,245,371,113,123,2
21,114,-125,318,325,205,-125,-117,113,-13,311,17,-70,256,-105,-98,325,-135,209,336,351,-10,296,139,58,324,262,276,220,139,281,117,0,104,202,226,207,219,76,152,238,226,-33,-146,293,201,382,-27,126,243,209,318,-94,100,-1,301,11,-31,200,-52,16,363,250,214,175,96,283,-58,117,170,-89,149,252,152,102,327,218,9,15,54,116,-13,217,292,-134,-83,-18,279,157,23,261,-54,3,91,153,134,-124,251,209,-91,51,219,382,1,-49,295,78,-26,85,11,202,-83,22,110,66,-27,11,50,303,251,311,124,55,-111,122,-58,-109,314,228,-44,177,-86,214,333,-127,389,-89,340,122,78,-131,-148,270,156,281,-15,364,42,264,-33,58,-117,167,-31,374,-62,361,-104,371,133,226,-17,97,167,285,25,200,-8,247,218,350,219,231,-65,309,174,371,338,2
246,204,137,308,385,140,17,277,339,204,45,394,-140,105,245,258,211,108,-148,-67,5,25,321,273,-17,229,126,85,-138,191,-116,63,261,254,343,8,-41,398,375,196,128,328,-40,280,391,-36,-61,61,399,388,209,335,221,64,-136,108,312,-31,-23,372,174,169,355,375,-101,-82,240,232,-135,288,-19,97,122,198,333,399,206,167,-103,-141,82,-115,262,311,-147,-107,104,-37,246,23,104,315,126,313,351,290,-82,358,175,-84,153,333,397,266,8,-2,-124,97,-50,-55,233,131,171,245,127,378,112,142,143,244,362,29,84,186,-143,292,388,-60,121,-146,68,-33,-36,112,155,271,56,152,-39,266,134,34,70,293,-34,-81,-81,276,292,-14,353,-20,67,20,324,-22,-94,30,95,-7,-100,217,308,67,106,5,291,-126,385,-91,316,283,-85,-45,-55,17,-109,-47,2
53,369,131,-108,-41,59,-102,-36,4,352,-80,368,185,-84,342,62,30,97,63,208,98,365,-63,25,275,-70,-13,282,319,199,-25,158,79,309,194,159,-131,390,326,118,-148,-135,207,-18,161,331,393,154,118,263,-126,165,125,238,293,276,-94,217,191,153,223,-39,-145,128,231,-138,152,9,3,30,375,29,226,17,63,-1,-135,-60,-31,102,-91,115,258,-120,-130,138,392,347,323,254,397,-19,173,-19,370,-121,150,-147,174,358,86,384,-135,383,295,352,79,-44,238,112,-86,114,187,150,227,24,1,325,115,178,12,287,192,216,314,48,349,-135,145,360,88,150,-145,69,302,282,235,144,-33,254,-139,58,14,143,368,-73,283,-74,-103,-69,58,294,371,-122,153,314,351,295,339,277,208,-60,-98,53,5,-149,206,-93,103,29,342,-116,-76,138,220,178,153,70,4
13,329,304,224,69,103,37,40,238,64,224,-65,323,380,-104,-86,324,-5,231,-85,366,-58,275,317,-57,-18,283,190,163,61,369,8,117,323,259,323,205,42,120,-37,372,-96,-86,121,351,211,-5,58,135,-141,35,313,-17,20,62,379,351,-124,-83,257,-42,-77,111,217,86,215,135,227,225,-75,-142,45,139,-90,238,-143,218,-106,193,224,-124,42,206,-89,-89,271,229,126,280,-36,-30,374,265,12,186,228,173,22,-87,-50,171,-85,307,302,108,275,27,129,193,-134,145,51,43,-2,224,-116,218,-122,70,-98,202,241,-75,343,371,-34,129,24,144,300,367,-130,-78,-115,356,82,346,55,275,-107,-60,319,316,303,182,356,319,-130,77,225,-21,263,-80,253,246,186,354,125,-138,-148,73,24,234,90,396,-137,44,246,280,155,183,259,-148,301,344,266,240,222,1
-99,225,244,-9,-65,313,-105,87,-141,379,27,-145,156,397,176,205,244,149,375,134,179,-101,227,387,-7,-91,-76,-148,297,124,379,64,334,178,104,236,-25,399,173,53,21,66,94,185,147,31,183,360,232,48,181,14,91,76,300,45,53,307,106,378,121,-142,50,-92,242,-32,248,180,116,369,329,-17,204,347,-44,139,-4,176,264,59,145,247,-48,357,58,277,242,-42,197,-101,-46,269,222,-124,122,189,150,329,393,114,391,15,165,-150,110,-88,332,170,50,71,1,311,66,45,51,83,-10,347,-94,353,-9,388,-45,14,64,-80,-61,77,-72,198,95,121,252,-35,284,379,291,21,-135,-95,-48,133,366,127,118,249,352,-65,169,-119,185,-100,-72,23,350,-75,165,222,-70,-80,-80,-105,-104,271,-2,-21,305,354,93,323,231,-48,338,-114,398,369,182,246,3
145,-44,379,-68,137,310,64,130,308,193,43,7,314,-47,-117,-49,174,-10,323,-120,-88,-64,153,-90,245,183,260,133,315,-71,-74,389,210,-74,358,13,-142,24,311,156,94,-29,34,-119,159,221,-95,122,313,305,98,-73,383,-43,122,-136,219,153,54,-38,102,290,35,76,377,203,-150,269,10,10,-23,0,293,320,312,-121,322,-71,-112,89,186,129,-35,118,184,161,-98,-83,-117,235,98,-40,-57,259,28,-104,225,51,294,146,157,342,187,-85,271,389,342,166,-76,-92,235,-136,80,48,203,-116,11,320,380,272,197,-4,223,265,343,105,-48,-30,268,199,-109,216,-122,-137,334,38,144,32,397,-114,-137,8,343,178,-68,-129,-19,314,305,151,116,244,-31,95,-113,94,-130,-41,243,259,-143,293,177,139,360,210,68,255,69,-44,135,-143,38,-70,-43,170,195,177,5
151,49,268,-112,156,-147,-74,317,28,125,1,13,139,227,159,238,32,155,-79,68,22,121,317,118,-131,352,-4,278,14,159,367,-137,-19,288,112,74,107,83,185,258,-127,120,-56,-9,-70,123,125,314,57,145,-112,137,-27,132,29,-54,40,-77,296,346,333,-35,384,-53,177,256,162,-3,191,344,-128,-46,71,-136,-73,171,90,-133,303,292,126,273,325,-124,363,313,212,232,374,231,33,43,311,-95,79,338,-123,33,274,224,-110,333,109,290,-67,-105,289,368,287,-15,32,21,388,-31,130,157,126,379,144,-98,281,-99,-79,-123,318,396,250,50,315,228,26,-99,-72,234,-143,63,-126,299,306,310,47,-57,286,376,227,-47,-112,307,213,-16,223,81,-112,-104,-115,-56,210,374,-5,217,-86,77,369,30,350,4,384,284,-52,221,211,-39,302,18,-12,80,88,102,4
285,271,152,-79,112,71,-74,-89,320,6,-26,10,390,384,-45,-20,206,-149,82,218,100,-43,125,29,142,24,-28,76,293,277,-68,-86,130,240,277,-44,397,111,8,114,317,51,4,-138,146,347,94,149,211,203,370,235,161,263,127,205,374,-135,-106,170,175,-3,204,85,-46,323,245,295,69,291,-123,324,154,254,362,351,197,89,186,-125,258,-74,66,177,-128,159,116,264,116,182,299,96,-115,250,-123,69,255,120,360,135,303,166,146,187,156,277,200,360,374,341,-142,346,289,-43,94,104,-118,-128,-102,311,185,207,-29,293,208,195,42,265,226,312,-5,327,257,135,-40,-101,-137,-17,192,135,163,146,13,346,-135,193,-73,195,-79,119,136,-85,-83,42,-96,228,17,258,357,386,-49,271,327,-31,140,337,10,-73,-113,243,290,389,311,143,249,-59,-145,120,2
-52,375,43,6,-36,245,371,63,382,-136,268,217,62,-146,80,50,251,-2,341,75,18,1,73,353,399,-107,353,90,200,-128,-108,315,-111,152,24,381,310,42,93,129,-115,389,3,-128,-60,239,208,399,77,51,199,-113,349,-108,366,-83,-28,185,2,11,63,225,292,272,387,79,-92,-55,111,203,161,-15,322,279,386,-5,373,-64,-42,272,194,115,343,182,262,40,-9,-78,16,17,108,288,-40,380,139,359,24,151,34,188,359,159,356,195,-70,223,5,281,349,-4,330,284,368,-82,35,53,-138,123,147,-100,349,218,206,-148,103,324,355,105,-1,337,128,-92,295,-38,338,256,216,-91,178,318,-88,33,160,387,26,278,-78,16,74,-142,85,-123,-124,399,45,52,-66,-121,315,-52,39,-139,-121,-113,143,209,29,-39,293,-130,-6,348,-5,290,270,165,15,52,1
345,317,234,163,104,-128,188,342,360,215,221,68,324,272,205,309,352,-124,72,-3,273,200,35,264,278,-110,242,-72,393,299,323,-9,100,143,-15,333,161,-105,85,-103,47,-67,392,10,277,-80,369,-99,-106,142,314,399,229,327,111,28,206,268,50,-138,292,135,107,397,339,347,182,-119,-108,200,183,119,262,-132,196,-114,-59,34,-123,397,221,379,194,268,45,-73,16,-61,113,321,57,120,112,355,361,373,161,23,280,312,-50,-135,107,93,197,98,-46,136,18,269,-104,-108,170,70,362,290,-7,-123,16,98,206,-40,83,-127,-125,230,195,227,371,-134,94,388,51,97,-33,-142,-128,89,-124,-70,48,-59,-67,149,145,303,130,-92,191,314,191,-89,278,105,196,375,153,94,261,66,365,323,-115,27,236,-134,-103,-89,-82,215,11,337,280,338,79,219,27,259,4
119,55,-69,42,38,125,-77,-141,65,139,294,42,138,-7,238,256,219,290,378,-138,189,161,-47,188,47,149,293,208,217,18,-2,-109,51,93,313,298,286,380,122,279,62,-47,41,229,-70,398,226,3,89,223,53,199,-8,38,121,381,149,275,-105,-56,-87,262,-142,308,258,319,355,-78,-67,-92,-130,307,6,178,52,-45,-29,167,31,165,255,-81,9,89,372,-13,344,96,392,373,92,185,271,43,157,355,130,288,332,72,-34,41,365,379,156,381,-29,3,386,301,18,-92,150,399,-34,-24,254,248,364,347,377,247,114,112,247,376,285,209,-22,90,71,63,-16,235,152,136,38,146,375,238,308,110,-38,-115,-72,124,127,161,378,53,-134,325,360,59,348,251,278,-73,-71,155,-93,379,57,360,-16,371,-68,-107,332,342,348,-133,143,-3,321,21,380,-31,1
-85,-10,295,355,38,7,95,-118,210,179,361,-80,162,-72,18,29,109,335,-146,146,209,-34,206,288,180,374,37,130,360,315,-36,85,187,371,48,-101,-9,377,363,-121,-69,-120,182,26,219,396,384,-45,-54,79,76,220,-51,294,317,-96,44,369,273,164,-23,-119,-58,368,107,69,-45,397,265,158,215,370,308,219,180,-140,356,268,-29,84,180,392,197,261,73,2,61,-59,180,316,77,43,379,92,238,125,299,327,329,137,389,179,319,383,316,269,-29,157,183,269,175,99,-56,145,33,109,35,258,-82,-143,114,333,220,-68,60,162,186,339,252,40,184,371,-64,-89,236,-5,2,198,27,336,96,103,349,390,201,361,-138,0,-101,64,221,-38,101,190,-98,-21,42,-94,-54,47,-4,144,-139,182,69,247,191,361,21,317,15,19,361,38,-31,-46,-110,170,1
184,9,113,379,326,201,394,59,345,231,330,-146,-117,-6,200,314,197,-26,120,206,376,347,2,-98,-2,352,299,68,126,301,277,-68,67,376,253,139,269,188,268,56,114,-115,222,337,108,380,-128,-47,90,102,-9,300,156,349,-143,-82,-83,257,367,-32,-120,367,332,56,236,261,219,202,185,138,-11,149,-138,277,249,-42,334,205,-2,156,382,-91,284,-130,231,94,-78,298,-75,239,191,139,180,108,275,-145,-145,40,-3,254,107,328,-61,-141,-64,0,-121,-23,-73,270,-96,329,154,395,-46,21,348,-129,136,240,-2,121,148,21,-104,56,302,244,150,25,-41,51,17,-65,-100,-39,312,291,120,193,32,352,-141,343,83,147,93,358,200,116,50,88,183,264,333,286,95,-143,1,241,60,216,-65,-96,295,153,-19,270,234,47,-104,52,110,-127,189,261,110,135,1
362,-65,279,-120,289,198,261,377,159,245,187,286,214,-38,25,-2,27,231,72,108,38,155,227,192,5,-96,291,49,252,26,298,390,150,156,116,63,332,111,-84,-18,389,361,60,102,-113,-108,254,-105,303,154,82,94,144,232,7,254,-150,66,356,-121,369,124,341,-115,160,-107,4,-74,287,281,391,-112,88,-138,-29,-7,304,217,96,-106,224,140,56,368,91,-37,151,125,-55,143,209,137,3,272,-101,56,62,-85,81,169,-14,-86,363,-19,183,-119,347,92,41,-9,40,-2,265,369,-135,-45,132,-47,210,-116,-38,157,-98,-70,218,91,-120,210,82,-117,92,-92,378,-73,151,-39,262,166,-6,-133,200,4,355,209,181,377,-139,-76,61,132,44,-121,-142,158,294,159,275,-60,305,293,-72,324,-48,305,163,96,83,84,236,-113,10,311,298,-34,90,-125,147,3,4
317,-102,-105,134,-69,-107,122,243,-93,-150,65,166,77,322,333,136,360,307,-56,342,-1,-128,64,248,259,-20,-3,230,-42,-30,144,-31,305,379,18,-8,-114,110,80,103,178,146,-141,295,79,385,-73,274,42,250,-42,112,178,212,227,190,108,184,-66,371,157,111,301,100,173,78,146,86,66,95,297,168,281,253,-114,191,238,-117,-112,58,1,214,48,-72,326,283,-119,-64,242,93,81,41,389,119,-74,16,133,-62,393,5,99,-56,-134,-34,182,371,-71,281,52,-35,69,102,18,165,221,5,-138,357,314,69,-136,-34,180,-95,200,-19,75,157,324,71,22,189,355,6,0,27,382,-39,-13,82,181,391,156,10,251,127,169,382,346,212,221,-115,152,287,-119,35,23,99,128,-149,43,15,-41,229,134,270,-38,77,320,377,345,-120,11,227,295,276,353,376,1
381,369,-117,339,272,317,-127,65,-96,-125,130,176,35,344,-139,283,57,-18,188,45,111,131,218,-48,32,272,-142,93,242,376,-114,27,-79,201,-2,-46,70,223,367,109,148,-109,341,288,-104,-66,-93,58,97,60,-112,101,262,295,-99,223,375,5,391,-61,200,-82,12,91,344,232,-99,-88,358,141,-60,273,214,-1,120,-35,365,90,-121,-8,175,-135,-40,-44,228,11,132,118,333,-78,46,92,108,-2,239,265,275,66,-65,65,272,169,-33,264,-111,10,386,269,-56,291,315,137,261,249,377,-133,-15,313,97,-150,230,358,309,354,325,-119,-33,33,40,-77,-48,269,322,-37,228,162,179,188,87,22,-72,313,350,134,72,115,222,82,85,163,229,269,-99,358,54,106,34,-6,-137,95,36,186,108,-111,267,200,-142,199,-67,382,207,227,21,-126,242,-48,85,259,2
398,181,381,-122,392,-132,-3,320,340,132,-38,304,179,104,248,357,315,256,-53,139,5,11,-54,226,299,-34,355,38,325,172,29,30,136,324,111,372,11,336,30,318,-130,124,109,182,315,-35,262,386,106,17,382,-136,-101,153,336,265,154,45,237,304,159,-24,24,-17,-85,242,214,128,212,20,-100,177,-6,123,4,357,212,174,147,343,395,153,316,88,366,25,259,213,-128,167,374,125,78,-43,25,169,135,178,205,-137,124,-80,44,372,-45,45,-6,199,273,320,65,-58,109,390,134,333,221,-81,228,128,151,104,113,273,62,-51,-39,157,324,397,-39,-64,32,14,-61,304,87,383,-93,391,251,368,46,-105,379,246,-77,265,184,145,-67,-136,-17,327,168,241,328,217,216,137,227,312,-138,385,17,119,-81,167,225,-62,106,66,299,393,-10,10,-119,1,1
109,128,134,391,-3,-84,128,292,248,-23,186,331,35,18,109,356,370,320,10,138,189,351,-45,324,312,332,2,-2,37,-20,301,365,340,325,112,387,308,385,144,284,124,157,225,7,53,-76,229,153,-89,-43,36,78,-103,117,103,-64,30,-126,237,71,246,360,289,24,160,123,-116,66,257,368,118,324,174,205,-61,-109,214,51,215,137,330,350,-99,-48,210,273,54,-137,319,315,153,276,-41,364,-83,95,238,157,201,-85,309,196,174,-118,-83,36,41,62,277,200,-43,89,65,26,179,299,296,386,28,244,-6,47,-67,-66,306,325,102,-79,72,125,95,190,320,303,-144,37,-147,-26,-136,374,89,209,367,169,80,-121,383,5,248,195,44,17,226,338,211,331,93,20,362,255,56,3,-103,-150,256,-44,22,355,-21,247,143,296,-135,198,52,-17,375,357,3
-85,329,308,191,8,10,103,376,398,4,335,281,-124,-139,-84,391,-55,64,43,139,393,-112,55,333,186,345,98,-77,222,-13,306,293,202,260,387,302,268,299,-36,-100,218,364,59,284,76,117,-35,209,178,-111,31,339,58,122,-32,231,385,107,332,358,-59,10,-2,-34,307,-106,83,224,396,46,-126,244,-115,323,72,379,37,251,106,-15,293,267,141,-22,190,106,-51,-112,112,-1,179,-31,68,-28,93,367,-130,39,74,315,-52,212,-68,-95,-129,34,371,113,74,-113,-28,5,150,-84,243,254,298,-20,-82,194,169,26,378,9,382,-16,-40,132,369,43,-104,191,91,371,219,-20,119,-90,13,374,121,-18,93,283,-113,168,359,225,323,-92,348,67,-22,232,237,-66,359,286,142,-102,-84,-22,-122,192,394,-32,-18,176,34,355,383,90,365,14,67,-146,-70,96,1
342,235,156,392,-144,364,-78,-141,-29,362,290,-113,194,187,33,-84,-134,232,217,165,346,194,322,-36,-51,287,194,198,-12,173,151,143,378,141,-77,333,-135,375,185,365,-24,367,-22,360,272,234,81,44,-86,126,73,127,215,365,64,288,277,245,58,350,312,76,224,349,-58,309,170,-141,152,171,305,127,387,242,-56,-44,239,375,-80,225,217,-100,-8,268,397,349,16,109,41,51,34,7,-52,90,340,51,358,-55,339,67,376,122,68,181,302,1,196,263,376,280,228,277,-67,41,-110,158,227,-15,-45,368,391,-25,206,249,-72,238,384,-77,-146,312,-69,386,254,363,127,73,-83,169,-132,192,192,-54,-99,24,187,202,240,-36,197,-150,-88,75,272,-132,-120,-127,60,10,104,-37,353,69,206,18,373,91,224,-12,-54,-4,31,-94,-109,392,-149,137,-13,361,2
71,180,253,357,-24,114,-136,75,-46,342,168,68,126,190,301,218,323,39,268,344,-112,11,-30,248,111,-22,389,205,281,-86,67,276,-77,309,274,41,38,-139,88,302,232,-103,166,58,396,-32,164,-115,312,252,-44,-112,29,-139,188,397,-25,-88,-69,148,-117,-102,-94,-42,366,-127,70,164,143,-141,330,116,-63,304,382,-3,280,91,-85,227,237,58,264,-135,146,69,216,78,289,381,299,-115,271,38,27,164,-131,231,-8,-89,91,87,-20,-28,289,191,268,304,47,131,-150,181,61,-64,-90,-56,-4,95,146,-28,305,248,80,383,251,-21,141,125,225,-96,-125,290,46,92,39,125,258,189,2,247,293,276,336,53,-39,174,107,377,199,284,275,129,220,98,30,-73,185,-101,-66,-147,166,-40,183,-18,-32,199,391,-96,210,302,179,68,57,-66,94,184,61,32,3
-18,199,131,142,118,46,386,-131,254,-36,-125,244,230,372,388,-68,399,294,-64,236,247,135,218,271,292,369,137,-56,-110,180,4,353,124,28,-14,29,31,108,92,-55,46,375,236,257,118,20,19,8,358,296,-69,-94,368,-39,-103,225,-118,353,-148,335,365,-109,-142,-9,285,-124,-108,-20,65,369,194,357,262,95,298,-130,257,306,293,114,33,76,397,95,-78,-1,362,-82,79,-79,246,-67,148,142,72,65,80,254,18,178,275,45,375,-74,126,315,297,169,9,341,162,10,157,-5,245,-62,157,395,220,300,16,241,340,-1,317,-108,-122,-120,-23,143,290,237,373,396,-41,177,254,94,12,248,248,342,88,314,-119,-28,383,-41,120,229,149,98,370,-117,77,248,69,220,377,-76,-15,-77,103,-133,-108,-101,364,152,-9,51,56,264,70,211,-70,134,218,341,1
195,53,-126,-82,365,341,89,210,290,-120,171,193,385,204,320,-46,171,376,353,-66,84,112,-145,343,138,199,49,184,66,202,174,77,-6,157,134,241,209,14,73,-27,193,373,-99,-22,-16,-24,-80,122,36,-148,134,-129,15,159,326,347,283,83,225,95,152,254,-130,106,248,378,-100,296,119,111,214,-102,367,-33,302,246,-124,221,-54,378,35,64,100,65,-122,-49,-28,-97,132,-34,-37,392,142,44,141,110,56,-102,-145,228,243,73,-128,-41,248,21,155,0,277,316,-84,5,55,4,358,-77,-102,316,28,-103,-79,-38,8,-121,-54,100,368,-59,-38,108,-44,239,207,48,276,327,352,-31,158,387,324,193,-15,126,382,-120,96,260,-124,-78,-54,195,325,149,148,136,298,61,-75,250,-117,347,365,177,-53,215,312,-123,235,122,-24,51,370,136,299,-63,167,-132,3
-44,307,160,261,347,93,229,364,56,243,-130,376,192,51,-31,238,386,83,169,29,217,-75,345,371,50,195,332,68,-91,399,70,351,-18,-98,299,-89,-128,-107,-104,-127,-62,23,-32,27,191,-92,287,277,275,230,335,34,309,-49,-136,-100,158,-117,54,-81,79,329,382,-43,90,100,-16,-61,289,147,256,157,-49,210,377,142,-5,253,-149,-32,40,-148,336,26,106,383,326,247,345,69,22,239,351,109,-20,-38,-131,64,159,100,337,231,258,120,256,43,290,162,-72,29,-137,95,-137,-52,-118,285,106,-117,-132,109,265,-14,208,-35,253,51,225,99,295,127,-39,322,241,-8,-119,30,365,118,85,126,124,-65,-88,253,41,142,-120,179,-44,125,-69,-87,-22,105,80,346,-14,304,204,334,-5,-118,109,-64,114,391,241,81,296,-22,120,-62,315,19,-23,23,-125,360,1
337,255,-125,-68,213,216,-91,141,40,310,82,323,254,120,-17,20,264,-123,-15,254,354,90,293,283,77,358,152,-117,-149,211,44,157,99,-4,195,197,103,248,183,25,-26,247,-20,256,183,-131,54,204,22,38,-149,17,217,385,219,286,56,-102,393,-22,296,-116,48,-74,218,375,198,355,87,129,281,-13,118,50,-9,204,178,80,157,-5,1,-11,-130,103,-87,67,-79,11,-21,74,303,233,-44,-48,-10,-17,48,359,-72,331,361,99,332,21,-134,143,243,347,68,83,239,97,-99,-136,173,290,-39,-144,94,297,214,216,136,-45,-138,-5,327,-36,358,1,-94,231,6,-18,12,124,-74,-107,399,167,383,3,86,366,70,159,26,69,-113,280,52,297,344,-26,-86,93,376,75,314,142,230,15,67,124,-99,223,212,-137,189,388,-62,-110,153,117,-13,-145,91,11,4
367,250,5,-66,-141,-13,5,257,74,33,44,245,-17,158,391,-142,19,139,17,193,346,-6,262,306,151,-105,-134,209,110,-28,80,-39,95,240,241,177,64,216,-69,-75,376,352,328,221,114,113,-41,156,49,75,34,-120,-52,188,115,199,393,306,-63,-88,236,308,118,195,-73,214,-137,-15,153,246,-72,267,91,-100,233,224,55,338,230,160,224,-109,382,371,2,161,143,-38,-39,24,151,365,70,20,167,62,102,-27,62,-66,365,-86,167,195,92,-14,96,290,-106,-62,77,140,271,-84,100,-110,-52,155,305,150,48,337,-45,250,326,-29,-74,161,-39,367,46,-53,308,79,17,-143,21,209,44,118,-132,203,-102,313,205,7,-85,157,186,-30,253,-55,-37,278,389,-149,61,182,-127,217,355,25,278,291,397,363,210,123,26,113,35,376,128,47,198,270,154,-87,2
139,-133,-87,179,-134,292,-10,157,293,345,275,324,94,299,200,10,-11,342,380,242,250,-101,144,274,-139,184,-136,-123,237,141,99,354,-53,186,-112,-113,149,28,318,131,13,302,-54,158,111,142,98,94,100,-28,174,350,-85,-92,347,222,115,85,67,376,290,255,318,-41,202,-60,263,-78,396,147,132,354,47,-119,190,183,-8,259,-107,-119,-123,272,340,9,56,-133,-48,81,273,396,88,183,-2,257,-134,75,109,23,54,264,357,2,-48,-86,-34,5,-69,367,-84,87,175,-84,25,327,104,-88,252,41,178,-80,-88,146,94,368,242,26,53,382,-23,44,43,33,96,173,9,-85,103,132,-91,-33,272,-115,380,-60,150,66,-53,305,380,387,-123,173,72,-71,307,25,371,306,272,-51,252,229,380,181,167,386,-62,360,-109,238,-70,251,-44,-40,126,63,355,-30,5
-17,220,106,29,-103,-132,-105,300,-95,-59,-69,-72,132,160,9,165,5,317,311,-34,213,315,33,15,-76,121,352,192,100,-21,207,257,344,331,-73,363,170,139,146,324,-128,21,167,42,-33,-145,332,-19,-58,371,143,241,98,266,-8,86,136,126,236,231,299,140,18,292,33,-106,117,325,102,245,138,61,-130,165,287,272,82,-28,63,-111,181,31,114,382,281,45,358,296,377,51,-18,-12,342,-81,-136,61,-91,101,295,-149,185,-132,-73,321,-123,14,307,25,-122,128,132,328,368,154,-42,173,55,83,307,36,331,256,358,369,-98,247,48,240,347,21,-65,35,5,342,370,-21,-70,233,144,118,384,227,225,-63,-40,3,312,5,167,87,183,-45,331,231,110,142,184,325,74,303,145,312,63,7,121,87,152,370,170,-92,207,100,285,-5,201,94,150,287,4
-51,329,264,14,151,-30,-63,66,28,12,19,150,223,52,-104,312,257,43,276,166,328,270,118,330,112,275,15,277,246,65,-44,-53,331,348,79,106,-108,91,-56,37,234,249,355,16,-26,-64,338,75,194,367,-120,145,263,-16,374,-147,27,108,-86,212,-134,49,393,61,284,122,139,332,83,257,-5,279,281,394,346,-62,260,90,72,317,171,224,-39,376,261,118,101,223,299,386,217,104,312,117,-25,242,183,217,305,-84,-85,249,136,35,133,365,86,-133,263,-142,269,-122,197,299,229,215,76,-33,261,205,103,392,293,-70,-105,-102,298,256,132,322,265,-30,-148,165,309,76,-72,393,-80,46,-93,273,318,-103,284,34,14,180,179,-30,62,356,17,395,276,70,-141,-31,96,209,70,355,-93,309,-23,-65,-47,-8,54,-113,212,158,-99,-150,-140,63,367,264,3
-143,-146,211,-39,122,271,114,307,61,-73,70,218,196,-126,269,203,266,364,64,-39,277,65,262,229,81,107,105,252,273,-86,39,22,76,237,250,62,-98,-12,267,-8,358,335,286,392,142,133,-137,121,-126,171,-48,-111,84,-62,-51,-7,-69,78,244,362,46,123,221,-71,84,136,394,286,-24,266,-110,318,146,-109,128,308,-118,125,-61,373,9,307,248,-60,315,69,268,228,296,-5,82,220,83,216,330,212,360,-56,65,392,-16,-68,240,-104,241,234,230,-74,108,248,-51,350,232,41,194,-141,113,117,44,256,145,-54,311,-64,-74,332,-5,-40,146,275,183,372,387,11,279,-82,-18,38,128,279,391,10,302,19,-94,89,207,50,293,151,-45,-50,-54,-122,355,287,228,-78,103,365,399,-131,384,270,295,-15,354,150,-118,127,-18,376,-25,194,-134,227,-91,316,4
240,36,347,210,298,30,-21,-2,321,349,204,60,-121,-127,71,250,361,-63,314,-101,-48,217,341,117,246,169,369,298,325,89,107,239,192,236,243,119,-2,229,-123,-2,269,129,31,15,-134,-1,188,-106,351,38,-90,143,-118,148,264,398,280,344,-51,-128,269,273,336,-62,58,120,255,127,55,177,185,-113,77,332,-17,239,274,359,276,323,210,60,28,-93,-78,64,-78,316,120,348,203,83,168,-132,221,33,126,-6,-70,171,284,-108,162,142,-82,-95,53,269,399,92,50,323,376,-74,327,289,112,34,-96,157,365,148,79,226,135,-13,327,-144,268,321,269,125,-61,131,397,20,204,53,138,311,22,150,378,-11,127,360,195,-11,-37,356,215,246,-40,207,87,-148,253,-126,358,314,-90,357,-28,346,-96,12,-112,-68,395,-38,274,79,132,136,4,14,31,88,5
188,361,115,36,-111,342,240,109,25,178,49,45,380,-89,176,130,76,-93,326,225,92,216,349,101,171,225,258,337,192,89,-12,-29,269,153,-36,192,100,-144,28,-6,265,-30,-27,-1,246,230,-150,93,247,100,148,146,349,-36,-150,331,359,184,314,-10,-14,16,192,259,-86,-84,282,-101,163,158,-36,191,379,344,118,-71,305,148,51,352,334,-133,327,337,295,189,380,-35,-77,118,-35,13,71,-25,25,224,347,-66,232,312,300,367,399,-35,-143,67,253,153,316,-63,-141,157,283,13,88,166,184,-133,-80,24,188,97,42,268,174,155,53,-28,296,340,282,-23,397,-104,354,-36,265,72,352,-55,-44,-119,342,-85,28,292,398,50,-102,112,-18,193,25,240,-140,50,-148,63,156,393,176,48,-42,140,-43,257,-99,-39,144,38,-86,314,107,180,350,59,-62,-123,3
87,185,-88,349,390,318,-100,-39,150,-61,78,-1,-13,-16,306,343,376,182,211,23,62,192,-90,-90,373,65,272,272,220,55,135,-46,392,91,340,347,284,333,296,233,359,19,172,323,81,208,124,-119,26,-86,-124,328,117,-85,-18,215,-69,177,-53,176,391,-26,59,-18,352,6,231,-129,268,321,83,303,11,150,155,-149,120,270,-8,384,-114,-44,146,-54,130,-41,398,37,337,203,-132,242,110,259,252,333,153,-133,33,254,-20,328,-143,167,240,368,-15,380,216,338,-140,295,-37,45,172,361,14,101,-107,319,338,30,-74,223,-84,374,-59,93,190,153,247,297,-54,180,54,298,267,-74,398,274,278,334,-16,103,104,348,333,-105,292,-147,-150,139,-42,309,115,-13,283,-107,359,111,1,62,83,210,169,71,59,245,338,313,301,262,325,105,-1,-24,241,329,2
246,251,123,-12,-48,91,-34,63,333,378,73,119,-17,-37,290,214,81,307,224,56,369,317,292,170,-58,257,7,-52,74,290,250,-87,128,368,97,217,-53,117,-91,349,157,342,260,-11,177,313,12,-91,-120,182,-75,166,266,39,338,164,145,350,26,64,181,-23,118,384,215,197,-9,-6,94,291,139,-39,63,49,254,270,-144,374,135,238,265,-1,277,142,183,121,-108,317,168,341,376,21,170,-107,381,303,-68,392,171,83,389,101,298,88,339,313,163,24,29,234,144,64,-76,193,-9,48,20,255,77,260,-89,176,-18,38,205,-80,112,155,73,177,-77,360,-9,-49,-86,42,-89,381,90,259,149,44,303,150,305,51,151,186,-119,-53,40,390,-103,99,75,121,334,177,29,-128,219,94,9,222,134,370,299,-15,-55,-32,223,123,26,126,-13,-19,-107,-28,3
-15,216,222,-25,288,-100,-14,7,-95,277,292,175,-71,323,226,182,24,290,-25,68,127,334,-10,-41,-99,168,48,-105,354,389,363,-134,164,285,237,-74,220,14,-127,-116,363,310,-13,114,182,37,-88,128,391,20,352,382,148,50,-16,121,384,291,-64,-120,-30,-82,345,-5,182,330,112,142,278,-65,-135,-33,119,244,11,-47,16,149,-123,273,5,173,197,-30,377,13,-89,189,161,225,195,-1,26,203,363,158,-32,368,327,263,200,355,44,36,299,345,364,122,-99,112,217,-18,74,159,-135,44,292,152,-103,-30,348,318,-110,305,383,220,31,366,80,197,328,58,127,-98,-141,313,7,-132,-96,-130,131,389,266,134,381,381,360,245,-31,-54,-31,386,2,94,365,242,-8,353,69,9,-75,-119,183,374,289,201,188,249,245,51,379,-58,207,245,-91,326,-150,160,1
17,41,-117,-117,266,7,349,215,189,184,176,-37,267,317,-8,158,250,169,61,166,34,54,213,65,95,88,240,369,126,51,63,327,357,-76,-9,171,310,-5,-97,205,126,249,365,348,160,120,298,-39,88,-7,223,-131,138,46,231,341,13,98,-83,-130,361,239,385,-40,309,-73,283,229,289,188,273,18,111,78,10,276,-29,-2,-40,70,-87,203,323,334,-138,2,88,39,-65,-130,168,7,330,-75,178,265,52,78,1,-79,74,322,209,389,-105,-150,94,68,140,307,53,51,331,360,127,-135,374,205,205,-73,-84,63,298,282,394,-36,269,348,229,-8,-127,388,-76,384,-110,262,264,298,285,88,-109,-141,114,294,-12,45,-77,74,-49,113,10,82,340,160,76,122,166,-65,140,318,253,276,224,101,382,156,279,113,-83,-44,249,48,41,363,291,-150,207,-36,1
46,123,9,22,394,307,282,330,304,45,158,343,288,208,-115,-117,-63,-135,270,-25,-143,321,317,359,251,25,216,337,-133,-95,-116,196,-119,-18,48,105,191,80,150,396,-125,384,323,236,134,299,169,5,320,269,-38,271,134,-97,174,307,114,231,62,182,-141,207,52,-93,343,359,72,218,267,396,-48,10,49,9,-15,247,241,-45,-97,126,-40,73,-76,355,-137,331,38,213,88,250,153,-60,241,33,-134,-139,15,-5,131,398,18,19,195,348,309,146,-9,-98,-33,214,-15,263,-74,-133,252,54,348,173,130,15,92,328,13,173,57,164,153,88,73,-63,386,278,69,124,-85,272,104,-26,-5,234,296,236,232,126,231,-27,116,-40,230,7,397,-33,177,-83,283,208,292,13,210,-32,44,90,358,-9,-120,72,115,131,230,-89,370,-80,385,-11,165,189,377,390,4
265,316,224,140,-108,-98,81,61,-143,332,-109,182,82,-81,-135,-82,-98,228,312,376,-88,110,349,-30,89,314,-44,29,-135,204,158,30,23,203,203,68,164,283,131,108,-146,243,185,-88,-107,2,5,327,124,207,275,381,332,63,-72,-12,-53,47,5,-101,328,77,306,371,-2,-93,11,326,-44,276,244,35,295,297,-64,98,289,106,126,287,365,51,29,174,324,249,66,302,253,89,35,-103,235,57,6,74,-7,268,-40,314,-19,183,-76,261,368,-115,72,379,90,-17,240,-49,347,360,386,394,192,-145,43,-14,322,65,198,32,17,-113,320,301,339,-9,-48,-109,-4,-85,42,147,-113,351,277,201,175,-113,-54,-43,0,-77,-94,184,101,103,234,305,108,314,-117,344,175,87,390,315,153,-34,56,330,252,82,133,329,-142,228,230,209,25,334,254,-118,314,6,4
51,24,93,118,295,-77,-55,22,255,4,32,172,138,107,23,179,80,10,35,-8,131,-124,95,336,51,-130,-57,-143,321,188,108,-96,397,-145,226,-101,-39,-5,79,346,155,391,310,75,-92,-75,277,-19,347,154,-84,79,182,126,-7,100,-71,-94,215,157,23,311,342,223,198,-84,179,43,4,9,115,17,-6,35,272,306,194,365,-47,96,-128,374,-7,42,314,224,115,227,399,-77,287,75,157,197,325,164,374,274,373,98,31,-45,40,-14,-31,-79,-20,306,328,-99,-32,113,88,200,104,158,344,-94,252,-84,-105,218,81,251,-128,116,-33,-96,2,88,114,117,-38,15,-143,66,280,141,-101,-44,-142,305,172,158,-6,261,-37,248,124,-27,-65,-104,50,125,398,-21,297,238,112,127,-105,17,294,-105,389,-64,234,114,-129,299,81,35,175,32,246,330,252,312,4
266,51,-86,-134,32,240,-107,331,112,23,290,69,243,44,258,320,196,311,-90,15,0,-40,337,398,-148,332,-138,11,193,298,181,113,-68,183,229,68,303,-62,182,159,269,203,-51,-6,-141,-107,235,344,342,18,380,185,362,-21,388,363,99,-13,124,313,-10,105,305,283,22,322,272,288,-94,347,18,277,268,196,366,304,51,28,-94,350,-39,-3,227,197,207,-95,165,34,-97,-114,119,357,77,277,-150,-128,352,297,345,274,-133,294,-112,59,60,130,-18,298,113,-40,87,306,365,22,42,364,258,-67,-71,58,371,48,83,93,242,295,242,-142,2,-41,115,222,1,264,175,25,374,164,-84,33,-116,354,-75,321,372,132,385,123,388,-97,-96,126,292,267,74,104,25,-5,234,111,380,220,46,133,151,-19,-31,-15,378,-117,381,57,148,371,-57,263,220,258,4
232,290,296,-80,-67,58,108,88,151,81,131,243,267,55,113,160,-72,191,-56,200,-89,-9,-40,376,6,388,-142,125,76,35,65,282,205,241,124,343,300,269,13,32,159,-134,295,19,129,189,368,-140,373,-18,-3,-72,195,98,391,-127,320,50,-20,205,-1,375,153,390,-101,313,89,331,304,132,184,201,176,185,-70,-64,107,34,-28,-55,364,292,363,220,154,206,-3,134,111,340,-120,117,-139,40,249,386,-60,350,150,-40,-71,282,266,63,296,-133,-97,89,267,335,293,-28,269,65,269,77,86,179,318,336,398,264,68,230,-64,310,260,374,296,149,257,224,82,-102,35,54,-73,330,235,43,-48,225,136,331,99,50,385,310,149,327,-68,307,147,213,-111,189,365,-43,165,-37,16,110,73,111,100,375,-25,55,-11,-89,132,-97,195,373,-15,179,-7,285,4
131,-15,338,250,298,119,-134,118,331,68,168,87,394,134,-114,-48,279,88,-26,37,105,379,241,317,102,25,315,138,-101,-147,349,72,111,384,225,-90,205,-127,142,205,-122,206,214,258,115,140,2,68,22,-139,365,211,326,-69,189,290,75,220,-123,-135,126,182,332,137,-37,-113,303,15,54,94,182,245,356,-30,108,259,159,-83,-37,69,69,322,235,147,102,254,341,206,277,64,229,63,-53,377,377,384,398,177,14,-35,-1,367,-119,142,26,-90,265,232,-144,-66,247,242,-104,190,347,327,275,275,364,-22,98,-20,172,392,-85,-50,-120,40,264,349,-105,-62,224,95,106,201,-46,186,375,150,-74,360,79,-119,-93,-47,161,-84,223,84,-39,238,257,-97,88,144,-39,-63,325,153,154,139,57,219,69,80,198,104,301,-9,-82,-62,-15,372,291,-113,57,59,2
362,209,-150,230,386,243,-101,245,-119,394,83,-125,283,-90,290,-21,203,47,220,-4,347,-103,21,164,225,382,269,245,371,36,-118,-82,40,-50,334,134,239,9,-104,8,295,372,4,188,214,-3,-7,-48,-58,135,273,-32,-122,360,-121,215,-13,324,241,284,83,-96,141,161,397,-62,61,167,314,-64,258,89,-94,-38,-81,33,125,82,-97,106,-61,284,257,118,215,200,148,8,336,375,204,250,254,-55,241,201,137,372,11,31,398,-69,373,-147,344,-100,110,-17,211,66,-83,-8,195,43,95,163,233,126,-79,-22,207,374,69,-145,77,-134,-139,348,351,-81,-43,50,-99,398,108,331,113,152,-26,119,329,-19,-149,-36,330,-150,180,240,-8,177,226,-61,-109,-116,343,-27,-94,305,84,241,341,192,25,-99,399,327,338,-146,58,66,385,191,250,311,60,-125,101,-148,4
-149,-149,-1,-147,346,399,317,-81,50,157,101,136,141,3,-18,123,358,202,-146,142,209,63,255,285,-136,122,-106,261,36,19,250,95,-108,28,306,384,93,-134,-39,396,-121,41,286,28,323,-17,161,-126,220,374,168,79,-49,299,227,52,116,311,214,-47,-40,277,318,99,331,180,50,303,353,395,-40,393,58,-118,-44,114,75,336,28,71,219,16,149,230,-116,256,351,163,-50,64,-89,218,217,-57,318,-125,284,-30,-101,-115,259,138,228,-51,173,178,70,-41,-2,255,259,-22,333,-43,238,274,296,-83,-85,353,353,170,296,59,219,307,12,181,199,317,275,176,-45,104,207,293,-38,-121,373,-105,20,-21,202,52,75,-71,159,-116,10,284,387,74,295,166,263,-56,74,-85,246,59,323,339,29,373,308,-83,178,51,324,367,-136,-109,392,138,382,93,23,383,2
358,93,-91,-47,152,-74,-133,383,33,399,130,137,374,323,116,206,-150,-124,397,9,248,392,-24,59,-1,-120,151,106,-94,-142,-146,-37,54,-127,342,255,-48,-91,-65,221,51,-62,286,-31,5,248,37,-99,380,329,79,330,-21,-96,120,-51,-82,148,378,203,1,179,-35,391,172,78,209,-146,-123,213,311,80,244,120,153,232,-123,368,48,-69,-63,239,300,282,223,284,36,239,67,-43,399,198,371,-125,-103,219,-137,36,373,128,190,177,-126,378,275,-122,172,162,119,144,72,-76,-49,381,22,-147,328,244,16,149,-33,361,24,8,233,76,-113,312,280,-47,42,99,-138,237,-80,287,-107,121,-137,220,-39,228,163,264,334,18,95,115,92,149,176,379,191,98,229,381,230,-109,194,110,155,89,162,290,-18,-100,241,372,357,203,244,-55,-45,362,91,337,364,-90,2
265,143,151,19,-110,80,258,146,304,-94,89,25,-88,-13,303,298,75,292,55,-124,306,-44,293,-115,4,18,121,396,269,33,86,358,290,-29,266,384,224,175,329,-1,339,2,-134,197,308,51,272,129,271,314,204,227,-27,-71,82,329,3,258,-120,352,220,172,181,92,279,31,322,225,-70,399,269,316,277,-94,171,391,344,115,76,-97,-147,288,159,-62,169,224,350,83,186,34,287,29,-75,121,-96,-74,145,68,126,115,-108,210,77,76,-88,20,156,-117,-21,243,0,233,-134,-137,-70,56,53,228,393,-128,11,-7,-47,231,304,266,173,20,123,301,-26,232,166,-44,312,279,186,345,211,281,369,255,226,1,171,63,-86,119,386,-51,-46,-20,238,170,287,-132,74,309,243,75,209,279,-136,395,263,204,306,380,45,-36,266,201,-76,-115,91,-88,358,37,1
-58,-146,287,15,295,-126,357,-53,117,242,134,-42,-124,-96,-18,-99,342,147,248,-133,95,352,-62,52,89,339,-138,164,47,92,356,-108,179,278,11,284,82,-40,81,122,-110,315,-74,339,-34,283,-132,45,300,274,243,133,-117,144,100,188,289,29,77,-128,176,3,-5,101,151,-81,392,-58,12,-70,-88,285,-103,294,-77,391,6,336,115,105,-112,-96,-123,-33,219,58,165,242,293,108,47,294,154,188,378,-97,-39,268,154,287,-66,373,101,-25,254,153,-123,115,-99,360,56,360,50,133,206,-104,-14,-21,44,213,281,-82,307,389,184,375,-135,305,359,58,7,186,90,-93,154,194,-137,208,226,92,-6,264,243,207,7,-133,196,-93,4,336,380,336,0,208,217,-104,56,299,332,-8,249,-54,-104,40,-11,80,189,340,-102,302,165,171,-64,323,131,-77,302,-104,5
-55,-120,383,-134,61,84,241,203,154,399,389,358,244,280,26,255,150,294,-24,198,-130,269,1,9,329,292,-55,201,-76,208,-18,249,-12,95,140,-39,19,89,186,-13,85,-148,-35,321,-20,332,250,50,141,191,65,215,318,267,-124,304,-137,-53,128,339,56,82,88,99,155,312,85,140,-112,32,-121,237,-8,268,-77,-96,-127,-129,277,-119,188,364,361,-81,-63,68,119,-73,-141,317,185,35,395,-30,123,259,207,-53,90,-37,336,90,5,201,-107,161,-13,285,-8,148,111,361,-89,272,245,-120,179,18,115,157,308,34,183,364,290,240,103,184,249,15,109,-147,-32,319,319,342,349,-81,219,30,-146,46,-104,-11,389,276,159,123,388,239,308,210,-82,280,-119,362,31,97,146,-121,151,325,201,331,166,246,-62,83,17,-25,-31,277,39,277,51,-92,72,341,4
-140,361,159,-117,189,330,-58,-18,268,317,293,-121,147,-90,307,153,189,297,151,389,334,-74,364,398,-59,315,315,-111,178,134,-85,-42,264,-59,217,272,89,284,61,249,375,317,19,59,105,-78,-4,189,166,3,104,200,396,161,-17,-22,285,129,207,101,-16,372,168,-71,40,302,193,-121,263,217,351,-130,398,95,132,81,165,185,260,94,236,207,-129,-132,136,125,-79,214,184,48,-134,67,-4,59,263,179,201,12,-50,176,176,4,-141,202,32,304,-145,182,182,107,60,-100,294,226,335,-100,3,159,248,-17,69,12,351,-36,348,321,-2,90,-28,-82,-88,-135,239,107,66,328,-37,229,86,325,-22,359,14,126,106,-19,106,-10,58,368,-100,352,108,27,392,205,167,213,-96,5,-107,391,171,-137,206,332,208,167,-76,43,212,-55,-111,246,-44,-134,376,348,5
374,-108,199,-121,290,391,304,-57,144,398,-62,352,63,271,375,41,73,236,323,52,296,-83,-59,27,-148,-48,122,383,-35,313,-47,108,157,216,151,-124,357,376,214,147,210,353,-121,288,189,-25,215,292,112,71,-149,243,155,-5,379,377,157,189,201,58,54,-136,277,325,147,-57,-44,268,127,-23,308,-113,47,206,-144,181,368,43,165,-150,-89,192,-133,220,84,-82,296,-143,311,160,-17,234,-95,209,-37,-63,-13,-43,349,384,-7,-95,-145,391,296,234,156,151,254,359,-78,114,76,42,223,-141,151,208,-99,-52,-138,239,206,-140,-70,110,-145,307,222,330,71,-70,364,-91,70,198,77,139,142,42,323,106,355,237,247,215,139,158,127,313,38,27,377,224,303,66,-109,43,176,222,314,12,125,213,329,309,114,388,235,-66,165,92,318,191,26,-21,-68,209,2
-63,381,320,347,356,203,265,-100,-88,-62,39,197,387,25,213,332,-32,18,-4,286,288,38,9,251,-133,-11,-36,177,74,288,399,235,370,102,-53,-80,296,-61,279,68,-44,325,303,393,-25,-4,129,-127,-31,146,-69,297,319,272,394,-127,-90,-67,74,35,224,-79,-77,190,2,-55,294,-41,307,-100,226,-78,61,281,17,180,343,-8,294,243,361,177,108,286,198,364,298,248,63,395,138,108,107,237,394,114,162,-111,59,121,-15,-91,359,364,-136,104,384,84,-20,-134,34,240,272,291,-139,369,-71,151,65,97,390,121,-18,-146,391,-10,332,154,194,119,-43,323,-69,-67,139,-80,24,312,244,-60,318,283,98,90,345,189,320,312,124,-136,-110,57,-91,214,89,9,246,349,58,-18,230,282,238,281,123,200,-17,-85,54,147,-34,116,-2,43,28,-3,314,-146,5
375,129,348,285,65,364,-14,129,-19,242,330,362,268,51,311,51,1,71,-72,49,-52,62,-8,238,223,-99,-16,260,319,-39,374,-107,246,110,394,237,325,259,-135,-49,35,-126,-79,-133,181,-54,-139,-140,12,132,90,-106,104,-84,-109,233,83,334,-112,-140,258,-43,-57,-67,-93,142,-135,326,14,286,252,235,-13,380,142,324,311,222,11,-107,-68,388,368,260,190,-62,79,-133,130,271,187,115,204,209,66,170,61,52,2,278,136,170,285,345,-2,391,331,175,-122,108,-76,347,265,189,157,90,102,69,246,185,-122,343,351,3,80,-49,26,81,-139,35,115,-16,-120,305,108,-47,280,231,318,362,56,296,-62,44,263,-29,311,-35,45,-115,-84,130,328,-140,171,89,-91,14,38,336,-59,138,358,-76,277,234,-98,24,323,210,119,256,-27,225,241,31,-115,61,3
-17,340,287,-105,250,337,281,277,366,311,30,-6,114,255,333,331,86,374,188,117,115,377,-59,97,-132,239,237,-56,279,-114,242,140,152,250,193,367,226,14,-138,-126,-28,-22,396,158,285,31,-108,253,112,-81,141,63,-4,-126,172,-42,100,331,24,196,19,-149,211,145,51,138,-89,351,-25,-102,28,342,282,151,18,118,213,-51,64,-54,397,186,208,139,245,209,196,-27,387,271,185,352,-94,-75,315,134,235,108,326,-140,109,242,218,33,-135,355,-65,-141,326,13,-127,161,87,311,311,87,-129,29,348,324,188,380,11,-90,-66,396,339,-146,-75,102,-144,322,-13,207,12,167,307,102,50,381,14,81,177,87,-31,99,185,133,47,265,244,0,114,69,65,164,65,184,208,10,360,6,11,-109,29,152,179,278,199,-31,-76,-28,31,106,118,342,29,-2,5
367,-3,-142,27,244,180,-95,56,-46,396,204,338,352,-101,-64,152,-150,230,211,230,11,-132,92,-22,25,258,-67,225,71,174,300,265,294,174,372,15,87,-138,106,363,59,333,214,74,43,45,249,-94,62,128,229,-34,300,259,216,-38,13,-147,-128,-59,318,4,56,-70,332,256,-48,89,114,-118,-116,98,-101,129,1,386,79,137,244,302,-118,212,-40,-30,-135,372,-53,-35,320,288,130,198,81,-40,201,-139,337,382,134,394,241,19,-74,146,179,-88,119,65,39,-76,359,-58,-98,345,-57,78,99,240,31,116,130,-68,35,380,197,272,303,116,356,-9,165,81,146,-129,233,-25,-48,-41,321,-86,321,-75,-132,233,39,209,301,-72,21,61,294,-2,-141,391,-96,29,230,271,300,-58,369,262,243,180,282,12,-111,-66,-60,333,234,42,102,93,119,-132,-111,365,3
-118,299,388,168,-27,221,200,172,337,300,202,-35,-138,169,14,-66,97,281,328,217,206,257,194,28,274,390,292,155,216,-115,312,-5,-5,229,17,124,-64,3,346,164,123,111,336,303,292,111,392,-46,199,287,18,192,79,-128,130,368,102,253,-18,123,81,394,-72,-116,344,-41,170,177,233,213,81,263,143,396,23,241,-49,142,-66,50,390,146,-95,321,-135,-85,321,-128,335,264,154,26,44,-138,15,-1,190,23,16,-54,253,-74,86,140,-15,216,397,97,63,-81,178,-135,336,23,123,373,68,362,248,-40,313,-58,300,245,328,165,202,88,-47,-122,-62,224,246,213,-4,163,397,301,355,335,-50,-44,140,198,76,-101,7,177,-74,303,159,176,357,-44,90,284,-123,98,213,382,321,388,262,14,-103,333,7,0,74,109,236,105,-90,245,246,11,229,292,1
198,-120,-80,246,287,-149,-16,-5,28,113,160,53,-121,-92,-142,173,16,186,228,91,9,84,302,48,326,-118,257,-62,70,-82,143,86,9,139,382,184,351,95,172,178,396,188,20,-41,-141,51,106,111,279,356,-85,-116,340,103,-134,110,105,273,350,135,-144,346,48,267,-99,92,68,367,-42,200,-85,-141,51,63,-83,176,-101,-134,372,155,241,-27,353,74,167,322,390,207,332,278,346,321,149,-67,226,162,169,53,204,143,353,-6,388,-134,-112,-21,-36,299,-106,65,264,114,289,230,150,20,255,204,10,-125,-68,22,-81,-145,44,374,-88,-138,54,-111,14,-120,378,247,308,72,-73,277,274,236,88,-61,234,-12,373,93,354,271,31,44,-98,28,142,224,-92,-97,94,-2,217,-135,25,389,255,316,-22,72,93,275,203,175,-148,328,-70,-107,4,385,-52,246,3
20,-3,-28,-39,-21,-83,394,135,-146,-33,79,9,143,35,73,1,-11,216,-23,200,-4,134,318,67,285,-6,126,-91,224,253,-37,344,185,134,-22,164,-80,194,-53,149,25,-76,-8,-128,30,-106,318,-59,118,-117,213,-18,231,126,5,236,384,49,124,350,308,-101,381,-59,305,188,-98,345,-147,130,139,-78,-14,242,57,109,112,354,399,52,196,-99,205,368,212,-106,227,261,-9,107,-114,-106,-105,150,137,118,-89,91,203,-80,262,-90,301,242,378,154,40,-73,374,150,-134,283,-108,-83,229,61,52,-42,133,74,-33,189,130,340,-132,24,318,-9,312,147,319,222,317,287,292,305,97,-9,251,71,33,213,37,-38,30,48,-81,334,248,-141,-148,327,-84,-54,380,167,-53,-94,-44,-63,220,224,-99,-110,-60,-112,-138,-47,-108,58,325,-42,63,258,-74,-56,118,210,4
379,11,314,397,36,-99,337,380,245,-59,206,-7,48,172,181,113,66,283,309,352,318,215,88,245,244,-76,-53,232,219,134,105,158,25,77,196,191,88,199,304,290,364,-70,210,137,-143,-64,135,248,-77,288,-28,226,-8,7,279,297,259,220,-42,-115,-61,264,145,-105,337,19,-5,269,-148,112,170,95,326,108,-58,382,188,109,86,-10,329,199,-21,386,-140,106,218,243,268,-132,-41,286,354,-117,137,104,-17,348,246,336,62,199,-132,-32,151,134,76,356,350,61,205,336,170,72,40,349,344,86,-129,176,394,-24,214,-107,368,-23,-21,378,170,35,197,330,210,136,31,300,-54,163,395,-130,346,252,-27,-32,326,-48,182,308,-21,-17,6,274,284,238,167,354,39,260,-99,295,293,231,223,224,238,328,253,317,354,-68,168,-84,263,302,47,108,147,129,5
149,-22,347,287,141,56,143,-122,28,-110,319,41,193,127,204,378,-65,166,186,-6,164,74,272,-97,-83,183,-74,388,4,-79,350,296,208,126,162,-46,-56,68,-23,49,181,396,141,-85,253,-5,379,251,-26,363,181,329,247,-121,-95,-19,80,244,1,351,355,235,382,297,-25,338,295,319,198,357,306,234,297,-36,301,-32,-58,370,387,282,-6,-83,-20,130,362,-150,281,240,115,248,105,244,23,-106,-10,388,-101,-90,92,118,-11,6,125,-120,-143,-118,301,298,-114,-117,304,293,86,61,-11,210,153,145,1,72,45,148,378,337,60,81,216,330,28,333,344,396,-135,315,251,143,20,-119,112,64,38,110,31,354,191,-129,-77,15,83,224,282,183,389,-116,293,80,167,192,279,315,-72,298,131,-94,40,312,-109,335,22,99,359,351,42,14,-61,-93,112,92,4
68,-142,279,-138,74,-84,352,33,57,377,149,90,304,379,93,87,95,194,333,159,133,-113,-119,92,141,141,231,-13,49,184,296,197,127,381,248,240,-141,398,-92,-63,308,-47,-47,103,184,312,398,150,190,341,-67,108,209,-64,277,216,192,196,-55,104,-15,97,348,335,251,261,297,96,270,-27,109,18,-40,139,-138,112,-128,49,91,88,152,14,25,-122,384,143,326,232,145,183,97,90,-45,-28,-116,265,176,144,281,196,-114,361,384,-133,-124,385,-122,-34,-19,138,85,-109,9,-26,109,125,62,322,280,-71,77,-56,273,365,14,275,-109,252,265,149,-96,185,279,183,255,-121,384,366,70,343,102,170,-112,314,260,261,341,287,328,-79,69,-147,139,229,204,-71,-85,-15,248,196,-92,368,86,-72,-36,311,-25,349,-49,23,301,-59,234,54,212,347,386,83,4
-135,-10,269,305,149,188,152,-75,165,349,-76,215,395,245,80,-123,324,144,276,-60,-36,8,107,222,-61,147,-120,207,319,-23,119,347,262,58,155,40,206,306,298,-83,316,209,236,-23,334,93,-132,245,78,217,-93,130,-49,-103,-92,10,-48,261,32,266,-35,248,286,167,99,296,346,192,276,89,-92,376,52,315,145,136,-78,372,186,167,52,80,-94,269,129,154,315,23,115,96,-73,102,324,25,270,310,103,369,-44,20,-93,186,191,139,-67,-34,383,68,-49,305,375,115,136,-10,255,142,-120,20,204,54,327,140,-40,-83,222,45,-25,111,4,-43,272,-116,-107,265,134,296,367,-124,76,274,217,159,-46,-133,54,-108,-62,6,115,-17,313,-19,-117,-68,-19,277,53,185,346,291,107,141,-26,24,341,-71,154,359,193,-60,18,183,85,248,326,384,-63,102,5
207,-93,248,370,374,266,242,71,178,221,360,2,329,-131,77,195,-132,293,217,-4,353,279,289,47,136,218,89,136,244,367,-91,394,152,93,56,224,132,327,-129,198,338,107,-104,-124,-124,246,-6,371,-30,311,231,267,176,240,146,-67,-5,20,183,273,158,375,196,151,196,257,-18,-45,20,99,393,111,343,93,300,139,112,163,-66,264,178,-106,182,314,49,50,178,89,208,209,227,234,314,71,214,-79,89,353,263,-24,336,376,97,331,161,293,132,-149,-77,-87,196,173,88,246,186,190,128,202,312,311,142,256,11,352,297,304,114,-19,-31,68,266,354,149,-42,87,142,36,-115,105,284,-143,27,91,-110,206,-38,15,353,-73,45,251,-87,274,-109,222,155,58,316,153,241,2,211,113,65,392,373,43,-124,-105,-93,-138,-102,-57,300,228,-141,365,73,4
230,390,151,52,45,171,267,191,238,-142,381,-2,232,378,-139,325,-98,285,55,-97,339,193,18,10,376,376,136,261,371,48,10,238,323,230,-27,-79,17,133,343,-115,24,48,-35,164,69,-17,-29,270,341,138,-98,54,197,-100,-111,99,67,28,32,13,226,346,310,323,-114,168,261,205,78,113,336,201,291,308,-126,-20,219,285,73,201,334,46,-42,69,168,-69,386,281,-143,-2,-53,-50,216,311,263,108,205,-140,265,99,399,-29,-86,151,-26,161,40,299,8,202,112,255,-134,109,204,338,63,88,29,268,-8,166,93,81,152,180,97,132,136,-119,349,379,230,-88,-23,377,12,100,144,28,78,243,245,-79,167,228,-15,227,-32,379,372,236,118,373,396,335,287,-40,171,376,26,387,322,237,-53,260,224,19,-95,174,109,189,253,381,23,387,9,-141,5
105,193,385,222,284,-105,-96,-73,340,121,399,-40,-136,-73,350,267,124,343,46,225,-88,210,393,-41,43,368,308,150,345,-2,310,-12,141,184,33,156,111,159,193,273,363,373,110,211,18,49,234,161,161,244,200,-123,-18,229,377,136,133,76,276,-124,181,-34,-62,-29,-118,247,374,-127,174,-117,96,-132,-121,-102,29,219,244,345,280,56,-116,262,213,159,128,1,76,92,-141,241,-103,53,6,-125,270,113,378,319,103,395,-4,175,187,-33,14,399,47,223,-22,263,229,-150,16,-135,-39,217,-49,255,356,-111,397,230,365,346,130,200,183,373,132,168,263,-137,-95,252,191,48,141,290,-73,-39,384,224,-35,-9,46,389,148,-75,379,-51,328,317,141,-26,368,-128,11,355,-130,313,332,351,158,52,265,-9,-44,378,386,140,160,234,-98,32,218,-138,9,133,4
136,-143,-79,-53,-64,-50,130,138,45,240,299,217,279,-55,110,361,-30,215,181,-99,245,167,126,43,-130,248,51,315,0,8,159,353,-125,-85,112,321,16,3,192,262,33,43,-149,64,332,-119,-136,167,92,-134,383,-70,285,-143,136,35,373,271,315,-68,332,174,268,-100,-124,394,-89,20,135,-34,-147,-85,-91,351,78,-51,-32,-82,70,72,353,60,111,367,97,106,-88,241,389,266,-98,-113,157,-98,301,310,335,-14,221,105,244,-114,-4,-143,100,296,112,288,108,172,379,150,334,-59,13,184,164,87,-68,-42,27,99,-60,188,18,-12,366,33,19,211,93,-13,-123,368,247,182,166,275,-15,116,-44,-13,-104,217,-145,372,378,121,-85,269,188,347,318,180,-20,379,287,92,312,199,-134,315,212,59,374,269,-18,-137,-107,226,144,245,-47,294,-89,261,170,-20,3
48,-115,65,155,-139,-68,-119,257,-65,260,105,90,301,-150,131,363,-32,354,-71,68,366,315,367,351,-93,186,359,275,219,260,281,45,226,214,254,341,-85,240,-68,330,78,74,-38,34,361,22,372,54,387,168,8,127,-3,-68,268,387,398,241,-18,91,300,49,-34,68,154,92,141,150,237,58,163,-125,-72,-23,262,-14,183,397,237,79,270,-27,-63,-10,-100,254,186,215,107,237,-106,118,160,127,324,-6,84,-15,294,202,243,124,233,172,32,289,-88,-117,326,-64,59,311,-70,171,264,39,82,241,18,292,17,80,-1,399,235,230,124,-89,316,377,-1,-9,-35,-86,278,159,279,10,155,210,127,145,18,308,-144,-19,196,102,259,392,204,217,360,382,377,377,251,24,-73,289,398,81,249,62,42,116,-25,231,393,351,252,110,236,261,195,-57,177,-51,4
310,164,-126,343,202,-34,48,128,-72,273,203,375,390,326,-141,352,109,373,-145,-116,24,291,-4,42,-138,379,95,-37,82,171,387,-25,162,360,333,130,132,241,372,231,65,391,-35,358,349,120,289,140,-112,-127,-108,19,189,18,387,321,-8,-50,324,160,-91,-122,380,-78,243,243,330,322,162,287,173,-64,208,46,234,-33,347,311,345,96,83,266,316,331,214,2,121,241,396,279,38,101,244,68,39,83,81,207,327,278,86,-118,62,228,-149,299,276,128,63,134,392,123,-140,-104,364,287,276,281,-21,-129,238,-16,381,69,182,-21,-119,274,147,353,206,304,250,304,-117,97,-109,-28,-124,311,-4,345,335,309,-23,225,-68,384,372,-48,368,211,105,96,41,384,163,125,222,293,44,107,209,397,-43,-127,314,-129,351,350,256,179,135,-4,233,-140,125,152,1
53,194,115,-129,385,-55,294,112,232,399,241,389,-59,8,77,322,221,225,-114,-114,-50,392,39,361,-61,-145,-12,-56,235,-28,134,215,339,174,256,368,-74,83,333,313,120,316,318,396,119,227,26,123,-124,-91,66,119,-35,94,-66,299,385,-62,398,356,257,120,373,343,297,392,199,177,135,-116,382,337,336,-6,373,-5,352,376,121,383,-56,296,264,106,111,-64,285,-43,-132,214,228,9,-51,114,-102,264,-92,32,296,150,203,62,38,196,-14,-121,-5,317,352,40,320,194,-150,-41,-87,-98,111,378,151,83,-78,206,333,-145,-14,253,55,259,-115,79,76,111,-20,297,35,35,123,201,262,0,233,-115,175,314,315,-56,-17,11,149,205,89,16,-11,-12,84,-148,105,220,127,365,61,65,119,325,377,-87,309,-135,-132,174,-58,-134,337,-57,-141,377,338,-7,1
364,319,226,343,333,301,385,-76,-111,151,-89,352,94,-133,247,38,-47,193,220,-118,223,27,-139,305,98,297,-147,85,22,171,220,397,145,249,-93,379,397,257,362,-87,269,-5,121,-134,-53,301,92,328,50,322,28,357,302,119,83,335,187,297,206,-102,345,195,142,-1,394,109,171,-74,-41,396,272,243,84,179,174,0,395,-119,121,217,341,165,217,-71,21,107,128,353,340,186,370,175,21,-67,373,330,393,267,188,169,153,121,-37,256,-125,86,159,82,398,114,-138,345,165,233,165,105,290,-36,148,-27,105,-104,312,199,-28,-120,-96,2,305,135,-115,105,27,397,103,357,-130,-76,309,27,231,-114,-31,-150,160,57,3,164,156,353,369,-54,339,-144,-139,363,198,-144,349,324,373,-94,82,-121,216,-95,-141,-4,213,102,102,292,189,365,202,172,-11,294,2
-56,269,363,-1,200,-35,86,119,140,283,-142,324,371,386,-140,176,125,219,339,194,217,160,334,-136,-147,225,218,314,382,-14,212,65,217,-34,28,95,-23,207,-73,142,-69,191,187,-55,-6,370,246,206,35,392,0,168,-92,-141,-27,205,195,86,182,-134,273,173,-128,308,309,370,270,252,180,306,332,347,-124,246,37,-11,370,-59,-74,93,-63,143,-56,102,248,-97,92,-41,70,11,-116,-114,219,26,370,124,-46,5,185,-125,145,386,204,-82,176,0,169,301,-39,311,211,52,336,329,-147,-22,-125,-124,-109,-87,-126,-79,331,117,-56,244,213,164,-34,13,155,49,29,207,101,148,279,-147,103,-55,16,180,-89,23,102,310,64,88,264,-25,102,46,262,305,-97,188,208,0,-51,83,393,-89,45,391,-45,144,300,383,5,255,224,304,51,301,36,217,189,111,1
392,155,14,-63,49,120,-100,338,47,-128,72,70,115,-78,-74,393,284,-86,206,-133,285,290,-142,319,197,221,24,364,-21,142,202,73,373,358,217,349,-61,-79,282,197,112,120,358,357,269,-79,-77,352,-5,-105,-46,-42,166,-30,348,-108,-52,160,63,312,272,238,-39,121,-49,59,-129,8,192,249,303,-8,246,385,-10,89,141,-69,20,375,391,-41,61,287,171,-67,225,-98,345,105,69,-51,-22,68,326,307,-129,178,329,188,28,270,331,-102,-121,-66,351,395,178,283,98,-17,214,274,264,361,234,237,298,152,-52,155,-109,317,289,176,-118,261,-37,357,-95,201,178,395,119,45,262,-72,-68,-14,388,155,160,237,398,355,237,142,28,278,373,161,-71,-137,-97,296,-86,221,352,-55,382,109,97,-24,348,-105,117,391,-57,165,-80,298,216,259,-60,358,377,-41,3
-62,121,96,210,227,55,194,304,-84,-108,78,293,83,48,346,-119,113,-38,308,125,-5,206,-145,189,343,-43,-80,189,-51,176,-118,-8,93,66,283,-97,0,-96,366,297,-116,-32,46,363,271,366,-12,-107,68,107,362,226,138,319,-48,-2,-67,-125,24,271,195,151,147,-16,-96,-95,223,188,306,204,-19,342,-41,-25,145,28,46,-50,32,-142,262,-47,-25,395,119,315,-33,-59,334,-64,83,-27,52,-119,206,312,-57,371,257,-51,93,-93,206,340,169,-132,206,-34,-15,145,374,-50,229,4,-46,375,-23,250,378,399,-27,209,-87,-49,126,76,-128,-87,6,239,-2,212,313,248,254,-19,46,-116,269,226,248,69,366,191,265,305,146,180,188,147,161,-96,383,-46,24,143,224,299,294,-91,241,239,61,384,89,337,-29,102,-10,301,2,157,166,378,145,194,131,57,5
-55,301,222,-78,182,242,-45,-50,208,178,244,-116,6,122,245,56,155,385,311,101,116,58,388,352,363,-3,-68,-109,5,302,133,37,323,356,-18,120,-78,285,142,286,-91,176,31,283,368,-68,-123,115,132,246,232,168,42,76,300,31,176,52,251,321,28,-133,312,395,252,242,149,200,36,196,258,-80,176,61,158,-43,26,276,380,267,97,58,65,287,160,232,120,-30,256,94,-85,77,-14,43,338,203,6,325,-135,-73,-99,363,353,-90,-19,231,392,259,4,-100,-56,372,373,204,-106,54,280,105,97,382,-110,308,126,44,-80,119,184,157,276,48,-75,374,79,-66,11,246,220,64,-150,226,261,49,32,259,247,65,198,-110,-148,-57,-92,256,-133,343,357,181,18,55,370,354,195,153,-36,-64,-56,277,299,390,-149,-73,173,-53,-41,306,337,220,186,-129,4
154,121,339,295,127,226,81,275,-96,290,-117,178,303,237,279,325,-26,372,331,166,-29,396,162,336,-139,-26,-74,85,103,255,92,310,126,318,69,74,-50,356,180,86,188,355,14,67,225,-139,281,-68,280,327,218,-10,305,351,252,137,204,192,-2,59,-39,385,-102,180,214,-140,37,358,294,-61,297,-119,176,-77,100,299,204,382,145,147,177,151,361,187,223,-57,-19,-98,345,78,61,353,344,82,-80,38,-143,181,-135,-58,111,398,10,200,23,166,-133,335,216,200,377,284,119,-83,-121,165,13,169,-137,128,281,112,371,21,207,-138,81,325,320,9,110,208,104,364,129,-34,11,147,146,207,367,227,275,386,18,364,213,279,-68,179,-18,306,202,193,-57,231,144,47,-72,63,8,50,-129,188,91,87,-2,-144,82,-74,338,-64,71,262,51,125,70,6,2
30,-22,92,21,352,329,119,270,12,-127,346,42,239,346,-22,392,-115,306,210,64,136,218,318,35,323,-90,111,-40,-10,384,-72,343,-120,365,358,-85,359,220,136,25,-28,80,-147,261,99,336,194,182,302,7,119,267,289,-122,184,87,2,-36,248,-119,381,-98,44,154,194,-69,-150,16,166,32,122,222,211,50,41,190,148,355,-11,155,45,-90,209,156,329,182,-68,183,366,323,243,229,-130,26,212,-129,397,99,-78,-60,25,-25,53,95,120,-107,397,17,284,-121,206,340,97,102,231,385,268,-28,143,-8,360,-94,-109,-30,192,181,305,286,190,190,265,31,113,59,372,31,293,100,-13,67,303,-64,142,-59,57,53,35,-66,5,142,382,10,235,334,352,5,-8,133,-116,73,242,257,237,146,172,337,-112,354,352,386,165,345,-34,191,89,294,336,260,5
147,-99,153,137,-33,273,58,-24,142,368,71,-74,187,124,-34,141,120,296,6,33,273,-135,-53,149,271,156,123,110,88,181,-36,117,-139,-78,255,27,108,249,119,335,-92,115,-76,-61,354,206,3,67,335,389,-21,-85,-7,229,162,256,256,126,258,163,398,98,310,248,300,320,283,295,-48,177,95,-93,-46,-82,151,2,386,-116,-136,-45,-77,134,399,46,129,2,140,-9,161,-119,-125,104,-95,142,79,-98,-50,316,116,-149,-129,61,85,378,237,-137,368,71,252,362,136,233,96,-60,161,286,-108,-77,165,-7,178,58,-52,-37,24,120,-88,253,74,10,-115,230,167,305,118,193,-111,263,229,71,130,74,306,3,129,202,-112,338,47,125,21,357,254,120,-20,234,246,145,232,361,244,109,130,205,269,41,277,197,278,241,190,396,251,-104,274,366,177,-64,1
364,14,72,146,300,192,190,310,241,386,270,230,-146,-147,165,-73,380,204,-118,-12,121,45,-24,198,-107,93,-142,-72,39,-65,334,120,362,-131,338,-21,-144,159,322,-49,187,168,362,-126,279,-8,-2,-96,320,212,58,34,-86,398,-39,112,-75,145,27,-150,-3,-22,362,351,-2,118,-46,315,130,256,207,52,130,106,-57,173,211,200,-89,36,391,153,285,62,255,-17,68,270,168,6,37,325,11,-22,153,-62,11,-115,76,0,-104,80,388,14,-85,-71,-11,249,-21,295,-122,51,86,188,248,288,138,101,-51,271,-133,320,-144,268,229,357,-37,360,318,-58,341,-49,342,385,334,328,16,-11,-57,30,-147,238,121,-19,361,-99,139,295,86,340,129,-107,208,375,311,-50,310,117,211,257,-114,317,108,358,158,122,-41,109,117,-119,26,-47,85,-58,50,-116,-34,307,3
320,248,-34,211,53,-5,293,146,336,80,52,211,244,97,289,245,205,250,90,190,78,392,388,378,116,-22,69,-69,-131,176,-114,231,-112,-42,278,-87,24,-119,380,-45,331,55,96,-62,165,-140,-102,20,-8,56,312,358,50,-146,60,-122,39,37,-1,374,215,6,-71,122,367,81,9,193,138,54,154,209,249,298,-45,-69,191,270,-102,55,67,285,171,80,336,278,133,335,125,282,34,65,-54,-32,214,252,246,307,167,231,-9,306,350,172,117,336,9,-137,4,-50,-108,42,160,314,12,200,83,252,200,16,-3,-123,108,291,376,60,392,294,302,253,-85,254,284,77,325,317,-50,272,205,-12,-20,398,317,329,-40,2,91,128,212,257,24,-16,355,143,344,268,55,167,-78,108,207,-3,74,-46,205,387,110,-81,296,296,106,380,-32,-85,94,-94,-107,373,1
273,385,244,299,106,210,229,292,383,323,6,-62,51,311,330,303,319,229,250,-72,235,192,294,-99,100,178,343,199,308,347,-26,53,-130,211,210,-35,-96,141,-100,103,341,74,318,-48,-103,191,82,77,371,-138,348,294,189,173,6,280,256,7,34,340,385,206,211,73,53,-143,321,21,-55,155,107,323,149,314,177,-41,-22,-14,388,13,198,312,353,0,95,-41,124,-84,-101,364,75,355,4,329,-40,332,123,4,16,-132,194,143,311,187,301,193,-66,238,76,135,133,-42,-16,140,357,-122,243,-124,316,-138,294,73,312,-130,236,175,316,371,74,324,307,62,330,29,387,376,-129,194,-130,257,336,377,265,121,54,147,-43,1,-138,-72,18,98,-30,236,288,121,149,322,7,76,270,-127,387,389,-23,-57,270,121,333,-146,6,-99,92,269,274,-71,203,142,2
-35,378,329,137,326,-126,280,127,166,207,125,193,280,288,311,119,280,-130,-8,202,314,317,362,313,243,-93,-25,310,-99,118,-55,122,172,-18,-62,-146,206,192,53,320,313,346,-88,88,389,47,-121,58,-88,-94,282,157,315,-44,150,-105,-74,18,-22,117,268,10,-93,233,359,279,189,-125,221,-115,380,116,281,-132,188,-11,-84,379,218,110,52,259,-71,-38,-14,38,126,-48,-44,22,180,40,74,172,357,397,-17,-114,-58,-76,32,308,258,56,94,182,374,143,122,228,-125,393,-60,325,37,44,383,-66,-74,179,232,282,226,190,26,275,273,23,255,-69,-130,247,179,74,251,287,121,129,72,358,191,-109,25,94,102,123,183,-140,1,38,60,-54,188,-104,-94,-76,103,19,-5,-118,364,106,-25,-38,191,-103,213,247,44,170,-13,204,-81,332,-92,238,200,188,2
285,299,226,240,330,-37,21,-133,84,159,130,45,-36,246,267,133,177,190,70,-142,-69,143,224,383,264,-52,231,353,296,193,274,155,-3,303,-118,350,168,42,29,367,240,370,206,313,-52,-3,165,31,396,152,-147,-44,-76,-111,-32,-78,53,-55,128,-8,-36,325,-18,17,94,126,108,-105,195,86,-98,-3,382,-61,82,-100,243,63,300,188,200,134,94,399,75,290,323,293,261,95,349,399,-34,213,53,200,168,208,366,338,-44,21,368,377,169,-114,348,114,251,67,179,35,230,58,137,-63,-15,7,4,312,69,308,16,171,361,-64,394,124,-10,202,-146,231,183,324,-121,196,342,344,237,102,-121,191,136,246,358,93,70,5,232,169,222,380,64,216,-37,49,-126,-30,-148,294,103,-131,53,206,-23,207,141,23,204,-114,159,-67,359,293,269,54,337,-63,3
101,-120,270,-90,75,184,-40,340,121,-117,61,149,222,-26,-48,-31,396,180,158,261,248,155,12,-86,65,-125,-107,-61,-18,10,229,110,232,218,-40,-74,58,-138,397,-126,395,-11,124,219,71,-114,-22,165,172,282,67,97,-40,-4,193,358,354,-17,313,40,12,305,-90,-146,-114,309,66,-12,-52,113,73,-140,176,199,228,80,-10,-102,300,340,54,258,256,-100,24,110,329,72,118,167,234,68,-97,49,188,154,94,57,360,108,229,12,190,379,-117,172,30,196,41,95,94,-18,46,196,-102,-87,-47,62,366,-32,91,129,273,212,155,335,163,362,16,243,-88,121,-114,-135,192,195,388,82,265,116,175,292,-75,96,162,192,31,248,90,141,-97,-6,205,326,-129,180,141,85,-122,9,379,399,-50,139,226,22,192,40,288,192,-26,209,352,22,243,310,-31,122,4
207,235,168,110,130,178,-27,325,127,-58,396,-23,381,16,85,-119,80,40,357,306,104,128,-95,-45,41,127,393,24,-66,65,-137,-114,-124,-81,3,287,120,390,-77,-2,355,-141,351,-89,237,81,377,399,294,170,-68,283,-134,218,104,305,382,241,169,69,263,-119,-135,258,22,28,346,-47,166,30,-19,4,208,84,14,276,337,62,6,-76,284,27,161,-24,226,194,74,-134,346,322,160,-14,324,66,45,50,215,377,249,374,63,190,178,-32,274,222,28,281,251,243,-72,273,-33,217,-45,-46,152,-3,-1,105,-69,-135,42,-77,126,-90,385,384,192,244,107,47,-98,120,50,245,227,384,-63,247,31,132,382,39,54,-107,149,128,234,160,377,123,331,300,381,380,374,-134,-121,319,153,-58,11,177,103,289,393,-31,363,398,-54,219,266,106,-23,208,5,-94,4
-75,7,-66,171,158,379,133,-109,-17,253,342,71,78,301,155,-32,173,8,88,245,169,38,158,98,387,355,243,255,30,-130,4,43,73,248,129,-141,225,321,1,-27,273,372,362,20,-26,24,353,234,-45,377,-113,244,326,316,354,164,134,313,113,278,214,30,93,162,-75,111,80,229,158,237,174,305,361,192,365,291,398,111,312,76,372,38,58,-138,11,342,284,-146,51,265,-139,246,190,222,227,74,31,146,156,280,-33,201,-105,76,205,143,89,197,-10,53,118,162,267,-14,200,10,22,-21,-72,-94,249,212,184,-17,-137,132,270,-24,67,338,109,67,338,292,-52,31,18,82,-58,321,365,-66,368,230,256,81,100,-66,168,42,149,207,302,355,-86,71,315,-79,323,-132,371,264,213,377,-71,39,-3,292,114,358,150,315,214,248,342,391,329,17,3
-60,149,23,222,-127,50,-144,-145,10,97,15,277,-6,360,392,358,69,-75,168,-113,363,95,-11,107,230,327,34,152,343,13,52,257,59,-50,295,217,88,140,221,280,129,316,165,-74,0,245,345,146,256,136,342,385,305,341,-142,-19,-74,-20,261,-61,347,203,120,241,281,321,157,357,-96,-114,-96,373,312,327,60,75,-144,389,61,38,-76,-37,0,285,-67,61,310,26,161,8,35,320,158,95,233,-109,134,149,285,218,335,285,277,30,189,340,344,12,305,-59,-46,288,347,177,390,358,100,40,-104,100,-87,169,373,141,-122,286,-104,266,300,-77,-98,82,49,398,-54,-102,371,-111,2,-45,60,51,282,-4,348,131,159,-100,344,258,122,307,-31,-105,92,160,180,-140,273,-103,226,-143,375,219,289,333,122,-20,370,-37,381,348,188,-130,-118,-18,-125,213,2
-59,394,87,-133,123,138,-124,283,-43,173,380,-47,181,211,138,293,-114,197,-108,-25,-142,375,-20,174,33,131,-98,382,226,144,57,326,-82,286,150,-124,-45,-140,65,170,309,375,9,313,371,122,90,16,176,378,122,225,224,183,-148,92,-100,199,23,-35,210,204,-75,-70,78,-79,252,67,301,216,161,147,-127,-41,-99,139,293,316,108,173,187,271,108,-86,12,13,-112,169,209,118,173,175,106,49,287,-47,221,13,-38,398,-45,213,-130,-22,332,48,370,269,75,58,94,137,-85,2,340,284,67,278,351,70,284,129,-59,373,-12,-128,266,197,86,32,357,47,-28,395,230,364,-145,153,41,225,374,-115,-81,138,-46,162,-96,-44,156,-115,-18,-126,-114,-132,-116,212,267,279,367,316,48,395,60,350,90,19,143,164,-24,317,216,-130,165,-61,253,367,300,-1,2
295,-71,-134,-13,357,-77,-77,-101,-141,-48,237,234,148,188,238,323,-9,19,-138,298,23,-19,389,118,100,219,375,355,27,396,108,109,-16,310,338,-70,216,-92,-77,88,-22,261,164,223,286,-13,304,-142,81,246,167,356,371,-64,167,182,209,90,-95,-41,-102,-135,-78,51,-58,-118,268,52,161,318,243,60,5,171,284,-111,-111,302,39,-136,-27,129,-103,38,153,-46,218,350,309,96,113,55,356,379,213,189,256,302,-1,42,-4,255,32,-45,85,28,281,250,374,389,172,110,248,186,149,-32,262,233,329,154,45,182,-131,282,275,78,373,66,224,-115,-123,221,-65,37,154,271,-71,35,-146,346,358,-149,66,386,106,302,273,173,348,46,353,121,-133,-44,378,-26,332,-147,200,200,77,-135,274,313,95,26,392,358,82,-113,340,293,-131,-40,336,-62,168,-33,1
283,88,-79,248,253,100,44,71,31,105,-63,341,185,387,256,138,211,290,-121,397,72,-27,64,-33,76,293,398,286,-139,-29,396,338,100,331,399,129,186,17,177,95,150,49,349,-138,215,-54,-80,206,393,99,103,31,15,-147,312,-6,14,193,-46,397,163,18,369,285,361,258,285,164,391,-88,-119,60,312,-71,192,81,-22,-132,206,268,-70,-33,343,341,74,268,-14,75,183,78,172,-43,294,-144,-23,202,116,63,96,223,270,-110,197,-8,-10,-44,-118,49,-32,78,34,64,-21,121,-143,252,218,386,-98,96,186,130,-118,397,192,88,341,26,-107,153,118,249,280,270,-20,259,74,-8,389,-26,61,277,286,87,177,-32,-105,-67,201,-138,21,83,30,-100,244,278,123,56,-3,149,302,398,232,383,82,-22,86,334,90,72,-52,122,248,366,279,372,197,300,1
-109,-57,335,366,-1,348,220,334,232,41,70,-104,-24,-144,-35,215,-105,242,-128,-20,-24,294,158,282,322,-103,-69,-42,112,-120,207,329,38,-146,135,243,304,275,-124,-24,-16,384,180,241,-143,110,48,235,321,28,299,89,373,32,207,225,387,-69,207,34,137,-89,356,311,-121,-120,142,22,-23,-65,164,-123,-29,100,252,292,121,-38,243,-132,314,40,342,12,144,-78,158,151,157,-27,110,44,200,338,49,357,295,-71,318,291,121,192,-27,72,339,146,-32,-75,107,381,200,126,104,113,-122,316,-116,143,52,-83,-20,-40,373,137,-108,143,134,-132,356,396,-103,68,37,-120,108,193,157,-80,156,-52,-130,-145,80,-69,66,184,308,-64,364,362,327,347,298,109,386,49,312,-57,201,-43,204,318,-56,-60,-107,305,233,-128,-128,83,160,266,182,-48,349,332,38,309,2
38,200,-37,-47,357,194,-130,236,58,332,322,242,365,37,195,201,390,-104,-74,192,40,392,-115,273,200,37,376,183,332,65,7,90,145,311,-106,344,24,195,-95,190,-43,63,348,246,399,346,22,-46,328,248,283,43,315,190,-92,387,327,-48,382,171,398,-137,305,70,240,22,-70,185,74,-116,37,73,343,160,370,389,218,324,-120,81,346,24,147,214,-65,-62,-97,210,325,78,383,222,318,269,381,249,33,-61,232,218,-77,118,-136,178,241,283,193,44,-115,54,-94,-41,345,74,235,-87,201,312,169,206,-58,149,343,238,283,-49,227,187,341,-91,358,241,-32,320,177,-130,-54,362,199,-19,395,-119,108,325,-118,237,305,-7,73,66,5,369,-115,-142,-111,318,28,350,222,-83,273,364,213,300,365,178,219,236,396,-37,-113,394,226,248,52,51,-51,247,3
299,-33,270,92,390,76,350,62,-38,222,148,-132,-140,-143,2,399,-16,222,310,84,104,177,211,223,58,116,355,270,157,-14,268,44,-56,339,107,-126,81,181,70,146,52,192,54,-74,399,-109,304,31,44,237,-10,-124,164,170,297,142,85,306,-84,25,359,-60,15,287,-100,115,370,-64,-99,28,127,88,188,-79,223,366,87,315,-30,262,-108,353,46,-79,-60,398,340,232,315,3,19,121,-41,0,280,300,-128,216,88,283,-24,390,47,331,28,372,286,163,-132,9,-29,-79,-96,309,18,-2,-125,97,76,333,-141,-56,-30,-25,398,-82,146,350,-106,231,-124,346,-15,-102,356,-30,66,375,-108,-55,-124,91,336,89,153,-84,130,41,-32,1,241,80,200,378,20,-19,206,-109,154,-145,178,19,187,-82,388,356,335,292,-100,-2,-59,217,-75,-65,76,212,-127,-123,3
-30,339,194,-120,76,99,-101,238,137,324,-145,261,173,248,131,40,349,283,-88,302,342,291,156,-25,114,-144,262,55,28,317,345,292,77,-5,145,90,136,-125,301,-45,89,267,181,-109,-116,196,233,362,137,-118,-56,54,-121,115,-128,-112,22,262,263,58,-129,-146,63,-12,166,5,273,349,-60,-109,144,186,-150,-42,-26,-87,55,264,93,65,377,229,-72,264,302,-2,-113,6,182,137,-39,-60,-102,10,365,251,169,213,291,324,161,381,69,346,192,-57,-18,350,21,-142,170,-53,18,160,192,279,349,134,109,344,204,63,49,85,-15,271,190,191,379,237,-147,248,271,260,62,-103,36,351,380,324,-109,110,-103,295,70,192,87,4,-95,236,164,-113,190,80,301,191,302,106,283,58,50,-14,243,-115,64,-124,-133,-14,-121,-78,-28,77,187,122,286,-112,275,164,4
358,6,106,305,-104,181,-141,-7,280,1,336,-15,-125,-144,-136,281,249,56,65,351,308,108,178,303,224,313,-76,91,-134,108,-28,160,-40,105,83,346,-111,-29,299,368,-59,210,-28,186,362,277,282,-144,-31,236,199,-53,-108,32,84,295,49,362,375,62,227,395,335,210,17,253,-14,82,-36,101,342,138,-102,301,365,121,280,-125,-81,142,255,83,80,112,-30,312,367,-127,226,349,286,348,23,358,159,-81,54,190,-119,-108,-33,-136,171,186,381,230,360,-31,-125,383,-87,309,163,65,305,389,322,208,-25,-64,192,244,333,305,325,59,374,156,-75,-129,-91,235,-95,17,261,40,331,265,189,108,199,286,71,262,199,331,-92,1,389,74,167,128,323,-127,368,217,184,282,-148,107,112,-30,-130,-11,326,138,55,-108,-33,-146,56,194,-9,221,81,13,396,213,2
184,-140,257,-76,149,230,-123,312,245,225,270,213,65,-50,-58,115,55,-71,-114,-140,-61,-132,223,-57,-119,-11,-130,-2,70,68,390,-93,274,124,-11,-128,227,222,-88,191,16,0,372,350,197,121,279,82,57,302,350,68,-70,398,390,100,264,-65,66,45,146,-107,242,292,-61,4,327,-92,-41,328,-102,226,-119,335,380,-148,227,91,390,206,46,268,122,351,-116,310,102,361,-103,34,340,122,376,-23,59,-9,22,296,-32,-140,153,3,172,386,294,191,70,-41,259,267,354,-111,358,308,112,-33,299,263,375,310,-33,66,-74,270,21,239,-125,-23,223,-127,319,272,26,387,115,119,178,304,144,-29,8,27,177,156,-62,-113,195,101,-2,-135,216,-33,166,137,200,146,43,241,292,130,150,275,99,364,255,93,216,-31,289,353,282,32,310,-33,-120,-2,377,122,3
234,-49,-79,257,196,216,398,140,271,30,-37,87,-57,109,-44,93,272,184,-128,120,-11,315,303,233,226,287,271,5,184,380,-19,350,371,-11,-16,256,-57,90,14,174,67,80,28,-71,203,10,276,252,-119,-30,364,234,274,325,16,238,182,372,320,373,-98,-130,-132,305,171,282,-92,0,289,-93,142,31,-73,-46,110,72,333,-22,168,358,-131,84,199,302,358,272,39,-26,-145,307,371,-62,-40,246,-140,346,-135,-118,338,37,307,-100,120,313,-108,388,-30,165,-36,303,369,186,89,235,-6,226,-147,177,46,238,110,-57,106,-15,374,347,27,-39,113,263,218,227,232,360,226,394,-78,353,201,174,237,89,-77,-120,328,-137,165,-83,387,140,-127,264,-115,-50,395,-112,60,21,291,-92,259,383,214,216,193,145,190,372,114,373,-113,-20,231,74,-8,280,238,-97,5
-127,244,-32,34,41,336,233,195,322,-148,-101,353,60,377,132,228,175,147,-13,-26,241,251,329,250,211,-85,277,370,281,-46,-62,-145,7,228,179,-48,72,251,394,358,33,-64,229,387,262,367,144,109,233,153,165,-74,228,310,-95,-70,25,232,-2,130,194,258,-121,271,80,208,11,77,70,-78,248,-56,324,-56,-27,349,-103,-56,326,-118,-33,100,152,-29,67,-98,-25,8,25,141,8,340,206,86,277,-26,164,128,-46,-109,246,309,340,17,23,221,-1,98,29,-31,-123,-34,111,-113,46,374,286,259,182,380,314,7,9,183,225,-72,46,-31,75,259,387,188,386,69,142,53,363,51,-119,-62,51,142,-36,71,31,318,275,-91,334,-140,234,259,-109,-28,101,333,62,117,389,-16,347,-25,208,352,167,-139,326,143,289,365,240,165,-143,357,-27,221,163,34,2
396,374,-112,-67,-130,102,152,107,391,310,73,-59,129,19,97,210,198,284,255,-73,307,241,-137,-106,-113,265,94,-89,342,172,101,317,-90,-32,-64,-71,77,332,159,334,-126,51,74,359,369,32,-74,275,-84,343,396,-74,-96,322,96,288,163,169,69,220,65,-102,312,-33,-69,112,345,25,-62,208,135,146,109,324,385,-114,30,-126,198,392,76,197,-113,232,85,30,-37,155,-19,197,29,264,234,361,-108,329,-33,-90,37,302,36,313,13,273,-49,116,2,278,276,385,182,289,-27,151,198,98,120,278,96,330,-53,178,274,273,-146,308,347,-64,251,142,130,46,-68,-124,-16,-61,55,-124,227,264,76,-83,211,109,-88,241,95,127,196,221,-28,-94,9,-24,160,367,114,137,269,377,-11,324,378,238,360,387,62,362,114,192,-113,82,109,157,252,110,325,-45,3
96,153,192,296,-113,-105,69,105,-14,80,-113,4,352,-46,104,253,337,307,377,374,219,-49,390,361,238,212,-36,192,-77,-16,229,339,-26,-113,159,-45,74,91,246,2,385,251,-5,40,50,-139,-99,151,149,370,-11,-51,334,-14,215,383,356,10,24,-63,248,329,394,326,132,301,-69,62,369,-17,296,-33,92,-1,382,228,374,362,-34,166,-139,-61,237,-68,245,394,-51,306,177,-77,-55,-59,179,24,164,346,118,277,-116,-32,220,300,158,206,225,-46,239,25,-45,12,116,128,152,-24,95,83,288,-14,-2,-95,205,106,-88,-88,-122,149,64,-10,356,348,351,40,-102,212,345,126,-104,65,79,172,270,74,136,-105,-137,224,182,15,356,-34,288,153,306,120,65,-38,-135,65,276,-16,-108,133,-53,-91,79,234,8,320,57,23,-70,-133,140,209,128,246,-9,366,1
100,389,86,-19,155,207,134,142,12,268,317,356,327,211,161,94,326,285,99,-129,326,360,185,191,187,329,-109,-77,-129,69,-72,84,6,176,-37,124,230,-131,58,9,-113,-33,239,226,225,-109,319,307,-21,-123,175,358,174,9,365,103,97,202,247,52,151,-3,70,112,145,164,141,-120,-107,-17,198,68,299,353,-65,100,114,372,-71,310,101,-133,105,94,2,349,307,391,-36,296,202,390,171,308,75,210,380,-39,61,82,8,173,-58,97,-10,253,253,263,289,82,42,-52,-38,385,130,372,199,165,349,386,285,372,293,57,125,346,146,223,33,-119,132,281,368,311,217,101,15,378,220,-48,-25,-113,197,62,168,275,96,135,80,169,361,370,74,355,-44,180,-146,317,365,12,380,-69,330,365,36,-5,1,212,-58,-120,389,-102,107,367,390,259,5,395,1
289,86,217,-94,24,63,-124,-32,-4,114,252,107,38,348,88,176,-81,-126,5,68,228,43,-111,192,352,299,185,-147,366,346,75,-1,87,-48,24,310,-117,367,289,134,74,106,-92,95,368,63,65,252,132,64,231,-106,21,70,234,-56,-107,77,166,184,316,146,394,338,64,373,-149,56,190,256,155,356,318,344,110,213,363,390,304,-7,41,202,148,309,276,-120,181,260,-99,233,92,266,324,241,238,318,257,368,38,200,132,6,-3,-81,219,364,83,316,136,143,330,-17,-143,-123,369,159,390,343,-117,-144,-111,179,-89,-65,-35,146,228,171,244,206,268,327,185,-131,261,398,108,206,50,260,137,-103,219,80,-56,152,67,236,-60,-93,283,371,332,216,256,367,180,84,260,32,136,-28,7,172,-138,53,151,-108,355,40,-91,315,228,278,-89,151,21,354,4
-88,-135,-50,25,42,122,316,24,83,65,340,266,382,300,129,93,-5,-84,-48,159,-34,321,170,284,219,36,318,322,303,295,-57,-113,331,-40,259,17,246,-24,-109,-110,336,248,31,30,313,-101,257,250,-5,147,-6,-135,-66,65,331,-99,397,-44,68,186,220,103,254,-121,34,138,208,323,249,-18,351,352,-74,199,-91,304,314,160,-60,147,174,129,-33,120,366,-50,237,135,-98,89,63,210,213,176,325,-54,176,-78,105,19,182,6,268,307,-52,93,326,290,43,224,216,4,348,383,307,-38,-127,132,141,212,250,115,-97,271,323,92,203,237,27,324,254,-115,207,176,-107,169,321,118,374,-126,6,34,23,243,35,130,144,377,37,261,35,393,150,158,38,260,387,236,42,12,-98,324,23,45,60,239,157,306,180,344,178,-122,-29,307,267,8,365,-149,5
151,-72,164,177,125,301,335,-44,95,13,376,-150,-14,0,29,336,-133,74,-46,-86,182,221,56,78,-9,180,120,174,376,396,-82,61,231,269,-103,80,326,-62,-99,383,271,295,-20,223,379,-46,236,185,-34,-150,387,285,345,-139,143,357,-23,-75,118,-5,252,348,48,352,252,58,191,-103,390,25,360,-132,344,204,194,-91,78,-4,147,182,181,282,248,184,58,260,120,29,264,195,368,287,-138,253,229,270,29,132,267,205,-135,164,382,-135,314,312,394,-82,260,-99,-86,316,121,288,379,122,308,22,370,346,383,-79,21,141,101,258,216,105,374,289,184,284,310,157,-56,258,17,-64,-148,221,377,-128,-53,371,170,383,216,33,266,63,59,-18,-98,-128,-45,309,331,-31,57,167,187,4,4,243,354,162,108,6,-137,-74,188,258,243,69,282,304,-11,347,5
379,-55,-123,79,265,305,-126,253,391,14,57,222,-82,369,202,-50,-150,200,-144,167,358,35,311,192,-143,-15,232,35,221,15,170,6,134,-123,200,-68,219,390,244,329,62,209,63,153,4,229,49,87,16,75,100,129,325,347,384,260,278,388,292,59,396,340,320,312,399,326,47,370,348,360,174,316,-12,91,165,-16,37,-82,288,-74,249,223,-139,336,266,56,190,160,157,142,225,376,189,-68,301,-148,305,85,238,242,-121,-3,132,87,168,186,-120,56,78,191,309,-15,133,200,-134,64,244,248,263,93,-56,-145,-64,38,269,-84,97,56,54,168,-68,273,-69,398,336,-18,-36,226,60,-19,223,3,272,215,-4,-24,157,-33,80,300,349,-6,-102,-44,-58,-11,163,-140,297,244,354,227,210,397,245,35,70,367,149,24,220,358,53,131,265,-118,-69,332,3
-3,344,19,-144,229,283,-117,-13,216,-45,-119,373,17,-73,395,58,260,-143,76,24,-70,-94,-16,87,321,66,-125,36,-35,12,263,27,129,61,-97,-84,393,369,348,280,-105,-116,38,-62,184,-15,395,-38,21,188,374,23,181,56,192,-47,-111,-128,101,139,51,4,-45,109,49,66,260,-34,273,61,4,112,356,0,61,41,-53,390,21,220,4,-11,105,265,178,227,115,390,-12,361,98,157,68,142,259,47,-71,234,-14,62,56,-18,15,352,279,29,-30,23,180,-83,-13,157,179,87,379,-75,0,165,-114,-25,135,89,69,-144,65,142,388,333,-108,156,-58,118,64,-37,34,-26,-46,86,7,323,354,123,-34,385,-91,250,29,81,325,94,62,308,-23,66,-131,-91,-22,46,341,353,96,109,196,46,-44,9,271,56,162,281,84,176,328,277,-51,87,-44,213,3
342,-108,-78,153,-146,198,249,282,-44,-34,232,-69,259,-81,236,373,146,-86,27,-143,8,-140,260,4,55,-36,228,199,-53,-132,162,377,294,80,208,232,361,-107,214,-40,72,235,114,120,61,345,163,236,96,199,-79,145,62,144,20,95,-10,89,160,265,247,-129,-73,324,202,220,-130,356,9,210,146,201,29,321,244,62,379,244,-124,298,287,134,38,48,-49,328,73,366,376,290,366,79,-37,365,33,-117,145,302,354,255,-24,-9,-23,199,373,312,93,35,82,363,-150,88,-96,344,267,297,187,126,-141,190,-47,194,219,47,-137,187,391,306,375,285,215,250,331,-41,255,158,9,-96,105,383,271,113,82,82,366,-106,285,184,253,13,105,-85,-63,89,160,107,363,283,-22,175,-134,191,98,26,206,344,-116,256,-141,380,384,-56,299,69,-55,230,56,95,5
359,-68,166,-46,219,29,-68,381,350,197,121,180,238,-14,210,131,51,380,-135,-37,-83,-121,368,-129,280,-121,259,-102,174,337,147,30,-29,-27,302,115,-123,108,-74,281,-116,285,-37,-89,-99,-35,-104,287,261,-50,128,-44,-116,208,-149,341,121,-7,284,300,77,394,63,97,257,-98,163,223,-114,373,-67,-57,264,191,399,270,197,-23,1,371,-113,276,-46,14,393,61,375,-19,1,-55,352,371,223,-135,-133,258,-144,94,-22,304,-79,9,-64,250,311,378,-62,-145,-67,99,265,-79,-39,21,122,379,168,-69,-76,278,309,195,98,236,212,145,-83,287,381,-18,144,145,-118,223,-119,154,-43,-55,-85,370,79,207,251,-52,120,211,13,377,18,-130,389,246,-115,344,163,339,125,82,285,-145,384,93,90,122,-76,132,384,-64,-2,-1,9,295,-69,-144,31,375,327,32,3
163,23,-137,149,-78,363,192,245,182,204,12,-35,252,-72,296,-143,-128,392,263,258,-129,252,6,179,-129,321,113,152,314,13,-15,101,54,151,91,-90,314,151,321,243,108,391,379,36,61,-116,-4,131,396,98,-94,154,371,210,86,83,72,176,-53,75,338,327,183,361,231,272,197,2,301,139,-32,63,288,296,-109,244,96,140,97,298,-67,70,-100,399,36,374,72,314,268,-64,108,30,160,22,171,189,345,94,354,178,45,-89,-126,227,144,-99,-111,306,-149,318,-45,65,263,59,-93,-108,-13,338,318,238,47,51,41,-44,176,206,350,133,317,357,-45,143,-85,44,37,-104,211,386,336,95,27,-36,14,68,46,250,-75,275,136,394,148,143,296,263,280,79,-55,288,20,166,393,340,237,-79,381,88,-62,384,3,39,264,3,188,366,-116,375,386,67,5
103,52,-50,210,27,125,161,259,137,374,250,66,319,-124,271,-137,350,174,173,134,-62,-106,347,347,-6,367,-69,16,-46,337,159,-69,-57,170,192,210,-85,278,250,20,-83,341,-117,-150,0,107,-132,-116,220,340,90,-144,398,220,99,-36,186,-9,334,287,-63,312,-103,330,373,60,93,88,46,84,36,139,70,346,345,151,36,299,261,94,162,345,-129,-83,241,165,-86,390,61,49,27,272,311,-107,280,17,136,186,20,32,-135,345,-41,155,-145,122,210,34,-51,-61,95,88,-70,-36,125,-71,28,158,358,109,141,140,391,-88,254,329,174,230,159,192,324,-95,274,-9,225,75,323,-126,214,-56,357,25,257,339,308,262,187,180,62,194,396,373,195,97,174,316,-60,143,390,373,108,-64,7,343,35,193,365,358,389,-135,374,49,33,158,357,130,7,209,5
108,6,274,-130,196,199,234,287,305,395,-71,301,390,338,372,241,208,-118,-15,259,378,-60,262,148,336,-78,110,161,14,184,351,10,239,-80,-59,210,170,94,-127,252,222,135,290,201,68,334,292,67,-84,-120,171,99,-141,134,2,393,378,220,150,-5,-99,253,-10,-63,276,-67,92,-45,204,-130,-145,70,-64,302,191,242,201,95,-38,7,86,92,15,-117,104,151,69,-119,358,331,82,64,91,94,-131,59,275,-79,27,372,148,115,369,344,124,-98,249,263,338,351,156,266,358,379,-145,271,300,276,239,183,297,187,-63,118,-86,-87,119,226,178,367,270,162,158,38,-109,169,294,223,135,20,112,384,-9,-3,289,265,-126,-57,154,34,132,4,-137,190,322,-43,180,389,288,233,9,281,245,337,38,267,192,210,-42,150,217,104,165,-80,118,350,58,327,3
25,88,291,341,-52,178,175,294,144,291,-120,-20,376,287,175,116,135,140,217,335,17,320,19,195,-73,-66,50,210,151,142,143,-42,214,343,116,-58,-87,277,217,-46,58,323,-90,195,-139,315,44,-77,235,-15,285,-112,392,169,202,363,332,265,219,192,174,216,185,145,-127,291,-47,261,143,92,191,22,265,-48,9,106,45,240,-81,96,178,7,-96,335,92,202,259,-136,-4,339,-126,182,23,139,-6,-29,-124,-85,-50,237,-57,-84,99,-9,116,64,338,345,329,339,-150,-142,229,-7,151,266,28,127,-7,188,308,180,119,36,21,253,317,96,372,-40,152,322,141,101,24,-42,189,-137,171,-108,310,-49,-142,-2,187,73,-41,203,-67,-85,237,-16,-65,-67,76,109,-131,-116,292,119,255,357,153,134,397,-122,240,265,-9,190,94,-146,298,115,340,88,99,140,2
392,-72,370,299,-7,-31,25,-81,52,29,-41,273,352,255,-60,143,242,-114,366,165,21,255,111,333,-124,344,-96,98,122,108,40,295,351,242,257,-42,-48,75,202,9,253,173,-6,314,-19,-58,122,383,43,19,309,-140,30,81,-122,381,-146,395,-11,-123,-53,111,-132,-139,386,374,314,108,-127,-143,77,225,-28,-61,305,73,106,364,-3,236,287,-114,-45,81,-5,-134,8,131,127,-26,269,169,331,173,244,35,315,-94,307,57,-77,333,-66,-137,-102,275,208,91,-98,-82,-95,305,104,-146,-99,178,-53,10,255,176,92,353,216,291,3,83,182,344,-36,218,182,-21,27,-56,166,-50,45,57,322,-143,-15,110,-4,307,287,262,349,81,-50,-4,356,-47,185,295,293,-33,366,380,-63,325,334,144,230,132,5,29,-64,255,345,116,-87,-32,190,162,12,354,142,226,3
391,250,249,248,336,364,-127,-92,89,160,170,330,263,171,251,-92,-98,-87,-32,135,-133,-146,241,9,-9,246,-133,-37,383,381,310,135,-146,-22,348,125,-68,-33,-122,207,6,-120,135,185,162,-28,220,163,-123,4,79,398,-145,322,167,74,-118,-62,183,-111,224,147,242,-133,376,-19,139,58,176,352,128,231,158,126,-75,147,227,282,-39,-79,166,-130,37,-30,191,153,296,345,370,34,181,199,169,386,261,5,382,351,335,3,-83,341,-110,376,18,-39,312,-99,104,7,149,276,156,-52,-30,-121,79,103,253,343,-120,11,281,5,172,40,25,366,373,188,168,-40,322,-134,69,336,154,366,-22,-127,390,-19,170,346,231,65,392,-140,-69,5,15,57,-127,181,368,360,90,30,142,-68,-61,288,392,42,337,198,-62,-28,223,-104,282,-5,-148,379,163,176,-70,2,4
251,337,-84,-62,-16,51,277,28,188,-72,382,227,14,389,4,-28,51,-111,18,-81,179,289,248,342,203,177,347,268,352,388,194,226,144,137,103,283,350,-66,370,362,365,365,346,11,376,214,393,274,213,-43,-137,-128,170,359,-110,153,264,299,243,214,278,1,108,72,115,79,288,-1,306,-15,248,-8,-81,-97,252,-124,148,169,294,-53,-25,-93,26,134,-124,300,172,99,219,-61,-20,374,-122,393,-65,-93,-94,243,-126,39,-75,220,355,32,3,118,127,189,-128,281,375,192,-99,188,-110,367,256,-13,-52,190,165,391,74,110,96,-72,322,-74,111,-149,-134,193,-139,-144,95,6,23,336,130,158,86,6,100,70,187,72,60,186,-17,344,396,32,10,236,46,333,351,338,201,379,83,258,125,308,302,262,-133,-79,227,204,0,110,-71,-45,372,252,-21,20,4
255,-118,385,46,-105,123,-18,113,216,-146,118,270,195,-82,207,235,174,330,28,105,268,60,216,15,63,378,22,-22,-148,-81,-99,286,227,-57,-65,367,279,-108,219,253,152,31,18,52,392,-49,195,291,99,32,151,129,-62,274,134,-21,97,38,-60,14,397,179,390,-71,18,394,-58,228,58,43,113,96,297,370,328,126,-22,151,363,209,206,315,21,-63,349,-68,366,171,314,-10,-15,179,244,5,-112,131,387,393,-105,93,396,299,127,255,-105,369,120,87,16,225,50,81,295,267,3,217,-64,379,-97,-109,198,79,285,-10,137,171,291,16,312,305,-78,119,68,396,32,-73,157,177,270,85,311,388,-113,275,283,208,-120,54,30,-111,272,6,17,-69,-49,-62,194,159,289,8,-37,385,12,135,-96,-118,45,297,-59,77,135,84,-49,-11,115,191,384,372,5
-135,185,239,19,-32,-109,-141,279,317,-102,56,363,59,-12,-114,67,305,361,127,29,366,-21,208,-147,-68,3,355,358,-54,131,387,278,392,-25,150,392,216,-106,342,165,38,-99,181,348,167,259,172,79,193,220,141,286,96,68,383,368,321,199,-107,-86,95,-80,7,324,-126,72,9,-76,-13,328,152,236,321,183,158,377,389,12,-96,304,154,-49,237,57,164,-102,367,-3,60,221,-104,348,4,79,149,7,96,0,148,-97,72,316,335,293,-13,141,59,60,237,245,-27,-27,-83,324,207,305,195,370,347,177,179,276,292,-56,300,166,336,-146,220,37,-125,11,-21,382,259,-78,82,-45,-142,-101,371,291,-115,51,-33,18,361,79,-1,57,-90,-34,88,-103,297,317,142,274,366,54,29,378,-61,349,-43,39,29,-131,208,-144,171,117,276,145,362,236,113,-61,3
337,110,337,190,178,250,206,348,284,-32,-104,17,197,353,388,145,362,23,244,379,152,51,382,5,-137,-131,306,22,294,-29,346,33,-102,30,243,242,197,325,-10,379,320,112,-8,-5,143,387,358,271,266,-44,167,-92,107,274,380,15,-126,-147,-148,267,211,218,388,195,-107,2,51,170,313,-140,76,182,318,-136,-94,179,-87,79,-140,73,391,355,371,-97,6,254,248,252,-62,35,-72,-6,-137,-149,365,-85,95,279,81,285,202,232,-91,319,260,-68,-77,160,303,-125,275,226,92,172,29,115,399,229,-74,373,-102,103,229,98,-79,296,355,102,148,-91,206,6,191,51,-116,384,305,14,-123,221,163,133,147,324,198,294,56,266,288,14,269,220,115,128,331,366,-69,-32,152,64,-123,347,386,368,43,291,-115,107,-38,143,-137,-11,220,276,-54,337,191,341,3
349,281,38,-69,29,264,-46,230,178,98,-79,-18,89,-73,310,-26,-140,317,256,-124,56,71,161,231,164,57,145,251,284,-29,-45,-115,399,-79,16,70,-75,60,77,302,336,323,339,225,80,74,324,-71,59,146,21,-62,75,-8,-97,45,338,147,279,386,349,55,-14,257,128,294,120,290,77,-24,119,336,397,4,-132,274,-93,272,397,-49,-75,-85,0,286,-83,84,-53,-142,353,339,276,76,-134,77,87,230,236,103,157,163,150,-33,-101,30,392,176,352,345,95,392,-49,79,237,60,279,188,33,-95,131,-23,357,65,-61,163,82,96,291,-16,-149,10,-11,153,309,-26,196,173,256,318,13,89,62,-2,-48,32,354,374,229,-127,-18,-101,-125,-140,-49,-140,-39,16,256,-106,208,134,249,300,293,237,205,274,-145,290,205,117,66,-87,291,390,124,319,65,43,1
-138,71,245,119,147,281,257,-86,-113,-123,138,86,-25,233,175,-66,95,237,115,54,77,89,-78,237,227,61,20,1,-47,71,131,237,221,-22,253,69,22,321,302,351,-99,-57,-130,-45,49,201,130,131,388,94,278,-113,268,151,-80,374,23,-61,217,56,-89,168,-91,-46,88,311,-24,-68,69,257,279,362,-72,-86,32,-85,57,-97,70,85,287,-48,285,270,-43,373,292,355,253,192,176,63,171,-73,-96,-80,-83,29,229,299,110,296,-20,83,3,179,-98,317,262,-137,345,366,217,388,301,390,364,330,263,77,-14,89,321,367,310,154,30,-121,-111,36,168,76,173,-108,127,168,23,-110,258,172,29,8,-114,255,388,225,105,127,98,-134,217,-26,161,61,321,264,349,30,238,36,317,306,-17,24,110,166,118,319,73,101,-87,313,-27,87,-76,291,349,371,3
117,336,-101,-92,303,-79,39,5,-66,-82,234,222,-96,-66,166,13,101,1,185,217,-51,-31,234,152,-2,50,-148,249,-83,3,343,31,374,38,-131,132,-141,380,152,90,1,186,37,313,26,26,264,159,-149,166,358,217,75,329,-88,129,-137,-123,-9,322,373,33,166,210,294,145,253,112,226,-83,320,-104,-93,-127,139,293,252,-127,-87,88,132,291,149,-58,224,159,16,-144,-108,189,2,-108,50,397,75,370,188,184,30,382,121,43,387,330,-53,279,361,176,265,-40,61,-121,116,199,363,63,100,392,168,32,38,-24,145,-128,379,-72,395,319,154,297,48,40,81,-127,310,32,282,-68,-58,127,-66,57,293,219,325,353,80,209,-132,58,-20,233,-59,392,211,-27,122,204,-51,150,52,-130,47,-39,-2,230,32,186,187,149,71,258,-33,23,68,225,168,-63,5
-73,290,50,264,-147,-68,342,-145,196,383,300,-6,-149,137,74,286,63,15,222,356,182,61,138,15,-25,6,-119,123,150,-130,373,125,-144,304,-21,148,-54,126,134,22,181,54,-48,209,-20,-112,156,369,-105,43,367,18,-29,98,56,-36,88,-75,18,-103,-81,357,4,310,222,51,166,300,-55,345,211,306,27,-22,339,-112,307,199,301,229,-42,57,90,-63,248,111,174,220,-46,-53,336,-55,321,-105,-120,257,224,231,338,158,-16,177,48,109,-27,231,356,-42,-110,294,-5,25,128,229,14,335,210,22,26,-102,-40,59,4,122,304,165,64,179,-7,203,130,171,155,328,239,-87,114,-145,17,204,22,-32,75,23,-22,36,-88,123,59,42,381,31,77,-62,-7,99,74,17,-41,22,360,146,92,58,92,103,-69,283,324,392,-147,43,-95,110,229,336,-55,185,4
178,345,368,-26,109,399,-143,222,71,380,199,-120,207,-129,138,63,14,-11,219,169,258,287,-138,350,-125,383,-75,215,340,-59,115,348,19,195,77,52,295,367,-19,94,-60,-25,321,91,351,236,-144,-63,-6,300,180,13,191,-150,-31,313,311,-102,176,323,217,136,-127,142,298,-88,307,379,262,109,33,-103,-4,258,289,307,78,133,194,113,227,-48,-128,142,116,378,325,300,134,162,11,-29,330,-39,88,59,198,360,-149,310,331,90,-97,316,-42,129,-94,63,357,-123,53,394,158,377,192,67,-64,-120,-51,164,344,320,364,180,43,40,101,-150,308,-61,367,332,-35,-78,5,-82,320,341,149,-7,55,256,146,378,-14,68,367,297,-19,212,193,-133,265,390,2,181,168,48,375,-141,-12,16,-4,252,294,-81,177,78,168,-115,104,162,184,-131,147,-130,327,321,1
319,198,235,395,295,-52,-96,-148,181,284,335,68,60,345,81,-3,56,209,268,266,31,59,99,361,-12,80,-139,122,337,-61,-126,387,-91,20,296,-141,92,27,106,159,365,64,-121,195,-86,2,-111,-125,122,8,-150,-72,77,176,350,324,204,-27,273,101,363,356,335,327,182,81,391,-121,22,317,325,166,246,-26,-71,376,372,245,-62,-148,385,370,-80,-12,-141,364,380,-21,250,70,286,249,-38,301,67,-93,-38,-29,257,309,-66,249,205,-52,370,367,-43,1,-124,-32,-51,-148,178,378,-45,79,153,26,-67,112,45,98,231,307,258,-70,261,55,237,248,-143,366,299,325,191,-78,-30,151,83,-85,79,392,-100,178,236,-113,22,342,304,-110,-22,-97,-65,118,145,-130,64,274,38,10,390,230,93,32,393,397,-58,217,8,247,29,287,222,155,228,67,178,192,2
12,7,-41,199,214,-136,2,381,249,-99,318,170,216,335,-135,260,123,155,-59,307,119,-99,-30,-101,324,341,229,236,138,303,220,33,54,21,71,17,93,67,-95,16,368,-9,-26,-61,160,220,65,290,35,2,-55,185,364,-2,381,251,180,76,207,165,-115,358,327,277,299,-61,390,25,269,20,243,115,353,-17,-125,126,-51,291,274,-121,345,40,36,-11,169,218,146,49,228,-71,296,350,108,393,-30,-96,342,-133,158,-41,180,113,117,284,299,146,-14,246,33,261,169,175,266,-61,290,-76,116,161,332,-123,191,275,384,259,134,-45,353,-105,296,-7,386,-89,-69,185,60,249,196,47,226,11,57,276,-107,340,128,-5,-82,371,-40,398,-96,72,373,-5,113,393,317,36,192,-52,155,48,3,-55,208,248,225,177,121,144,244,321,397,-133,-74,-102,347,275,4
-22,368,153,-39,212,-85,-120,144,168,-137,91,202,97,317,237,291,191,365,-106,268,52,388,235,209,317,54,96,-102,215,102,-73,266,-116,287,161,-8,46,109,215,41,336,383,-127,-76,243,307,-41,-61,-114,156,-89,154,28,389,293,368,-115,327,-78,-121,152,196,360,366,-86,302,378,218,-114,230,68,95,399,100,195,321,-29,175,377,-30,-12,-64,-21,101,209,279,-104,350,274,224,-40,76,-112,-16,144,-117,277,-83,48,108,-14,230,373,87,133,307,-16,-69,58,252,37,342,104,172,274,264,16,334,285,381,330,29,-80,290,-12,-49,317,132,-122,-133,357,-131,175,205,282,248,-133,399,225,189,-1,82,-47,70,-125,-87,103,98,-20,-121,-141,-62,279,-4,-24,-27,190,367,-100,247,163,363,351,379,268,43,161,148,178,325,-34,113,366,368,-130,326,398,22,4
-89,55,28,191,289,-76,139,-7,57,121,264,246,233,110,16,-133,96,145,263,169,30,145,-90,58,15,149,200,-90,112,-27,87,391,-61,-12,211,262,-58,-17,53,-113,306,383,287,73,17,-44,229,-127,360,156,207,219,20,71,292,2,225,130,68,335,359,184,259,-97,-76,198,242,6,-70,57,-65,296,26,360,-12,-49,322,391,43,335,163,96,287,-78,-82,1,-57,284,280,306,279,78,-121,184,26,258,86,127,-74,389,7,16,34,238,-139,18,275,298,343,298,-45,276,-53,75,296,325,52,146,-135,227,185,-131,289,93,93,241,111,69,-143,295,-137,236,-129,74,84,190,-17,27,369,388,286,-100,292,130,-107,214,118,142,43,220,-73,38,239,-126,151,207,-57,185,13,190,-79,-109,260,-130,-150,-75,247,-63,-134,178,59,232,-5,302,242,159,341,279,4
-150,-110,61,182,295,153,3,372,-126,-126,-45,-32,-43,179,29,-20,17,72,318,127,39,380,375,39,67,148,160,85,17,42,91,11,188,304,-16,42,251,241,-109,-58,64,198,362,184,248,13,-45,81,382,26,143,114,369,119,61,12,-98,82,287,367,-107,365,-59,287,186,143,113,-46,73,268,-36,84,123,79,-117,237,350,311,298,63,-105,254,182,89,103,77,15,360,239,272,260,296,252,-54,228,35,93,352,137,218,-86,11,267,330,118,39,255,338,161,-57,239,396,260,61,218,17,-137,56,-108,291,364,244,87,380,253,63,223,-19,-142,2,280,332,154,133,321,39,377,361,192,279,-117,320,243,344,362,171,-36,63,-6,27,209,134,94,55,191,209,348,-10,71,238,179,242,207,243,-111,122,269,-81,307,83,46,358,385,-4,308,-84,-121,-44,2
239,255,-30,-140,196,102,-32,369,64,-71,268,138,83,110,-129,-73,-137,-3,-121,287,379,-88,279,-16,6,103,36,228,176,48,20,164,-145,105,169,97,-147,362,355,-120,124,174,26,136,-72,92,350,54,309,232,182,15,10,-145,54,381,-51,-106,306,76,164,-99,-5,130,-28,320,146,361,351,51,264,271,369,-78,194,-124,18,58,392,394,159,29,287,326,244,391,-94,23,175,171,32,84,35,115,178,214,-127,110,204,45,339,182,170,296,226,52,-61,26,-119,92,-81,-80,7,398,175,-116,329,309,265,268,360,217,56,210,285,119,82,-45,-133,344,109,334,162,-49,386,29,359,326,249,199,64,232,-27,141,177,-53,149,-121,-77,21,-67,139,-66,103,368,301,156,33,163,190,76,113,299,100,257,19,-19,-105,199,-52,-114,287,-76,-93,-132,251,37,-12,3
-8,-43,70,-6,359,225,-146,237,12,214,266,358,-130,366,46,194,179,227,60,9,203,89,-72,1,366,232,201,50,-18,18,240,234,-53,226,189,380,-19,59,-146,226,-97,347,47,290,29,90,169,350,-128,29,24,47,387,303,-52,276,302,40,348,40,-10,24,269,283,289,380,381,210,295,206,-92,16,112,280,45,203,-104,158,79,260,165,-74,-89,87,-73,265,-127,-122,340,-16,200,199,130,325,141,38,268,317,55,91,155,33,327,353,-23,298,79,-110,241,189,-130,196,-141,-64,394,188,-147,-128,46,347,122,300,-44,227,49,-149,-30,-2,1,155,324,213,-80,-118,6,179,236,8,388,76,101,216,111,387,-108,380,-135,-46,52,-92,-103,126,261,27,-37,145,287,115,11,353,-115,307,220,335,121,28,329,8,53,127,-8,369,361,-35,241,192,222,218,3
64,360,176,-114,229,361,173,218,73,-51,-76,286,217,-88,-52,74,-76,33,142,-94,98,318,-11,208,257,323,295,81,149,275,10,250,227,106,343,338,31,375,-51,207,80,-145,-61,-87,-63,-118,-79,102,-44,363,-15,258,-30,327,-57,354,-144,40,306,235,127,297,-99,254,245,60,119,394,131,247,65,281,170,342,-23,-77,325,301,311,287,105,297,-49,132,53,-65,173,13,-94,55,278,-3,150,139,-130,-14,218,371,285,-121,297,74,235,278,378,-123,-25,348,36,221,-13,186,63,140,220,379,398,145,268,210,7,-76,221,370,-45,216,251,-48,174,222,187,-118,-43,271,118,-78,30,1,361,-83,221,197,-119,-72,108,346,24,216,-136,-100,-44,318,51,67,-110,234,185,-46,52,359,-56,26,-86,73,229,104,147,20,213,-78,-91,304,185,-27,304,-137,265,-124,5
-101,36,-94,-117,387,220,-65,9,274,-45,240,361,124,138,107,69,376,382,-92,209,-38,125,106,178,84,-100,70,79,71,-97,122,47,-23,-142,76,-17,-135,64,-39,6,274,301,167,209,225,145,47,247,91,278,-145,167,61,122,-67,209,230,389,-10,359,22,-131,352,76,-42,169,157,-64,77,159,228,234,-38,142,154,140,-46,140,326,370,-91,161,-45,-62,117,-32,294,278,200,155,51,-128,-61,320,-58,134,158,385,225,348,-9,-99,-81,109,142,227,-112,197,374,355,231,274,285,171,99,29,-122,345,175,36,-96,363,259,-134,-63,72,-93,79,3,122,-105,301,155,276,-33,100,252,49,-5,-100,217,169,48,290,-6,-92,-8,72,-51,-125,281,375,-29,314,114,-144,69,245,306,-43,341,309,-142,216,-26,11,-115,-147,262,-64,332,-93,-11,21,109,344,-126,47,1
272,-33,-145,-54,-79,281,229,399,-95,-48,65,-130,59,140,37,0,40,256,63,327,43,99,-110,219,-131,-142,52,-133,168,131,325,101,189,311,250,220,131,239,186,194,368,122,102,223,-145,263,347,-95,247,87,339,-129,290,-110,107,300,-103,352,-12,51,358,135,82,165,310,399,170,24,-112,282,334,-93,345,-17,358,5,50,348,251,345,337,9,60,302,-81,163,280,231,16,240,168,-34,361,52,11,311,50,80,365,55,180,196,198,9,101,71,243,245,16,301,-13,59,63,209,84,246,153,-42,239,-31,59,276,393,179,75,-4,189,29,139,36,335,186,-43,-25,-117,287,125,343,31,88,197,-5,-107,348,144,380,60,251,80,188,-146,160,11,65,20,101,-113,77,127,134,359,215,-83,-47,250,95,41,145,-7,-125,100,42,230,-149,-106,-148,298,-16,1
140,127,25,131,-31,23,288,308,190,-30,342,125,-122,93,170,201,381,-70,142,143,346,307,-91,392,229,173,-89,-5,211,-98,251,298,-68,228,307,-70,363,158,343,85,-114,174,-95,-30,163,60,-48,288,-113,263,73,142,4,-119,83,338,182,-134,263,89,135,195,224,-135,109,210,248,309,365,-66,-88,-51,144,11,27,293,177,177,-109,91,191,-60,-123,308,234,336,69,113,-30,-105,129,-36,17,284,95,333,224,129,-129,-83,-93,376,113,272,348,140,18,311,202,89,132,298,-85,176,305,326,134,-120,297,63,-126,222,246,186,129,397,47,328,-81,354,-41,231,246,258,200,383,350,270,-40,58,288,27,274,177,-140,101,84,103,327,-22,381,-51,139,75,-26,287,196,32,200,364,227,314,189,-10,-40,110,37,220,207,122,298,266,237,187,160,178,-104,-2,5
199,172,-31,247,46,262,288,-114,36,269,309,-41,36,320,-73,223,179,-26,165,169,324,338,363,183,-80,314,225,-143,13,144,207,-70,124,389,-104,241,-72,362,-128,77,287,147,109,-141,7,7,169,51,-30,-12,188,109,282,-107,8,204,-53,387,88,324,373,241,-142,362,238,59,-97,1,259,-141,117,300,46,247,-99,318,217,223,-92,143,-41,391,-44,146,-56,321,-72,99,188,-94,-4,-134,217,38,97,-1,62,66,-145,244,153,260,252,229,301,78,354,-6,-101,273,-51,192,375,-138,21,338,208,-45,38,378,-101,98,259,240,228,76,62,378,195,268,-67,46,379,70,25,171,384,243,173,-66,276,117,-39,247,-99,-67,274,-130,-95,140,222,-143,-27,-50,-58,234,-71,147,-120,227,179,148,131,-139,-82,372,-128,186,276,58,64,272,-78,123,82,-110,138,119,2
288,163,359,243,-123,119,316,-77,95,259,347,267,60,72,209,-131,272,-30,22,-117,-80,394,384,-137,155,397,120,-98,343,312,372,173,373,292,100,9,-115,47,299,227,95,242,53,-107,164,257,55,90,-110,212,-56,389,-7,-92,358,362,-129,53,320,133,221,347,181,-124,-22,229,356,-56,26,322,335,124,272,380,169,-93,122,47,-72,-110,94,-128,85,-25,-11,243,-24,-37,374,77,370,-5,12,18,387,-26,149,99,371,-46,362,355,151,79,-87,81,32,168,-59,-87,68,96,322,-94,-106,-65,-113,31,13,-25,56,116,203,260,-29,357,318,-18,228,167,-26,300,57,149,338,-9,323,153,-121,226,190,58,92,7,-5,189,-59,178,21,-120,121,-56,-74,0,-9,80,-23,346,129,390,379,-20,310,118,109,-100,-18,-146,351,33,258,-60,285,38,329,232,171,292,4
339,-18,275,99,-90,271,325,72,287,233,168,74,272,40,-72,214,-129,397,179,5,-95,97,110,284,376,327,387,384,230,-48,-122,332,-94,-89,-103,216,396,394,176,115,25,-107,68,-25,228,168,154,49,-66,-110,212,118,211,216,30,80,-81,338,83,278,143,197,-52,210,207,-21,368,232,-87,245,30,38,32,341,19,171,21,133,215,-40,-73,102,85,-58,-117,330,253,71,339,189,362,101,213,376,-9,160,234,161,128,195,236,151,356,96,337,88,378,198,201,3,359,35,274,-89,250,-92,-9,315,-2,296,23,160,-89,16,-48,-123,357,-17,-92,-61,-81,34,287,323,17,-27,62,31,-80,44,141,-94,149,167,220,-68,-57,116,225,10,351,226,-39,128,282,91,71,135,-147,169,170,-143,-99,-9,129,-63,9,-123,377,121,-51,53,39,395,143,193,-98,-104,5
271,314,278,246,43,-85,325,-125,-52,325,-69,247,242,-107,327,-60,178,263,-41,68,312,364,106,42,-81,308,231,343,-54,73,130,182,254,345,35,-113,337,355,338,-94,361,97,-47,-91,87,220,-125,242,-41,241,103,-54,387,-47,345,63,-38,161,-50,-67,151,66,390,-59,301,-80,374,250,-70,-51,67,-26,50,-149,-131,29,258,-89,122,-141,389,309,-90,-93,149,346,188,101,256,105,230,-6,190,252,137,63,381,397,60,20,387,112,239,270,-89,-65,340,-91,326,169,-99,-74,-32,31,355,2,-133,-87,346,-72,-92,260,-90,316,-72,337,93,57,-64,-112,25,327,-131,70,124,3,312,258,100,61,327,268,21,356,52,341,144,306,-5,87,273,141,5,199,291,92,56,277,107,-116,-22,279,168,-56,69,150,34,-114,249,-9,-17,294,137,107,-112,154,132,375,3
256,208,227,318,130,-140,35,398,-142,-123,313,360,351,67,278,-148,36,-108,260,39,-109,-54,366,-15,359,368,-114,366,-93,4,-38,309,291,77,-29,206,117,334,-147,327,-30,335,68,127,106,153,-108,379,-1,-141,61,109,231,238,185,-146,-68,-145,1,30,16,319,-73,261,230,162,244,392,-147,-42,-58,-52,41,182,61,56,205,102,45,111,171,269,347,181,145,85,-144,383,-79,349,-12,235,391,173,-78,238,87,171,190,154,-143,56,260,107,-105,-25,-130,19,393,265,304,55,182,-130,-86,-63,328,-108,-10,223,365,349,128,175,267,157,156,319,33,140,98,173,292,-92,118,167,-57,103,309,364,382,-47,251,182,-58,391,286,-141,305,264,367,224,380,373,222,288,44,114,356,275,-52,-121,140,336,255,-123,-5,137,101,11,-41,247,120,37,381,125,96,173,2
-133,257,260,-26,169,2,-131,96,239,196,325,52,-142,380,-48,95,168,200,83,-114,194,141,-134,-61,197,293,102,33,139,64,7,242,-131,320,280,-83,-74,-49,56,62,-72,-38,-18,46,-126,321,392,139,105,55,324,-83,64,271,388,311,304,150,137,-149,-131,326,340,106,302,287,247,2,71,285,-15,377,128,334,395,94,-133,-8,350,376,-58,232,128,298,137,325,20,374,221,242,34,359,281,58,178,210,293,290,218,-45,174,81,98,166,113,352,112,265,-81,83,281,-97,19,-115,108,100,-138,390,-94,10,286,79,42,206,201,107,142,235,83,145,386,228,59,388,27,-79,357,71,77,82,117,103,-145,-104,256,103,298,-92,242,40,114,-8,95,65,286,325,233,396,264,-19,247,356,2,17,79,253,-7,380,-83,-53,-144,26,55,148,78,119,-70,37,2
350,336,337,327,138,-45,72,231,-47,-37,357,-96,-30,66,-148,-59,256,290,281,-90,322,96,221,138,-127,255,157,221,64,111,195,262,-28,169,186,7,176,-86,218,-147,-91,-106,392,5,-87,270,172,-42,312,396,100,359,397,290,303,123,-91,191,243,-38,70,-83,164,316,112,-20,273,116,61,137,274,93,183,177,-45,-72,14,-94,37,-99,-79,173,187,4,-92,124,50,144,171,178,239,133,25,198,281,231,121,341,396,180,7,281,174,-35,369,284,371,115,247,-49,-88,360,71,285,39,183,150,200,-36,371,216,118,-65,227,-4,-33,-16,376,55,82,-85,-147,-148,108,174,89,384,167,-100,319,-108,53,196,-93,-92,360,167,282,221,56,-40,-128,277,-140,364,-7,370,143,174,42,140,268,309,-103,-44,113,102,388,370,7,375,-122,387,-8,67,-84,-7,-10,3
195,314,-55,257,-33,293,229,127,210,219,61,108,-54,59,397,-130,282,220,242,68,353,-55,281,37,350,224,283,272,-7,389,348,-145,166,79,-29,344,324,357,24,370,120,35,-57,363,27,144,80,85,-58,336,-107,388,324,-112,234,284,138,97,208,287,58,-27,252,133,90,16,-3,114,350,128,8,-91,348,166,337,314,77,205,315,76,18,133,111,213,370,-53,-139,266,350,-16,108,366,143,289,0,330,107,-2,-9,100,-104,221,-57,205,381,121,278,-87,13,238,318,399,380,-134,150,-63,94,316,291,-38,291,-143,398,-51,194,330,191,83,84,-25,326,221,-31,391,28,-57,151,267,301,266,-29,-94,-12,48,210,259,377,92,-61,365,-89,61,97,346,-95,308,138,392,319,238,270,362,-70,293,136,133,340,237,257,176,25,370,232,107,196,121,110,245,2
3,376,-84,197,-88,205,130,-110,389,216,126,70,-90,-48,34,-4,-76,322,-150,265,318,214,-134,359,288,380,-92,-36,52,392,43,321,-45,-25,263,359,350,-30,57,199,42,242,346,241,-42,319,199,-2,105,238,48,292,35,193,-43,-71,102,-126,132,87,165,312,231,314,-1,201,291,244,214,-145,383,69,-139,234,307,74,185,16,165,-35,347,-3,-115,256,234,260,157,89,216,153,16,150,54,44,20,251,-112,101,132,56,349,-8,-132,-131,297,75,-50,143,399,-86,348,-75,-26,-124,125,-68,335,312,-145,217,320,298,219,189,127,189,-71,-84,64,265,-6,135,389,-104,86,-34,0,-68,-94,234,69,134,283,169,91,314,52,398,294,-16,390,336,335,254,282,397,99,-71,-136,-111,-70,359,156,246,53,60,248,222,238,107,-36,183,198,82,358,298,-74,-53,5
311,349,-113,207,91,-100,274,-24,-48,326,78,285,234,-66,208,-124,-79,-56,275,-145,-61,71,1,61,112,231,-94,275,-9,373,-136,-143,80,35,-98,-14,23,68,112,104,119,73,-17,12,-78,392,333,104,47,276,342,-69,157,223,308,350,206,145,149,192,-31,35,7,77,157,83,-140,24,-149,31,199,231,146,46,135,371,74,135,180,12,42,-6,387,119,-100,376,-23,-105,83,297,292,352,134,-19,325,393,205,-114,-13,271,294,91,94,388,58,306,-52,351,-14,36,-115,328,-96,320,-67,-145,212,19,98,59,93,-10,29,-134,-135,234,190,-105,353,-8,134,204,374,-104,377,-44,-148,-56,-18,50,103,32,-1,398,339,354,262,357,253,85,394,391,283,395,57,-11,156,-53,-26,198,-17,75,398,188,171,-64,-56,45,41,371,-138,103,-70,222,243,267,-92,-23,3
390,182,131,56,121,158,252,24,67,175,102,303,38,292,-21,334,-148,200,-18,343,115,-127,383,-148,276,-147,352,81,-79,-63,377,299,288,381,284,-67,188,-25,-133,389,194,317,-10,-145,390,-86,-95,-55,64,-93,341,254,33,131,12,-62,-54,-63,367,-88,390,40,127,388,-66,184,290,21,188,78,28,96,166,135,-75,301,53,273,42,142,262,288,150,109,41,120,281,66,-60,47,248,-112,320,-72,-57,-108,-19,-74,81,-112,0,268,35,167,313,281,-16,352,118,286,347,189,91,70,210,39,262,178,71,-59,289,-45,94,154,-54,326,115,-48,103,304,362,342,110,-116,230,246,-124,155,14,107,-49,304,42,148,-130,-106,329,345,72,148,330,-127,187,-67,-91,137,366,3,130,283,191,-65,40,101,-83,-5,104,-20,226,381,48,70,259,20,-6,337,203,30,1
10,313,-91,64,41,337,74,241,10,304,-40,-92,394,-122,34,73,206,341,-37,227,134,-54,-27,5,-41,-98,23,163,239,-106,-34,-29,331,19,249,349,-77,-2,386,-90,-97,72,322,165,19,-119,-98,-12,223,-104,-61,-115,74,118,35,220,84,-29,273,238,-34,315,278,291,-112,11,375,15,294,292,180,184,-39,-12,15,263,18,-27,399,-53,-91,-132,-27,75,173,-134,-71,305,390,227,40,340,254,121,279,369,233,41,284,-88,65,-17,10,107,274,377,207,224,-142,46,-34,-141,368,198,253,-147,177,361,-21,333,207,234,103,16,318,342,187,-100,-95,-78,-99,-26,111,397,370,179,172,90,134,113,148,54,140,60,215,313,171,207,-57,18,146,365,-53,199,250,300,324,268,-147,173,218,244,-32,39,265,-45,14,195,-53,335,180,219,291,-31,148,-8,-58,146,2
296,329,107,371,224,276,-50,93,-128,203,315,74,293,118,382,163,-31,330,-31,-15,-74,203,-93,-65,-150,-74,371,293,-3,374,35,371,11,139,270,45,-117,257,146,386,-115,113,231,-37,292,12,-113,-59,-50,356,28,133,204,146,384,337,128,393,204,168,44,-58,282,-124,264,11,-50,322,7,341,-142,61,288,-40,52,-86,10,263,115,54,5,22,157,299,-89,222,309,324,230,-65,-8,-144,144,368,375,-117,178,-117,255,-133,279,277,142,-71,-65,-103,-67,157,101,330,29,159,275,335,-112,128,225,-110,-104,333,34,-79,191,92,177,2,104,273,81,378,345,25,-8,-134,98,-116,-5,14,-40,-77,203,123,128,-120,375,384,359,363,27,178,21,245,-116,146,318,344,84,-112,68,66,269,23,-38,23,-77,385,-119,103,346,-38,44,377,290,338,346,-127,139,157,2
153,-113,235,-69,-33,-101,-77,-45,175,205,317,133,34,3,-33,116,234,104,90,20,397,34,259,-5,-113,339,111,-25,194,110,292,-43,286,363,-61,64,168,-94,251,71,324,-43,29,26,336,263,-114,117,237,203,119,118,291,154,95,27,-84,126,57,156,399,387,367,123,82,-37,-17,274,-126,129,192,-79,50,175,-118,-54,112,-81,142,56,21,244,105,113,113,366,-141,120,161,219,240,-36,193,259,395,227,305,272,293,46,212,259,243,358,143,-126,86,310,170,-51,257,4,283,283,-8,378,134,-146,372,285,267,-70,394,226,8,66,-106,64,360,-23,103,399,201,390,13,384,-20,353,273,33,372,84,-20,-137,229,-91,141,9,296,387,235,-81,231,74,357,-111,-5,215,97,-139,385,359,94,20,-119,278,-116,54,233,115,292,334,319,115,-42,338,27,98,4
-146,6,79,110,170,-24,-123,359,77,390,28,137,343,114,316,244,281,284,237,386,-6,24,369,163,-22,363,-141,196,-34,260,246,-140,247,-58,-49,-53,131,270,213,60,357,-75,172,301,-133,140,47,11,266,233,49,347,-108,-69,388,153,48,255,276,310,329,-27,377,375,-112,48,-43,117,202,160,239,-111,1,36,279,306,76,277,53,-33,243,71,-88,245,-146,183,141,357,-6,8,-140,-82,393,51,115,-43,-97,187,39,88,192,140,172,170,-109,47,133,31,-140,291,273,349,237,303,-149,91,-91,217,-111,164,147,299,244,-63,382,237,230,280,384,65,126,43,28,-8,387,67,360,-92,195,268,73,199,-74,57,8,373,74,207,233,393,353,299,91,218,320,137,248,-47,160,-24,-111,-79,96,96,161,-117,-22,-141,17,65,257,375,-133,189,-61,134,383,116,4
282,-99,-84,99,180,264,-28,51,-145,335,48,-138,-145,260,-30,211,387,-147,133,208,131,198,-121,366,223,-27,295,243,-95,-19,-29,51,114,-111,-38,188,-89,76,23,-17,134,-43,-8,143,126,341,320,125,83,91,107,-119,216,197,-19,217,114,64,64,131,379,-149,362,313,296,212,65,13,387,360,70,132,-80,223,108,294,50,229,264,-86,227,-49,-109,45,209,-52,237,-86,146,276,72,-2,358,291,263,-35,302,169,300,-72,206,-32,370,128,-106,74,377,90,331,-56,214,34,-15,-126,167,182,-51,219,-139,-74,197,292,-63,314,343,71,364,-33,-15,36,391,160,228,261,270,66,-80,-41,134,147,348,379,47,356,338,-124,-33,-97,353,1,328,11,65,269,197,189,201,224,386,152,91,227,238,136,8,203,304,90,61,212,-18,358,126,114,209,-15,277,-122,5
179,-117,353,-47,343,220,237,86,-61,182,226,89,31,106,38,264,104,-106,50,208,192,61,147,4,46,331,228,216,386,-80,-123,242,372,198,-33,229,57,272,-58,-10,204,372,-82,-27,268,372,190,154,6,-63,77,214,115,-67,61,67,0,-11,-96,-10,-77,-16,-125,337,284,-89,49,339,342,317,-35,220,81,297,63,57,-49,-141,322,-28,-147,316,108,136,-120,370,-27,-21,365,329,391,-74,32,215,141,238,6,-51,-41,119,-13,-87,356,199,-4,184,381,256,193,370,-15,-112,169,136,312,201,-146,85,85,350,-46,56,88,-99,-43,206,-118,-129,156,-140,291,47,378,-107,34,238,356,291,345,354,-14,128,13,392,-128,356,359,293,-9,130,56,151,246,167,-103,239,228,66,100,283,133,332,116,95,7,206,397,85,309,-51,-32,203,-63,-115,163,389,171,276,5
366,-142,208,327,-94,132,294,310,339,208,-86,278,306,-15,-103,43,-34,13,328,136,385,343,254,-55,346,103,263,220,92,222,-112,202,275,-74,359,366,-11,101,166,269,-76,-122,-110,390,341,-51,169,372,38,299,-57,30,170,132,240,170,-126,109,346,62,-36,301,339,377,234,267,68,-88,199,239,226,-85,-32,-143,-124,139,-123,8,-6,316,-43,288,52,150,287,-140,-48,335,-41,-58,390,356,26,288,360,-42,-79,338,130,63,306,267,359,172,27,-47,-32,-94,258,-93,-34,274,-130,-72,-43,120,325,-81,236,15,-93,300,94,-106,232,-80,397,88,-43,57,151,279,197,-44,377,255,105,150,-6,373,209,373,333,39,145,-58,-21,333,258,190,63,179,24,293,50,-53,-48,0,117,201,316,127,-135,305,28,-17,107,-89,331,326,-109,222,222,148,-99,228,161,-92,5
153,-116,342,340,70,-28,-49,364,162,355,343,48,362,179,176,-141,-24,80,-136,336,291,123,-148,175,102,383,-96,297,146,222,318,-15,95,-81,330,379,339,352,-34,106,277,-36,343,-89,346,-71,334,-129,173,366,110,-22,133,-104,37,-132,-143,-114,-79,230,115,-84,-87,-121,-135,127,126,70,42,-127,-10,-125,-53,125,92,282,-142,121,-119,328,-23,-134,322,150,-109,-99,37,0,93,340,-24,258,193,-53,-83,-123,-122,61,329,-79,340,-41,-38,246,81,-108,114,-105,74,-50,130,87,95,-52,49,105,286,343,285,-127,212,119,77,-23,392,-93,174,-45,286,-66,-149,286,300,290,71,-126,-116,192,215,185,282,306,328,247,192,129,201,46,74,-104,34,11,144,-59,17,107,158,-22,399,10,25,137,254,189,117,67,13,240,266,-103,43,-67,-104,83,148,-4,45,-129,2
43,235,213,123,233,57,124,345,388,376,8,309,243,288,228,13,179,-4,-41,243,31,292,-21,252,354,-129,-134,131,76,269,222,150,135,-35,-2,253,-61,-32,-58,296,161,167,-30,166,-13,133,369,354,240,-146,216,341,315,84,211,371,91,291,37,253,276,262,363,3,52,66,331,164,-150,352,127,43,97,-63,283,269,102,278,13,344,11,356,114,-41,168,-19,-18,243,-116,221,-120,23,239,-45,124,-55,-121,10,155,45,187,-13,296,159,28,186,83,98,-19,98,304,348,-88,241,106,97,113,316,210,242,28,355,348,141,-52,30,252,223,102,-29,291,94,340,-105,301,145,-10,370,-85,332,158,309,247,318,241,-54,39,44,183,-68,100,-81,141,189,234,307,-10,-11,-76,-51,24,172,326,-141,-105,365,162,87,-120,359,-21,234,-126,110,247,179,-2,258,2
-32,283,77,89,81,139,3,8,325,397,-138,356,67,71,137,373,336,173,25,-110,174,116,242,-38,133,52,-7,92,-116,-98,352,205,-1,286,299,374,116,-65,158,114,341,-134,38,371,15,194,68,-57,7,-117,265,355,339,373,82,-44,42,317,371,128,-23,190,-92,31,363,92,77,367,-6,-24,184,257,-30,134,91,-73,299,319,30,114,144,96,273,-92,307,-140,196,-146,219,307,94,98,284,269,-46,91,121,368,-107,-125,30,277,117,0,-56,231,364,277,274,48,-143,176,-130,395,104,282,354,-124,369,379,349,82,245,156,359,273,-1,241,339,-104,161,-12,254,-137,368,34,-36,-41,130,392,-65,-13,315,-74,-14,-54,380,-142,-68,-104,361,279,-61,362,263,362,-74,-70,51,296,-44,141,161,366,275,264,-16,368,213,233,-119,389,336,214,113,-9,-121,-21,3
-81,-32,176,-81,57,-60,-31,56,255,396,-27,-39,56,235,-4,-19,-47,91,180,-2,18,-67,369,-44,114,-120,396,96,379,-127,347,153,247,252,165,127,391,-8,259,205,373,52,99,-48,317,-116,173,381,117,-98,-133,-47,1,263,-67,157,0,398,228,307,202,225,57,309,253,379,334,-29,-31,100,148,-104,148,368,94,67,193,163,139,46,265,155,327,385,69,203,84,155,-41,163,-138,16,-98,35,125,296,201,-141,259,-4,326,277,337,379,226,-39,64,359,360,-125,42,-48,54,260,-100,-20,192,249,51,149,-5,311,353,0,165,48,278,152,347,-46,-141,-124,176,344,-24,-35,20,61,38,339,236,-21,-128,28,250,354,260,381,178,320,269,261,-122,94,393,-91,-12,206,61,-12,217,335,342,185,27,362,-38,132,-35,393,-110,16,70,162,195,320,-20,-103,1
-17,368,166,287,284,-65,-103,339,273,236,89,300,107,-107,17,40,125,218,155,-46,270,198,168,269,-94,89,276,-11,-89,1,-21,280,289,61,249,390,31,-100,375,199,-93,268,-14,-114,343,208,-66,388,193,20,-131,152,46,176,-139,210,145,252,287,224,349,275,-107,-42,-53,294,-70,67,-2,-75,-88,243,352,216,327,104,-92,369,238,275,351,373,129,-106,30,250,223,83,35,-76,82,17,384,256,79,142,249,-113,81,17,134,-48,-6,215,2,271,168,334,-68,382,137,338,117,-72,225,0,-136,-50,237,-116,200,132,374,14,277,107,292,-31,-82,123,171,211,348,53,355,-42,114,237,265,161,101,237,52,-41,-69,42,-12,70,38,189,327,271,46,47,173,109,48,-14,195,349,24,338,318,165,229,291,-18,-124,106,205,85,208,120,398,359,288,320,160,4
66,161,79,189,344,13,-35,-80,-98,191,181,-72,-44,-69,51,241,79,-131,172,317,159,321,-77,285,311,-1,164,99,123,331,-69,81,-120,-67,-109,100,359,236,115,-129,256,-75,336,200,89,-100,325,374,6,48,280,-33,-76,216,27,-43,328,-58,-51,30,-55,81,100,-132,136,56,160,-48,8,227,73,-59,25,-41,28,302,-76,341,-48,-110,284,183,129,391,355,92,-72,286,310,46,-120,-121,-38,239,125,69,125,-139,342,-102,-141,110,169,35,78,-130,-135,329,-145,147,108,-111,125,368,360,157,382,329,263,372,314,258,-101,-106,120,124,272,-116,353,337,-7,42,396,27,167,240,0,296,390,-1,57,198,111,262,-62,107,341,397,-55,253,288,-114,330,29,174,255,318,120,203,314,213,-82,157,272,363,68,-106,82,216,-29,344,-2,325,199,-36,86,-104,123,3
-38,394,248,141,165,11,-61,-100,273,255,-7,377,-18,348,239,19,391,9,261,233,34,63,-57,68,68,-138,272,272,335,226,257,-32,120,-54,-104,22,196,86,392,62,121,256,-73,-5,-139,78,190,13,231,271,287,-88,95,-101,83,377,365,131,69,197,213,-109,272,-16,108,40,105,343,-78,-77,250,-72,97,36,319,305,125,28,-22,228,-36,171,238,313,51,396,258,1,254,340,11,-4,261,105,219,140,189,-75,389,354,170,156,196,242,48,31,89,-85,20,14,-88,204,-100,-108,170,167,65,40,339,-61,271,340,103,-44,143,360,85,347,205,153,381,341,-34,216,308,-31,62,32,188,327,343,80,213,295,333,95,74,6,214,35,344,34,236,129,331,114,201,-69,30,191,45,-91,0,-90,277,180,-112,102,82,203,19,66,197,375,260,377,375,92,5
-143,132,15,52,213,1,274,318,259,364,100,-74,271,234,228,77,-33,116,84,17,371,186,176,208,297,383,-54,399,105,291,258,-66,266,398,351,-53,391,352,300,40,50,171,107,4,336,77,366,360,-77,214,-127,312,330,-62,383,149,-107,-114,368,323,129,310,18,-81,62,-79,29,57,26,150,3,3,-121,-124,89,-53,175,86,-13,397,-105,239,213,209,56,364,215,287,80,272,318,160,244,-37,51,312,391,213,96,95,33,262,122,394,126,348,339,64,-48,24,-99,146,24,192,20,-114,50,-87,335,304,258,-1,351,397,127,-116,24,-118,246,103,172,-138,-101,82,389,-55,192,42,360,300,-26,-70,-144,179,-68,385,376,-38,289,-132,-142,34,-113,-17,-49,-2,-58,-11,144,393,37,-15,15,326,-4,94,32,-142,285,5,-37,16,337,286,72,40,22,106,4
299,350,-74,75,75,-75,-118,-82,264,297,211,219,248,-31,-103,-83,188,-66,226,234,125,54,-86,-72,375,174,227,195,284,227,-136,303,42,82,112,295,-97,-147,106,210,89,331,310,-13,300,173,322,326,42,156,391,70,21,9,21,-88,-86,18,-70,117,229,-78,181,37,-126,77,-33,294,-43,91,383,330,352,347,-95,-2,160,-30,-125,-39,360,-128,113,-35,329,156,80,341,-31,135,256,207,1,174,95,164,11,218,34,125,378,285,109,94,187,-101,121,84,155,326,337,-71,135,-53,327,255,386,104,336,43,365,313,353,-115,-135,-78,169,94,44,-62,-12,246,333,236,217,307,271,81,388,193,-13,223,286,4,368,-36,-59,195,374,-60,247,-46,389,128,-139,156,213,167,387,63,163,304,248,71,111,345,-21,8,140,392,-62,181,355,-21,56,209,-92,-55,4
95,308,-6,159,383,230,202,134,351,107,-99,399,65,295,72,-46,371,232,-37,-82,214,-107,60,125,-44,328,54,-32,335,-42,303,88,-143,361,-108,243,-19,243,47,313,-30,149,69,-57,141,2,374,271,7,119,106,364,86,294,20,119,-84,-143,297,-16,-126,314,223,45,251,-29,58,150,364,383,-112,55,261,182,57,254,237,336,231,120,286,279,194,-2,241,36,-131,187,222,-84,288,-89,335,-66,255,244,373,25,208,388,140,-21,328,381,113,352,9,387,-70,262,324,-133,-82,-21,159,336,-136,345,35,266,281,-85,-70,-115,-134,363,-118,198,229,357,116,366,334,196,292,227,207,387,59,-109,-138,338,36,-88,185,-76,-2,56,90,84,-26,106,-59,56,266,137,64,361,217,250,50,134,-88,210,36,332,220,-130,157,-105,43,-94,306,182,-135,362,-1,62,1
240,130,388,191,186,-76,-58,395,-36,270,-38,217,-91,131,86,-106,46,348,298,44,44,159,397,238,284,345,50,383,146,343,180,110,-96,131,291,108,-5,240,222,-106,246,111,328,334,365,335,315,315,-129,245,58,-6,269,198,154,-107,-44,-1,113,-41,-133,185,88,177,143,262,310,-70,104,212,306,292,382,87,110,122,129,-1,1,-139,-137,360,391,294,167,87,388,-77,283,147,145,-137,244,40,270,-45,243,287,-144,-70,334,206,160,355,368,298,134,131,-77,-106,378,306,256,-58,171,315,176,264,348,289,281,177,106,-77,83,370,392,107,78,94,276,305,322,23,-76,-52,362,-27,-34,192,82,-22,223,85,39,17,140,190,244,323,-12,40,368,-100,147,-79,105,158,-60,-2,-121,311,234,367,222,46,39,-72,396,-79,-108,-18,-45,206,-143,192,286,-71,5
241,137,-38,75,182,266,127,-148,394,327,259,156,63,-121,268,386,-123,-64,-125,-31,241,206,202,-136,154,103,369,35,236,349,-137,79,-60,253,354,-147,68,65,8,222,-134,344,315,293,-70,15,206,83,11,24,212,225,23,87,12,87,81,366,85,172,393,256,26,349,-32,39,214,335,-72,171,-12,185,251,75,115,182,73,369,98,270,36,98,-24,-63,-106,95,260,67,276,-136,184,386,341,141,-34,318,236,42,-50,-81,23,293,282,64,386,168,135,74,198,237,190,353,-80,-22,293,139,236,-133,-75,214,129,129,292,178,385,357,299,224,145,325,242,-42,208,138,267,167,190,166,198,-124,250,165,217,192,214,-78,-29,35,168,391,202,204,-45,267,54,231,146,128,38,392,299,107,302,-73,-128,352,34,396,362,-102,17,-130,241,-46,139,275,78,30,5
201,74,83,115,163,348,67,60,-52,237,194,102,373,-33,58,258,330,178,32,266,-68,103,-146,152,385,277,76,239,-139,186,-22,-140,339,121,206,-59,-142,-28,130,307,300,256,-95,228,351,-128,94,267,80,59,11,226,19,188,323,76,212,328,324,44,-139,344,-89,378,120,387,-86,329,339,-83,211,-132,394,-60,87,311,-127,76,230,-145,206,6,50,74,312,106,280,274,256,-46,101,-52,27,114,-19,48,-94,258,111,-33,334,170,157,339,170,205,369,375,-127,41,198,-126,239,39,-123,390,340,337,21,-113,148,115,-124,301,318,-66,-138,108,-51,110,127,-85,227,366,-34,348,54,-71,-133,-93,-39,164,11,173,180,351,-94,14,15,146,-147,259,-45,15,103,-23,335,-75,70,283,386,288,284,375,-18,290,383,240,93,-5,264,276,61,98,-116,102,135,59,3
-41,179,-9,-64,-11,181,-125,211,209,64,-74,-56,67,217,-99,123,293,-118,265,274,-144,344,203,48,284,-15,137,257,185,-149,34,287,-129,61,326,315,83,21,367,93,270,228,322,190,-28,283,37,-137,-81,260,167,286,-5,76,231,29,385,-52,240,119,-57,312,134,-129,-149,-48,-115,123,-100,-8,332,-134,127,287,285,233,-19,112,243,57,75,314,207,-7,203,100,225,94,-133,334,-149,225,15,178,297,-59,369,101,-112,285,211,-68,-124,-130,67,-106,256,328,186,-3,260,363,234,331,-50,-37,111,271,-97,37,388,39,396,-93,352,38,397,162,18,-20,1,-46,216,-59,281,154,-123,137,204,393,253,-15,-83,3,312,175,-55,46,-43,-105,35,303,172,134,-68,176,298,170,-6,127,-137,111,263,343,-104,45,139,281,369,173,278,142,226,384,-67,222,-127,174,2
165,399,70,63,321,340,-66,234,-147,-37,64,185,16,136,344,233,366,-24,282,-65,385,-106,139,84,6,255,354,-29,73,-128,46,328,134,367,157,194,247,313,-36,299,253,397,78,93,-86,86,-148,349,-114,99,-148,84,266,100,-8,-95,-90,-83,-72,176,216,384,375,239,138,370,102,-56,-148,-105,374,331,267,-108,55,124,-54,28,-3,233,-79,66,282,350,-118,65,-50,319,29,182,337,309,226,-16,259,4,129,328,48,266,-53,99,-46,176,331,226,-136,330,-135,334,128,182,106,34,-124,-126,-89,82,313,198,135,263,255,230,19,139,365,136,156,-143,206,-12,360,97,390,32,272,246,154,-132,232,75,79,344,333,208,222,-73,176,125,201,31,354,238,184,295,358,97,142,380,-13,194,-114,163,69,-8,253,253,328,69,216,45,-119,-97,272,83,-41,-51,1
60,252,-1,243,107,94,-1,-52,-48,-139,75,291,-3,28,-144,1,202,266,45,174,331,57,152,148,275,-89,44,212,-73,133,-94,225,225,222,93,-112,158,-65,-52,223,344,57,-68,-150,286,99,259,235,-67,339,88,389,229,240,177,329,153,131,194,-16,317,210,-36,35,327,-150,390,273,119,268,176,44,104,-72,-53,-1,296,-28,208,88,379,53,-8,36,337,-29,199,-51,133,376,233,36,-143,394,268,-61,345,-35,-131,-19,141,203,86,72,285,-112,176,58,-45,98,203,319,114,313,290,133,383,218,344,3,165,149,289,0,255,24,-96,160,3,349,350,39,355,-2,-143,318,170,300,-23,136,-64,-70,383,101,39,333,228,305,-143,167,183,79,357,376,324,255,136,295,192,174,16,145,32,-65,-2,-92,-146,-68,232,398,328,-124,374,263,29,313,376,-150,4
120,333,-103,32,222,388,356,355,-85,-99,319,92,186,-30,-106,-99,0,262,390,347,58,-143,240,96,244,188,261,389,194,145,84,294,82,159,327,363,185,-99,395,150,92,205,291,-32,258,220,-78,298,320,5,159,-115,97,277,-107,302,-32,198,237,-81,303,116,287,215,36,76,-90,17,-19,4,-144,372,100,111,-31,-103,-82,111,294,328,80,73,306,215,-123,-50,-93,-127,264,76,18,338,95,212,314,279,270,-130,218,313,-54,341,202,-56,-127,229,245,253,-18,-97,141,-39,271,-20,269,127,-83,252,24,129,313,239,-15,258,73,37,236,-142,29,293,295,-35,94,132,62,300,-126,82,365,137,33,100,140,208,154,199,188,328,314,-21,36,270,345,390,84,127,-49,308,81,123,214,327,317,123,177,33,43,121,149,45,180,335,348,249,246,-51,-70,-134,4
61,-25,-21,384,63,-22,373,311,-94,123,188,-8,272,183,-18,113,-4,285,-139,-96,79,-29,82,11,349,28,211,57,281,305,353,3,187,142,285,245,15,301,385,250,-36,200,109,75,335,-20,113,373,30,198,320,10,-37,-133,-47,35,191,311,-8,302,300,-89,125,144,-22,213,-84,-104,223,-14,-56,87,-116,145,341,107,236,119,173,-104,336,260,-26,61,218,115,-16,164,149,147,128,223,337,-89,-97,187,224,323,-39,118,173,-66,221,-76,357,77,243,-136,30,357,187,112,-73,78,-121,223,4,34,297,296,281,18,-70,59,108,398,135,-97,318,218,-51,296,41,263,331,-58,102,-112,395,207,-142,37,-12,147,-71,105,28,106,67,116,166,133,194,-76,185,212,39,321,-45,-81,371,63,366,-123,164,356,85,-59,212,-113,340,-41,-7,46,-105,-2,-13,339,1
251,190,151,-33,0,16,274,286,-77,211,-55,141,26,-124,154,54,69,149,107,89,78,323,5,67,314,44,119,377,205,389,325,157,258,290,370,372,334,107,19,310,-40,69,-146,381,144,307,362,61,-32,234,109,248,24,263,-17,-49,234,304,-89,-144,364,181,228,294,184,317,137,-139,-47,112,284,22,170,-106,395,60,266,113,150,305,75,-47,70,183,267,150,334,306,285,243,-108,59,-140,65,13,74,95,-135,43,-142,363,142,-67,58,-93,361,180,310,174,59,-26,311,139,63,281,-54,98,352,374,354,-60,16,100,296,35,98,189,295,-13,-42,266,275,-107,191,50,227,-47,307,264,251,239,211,283,232,-123,-44,389,35,44,-5,-23,-45,265,201,232,198,330,163,372,209,170,233,-134,219,-85,-38,265,-80,-90,293,163,332,93,366,219,166,-130,80,5
375,318,-73,379,139,67,-51,-2,234,4,244,225,-49,-59,260,255,-130,257,-132,385,387,2,150,262,51,-12,-127,-139,-16,-70,204,-81,53,128,228,143,264,277,5,126,114,-102,142,-130,293,384,321,-13,79,254,206,390,-130,376,-46,185,273,-147,318,387,43,209,369,-78,-73,-83,183,-66,345,-72,155,-131,5,-34,299,-123,178,213,268,-129,110,-91,262,12,-37,203,45,-106,28,342,174,219,196,-36,206,16,203,-36,257,172,390,-109,309,-32,299,290,38,134,-47,306,160,233,14,256,325,-93,265,100,69,9,36,313,347,179,198,349,339,129,13,247,-83,277,281,224,272,-73,337,19,-113,139,20,141,271,-46,255,308,97,158,222,-45,164,388,-79,227,345,34,-17,23,242,-87,264,252,-38,-86,250,139,332,269,164,-62,206,367,214,116,255,-12,14,-45,1
-2,34,259,50,69,319,283,-122,-87,-55,389,359,189,100,128,-112,-82,126,-31,-65,26,-59,269,-70,190,270,77,322,-63,199,39,-15,174,-111,136,105,269,388,140,165,-19,388,152,131,341,129,349,48,224,149,148,171,-41,320,261,362,329,-11,353,-91,32,268,76,240,-7,-124,357,-24,305,130,244,168,290,190,-32,217,234,359,7,-65,210,-66,208,-18,236,96,-10,296,-75,-53,152,315,-96,154,383,-116,389,338,-11,-51,222,-128,133,-38,222,46,13,280,-141,247,1,40,126,342,92,337,125,39,156,145,83,190,42,213,107,360,80,-137,-137,59,-111,-117,83,139,282,167,257,-71,25,134,167,259,-9,96,26,193,113,17,-126,376,377,159,-123,219,233,143,328,-114,396,221,-49,204,314,329,65,176,96,-63,183,49,232,277,184,299,65,104,378,354,1
287,319,-145,68,362,362,38,96,277,399,212,245,-15,283,167,384,350,198,-92,-11,53,7,179,45,280,368,321,307,-106,-113,190,151,42,-19,317,19,114,48,132,254,396,329,53,320,198,-108,331,226,-73,-115,232,23,179,-96,128,308,374,304,341,-77,304,4,368,224,155,192,-107,397,290,-54,14,-48,285,230,296,-144,-57,293,328,343,-114,382,-53,-130,81,317,203,-79,201,-99,71,174,309,16,132,350,216,-115,377,104,49,-120,335,108,102,343,83,-44,185,-98,-109,109,218,59,315,-109,202,108,186,244,-46,-27,-52,-145,116,-108,118,44,173,-86,50,91,-144,68,-148,313,154,163,327,260,347,383,206,-80,-138,255,366,-129,158,144,398,-120,-89,70,208,232,367,186,11,7,-138,35,158,-3,-96,359,-106,-65,141,113,117,74,65,80,26,366,362,-47,3
-50,154,200,300,118,221,-113,-88,354,114,384,-72,34,344,219,180,289,87,141,275,144,349,-114,375,246,245,-129,189,344,252,52,195,-136,-121,-122,9,121,269,338,25,80,167,316,289,-95,180,122,-130,14,341,267,116,187,37,324,57,-77,243,339,-125,386,364,106,129,-118,143,157,140,153,-108,329,-68,53,-13,-68,0,168,96,-114,117,-36,-70,376,185,-67,3,102,351,297,122,356,-19,174,200,-68,-25,63,311,-46,220,-88,318,-125,-150,-57,301,-139,147,269,16,103,143,-7,58,75,307,133,335,-40,199,182,-71,235,253,177,143,343,33,61,100,16,392,11,122,385,268,256,241,287,-64,254,124,264,176,-39,151,-15,182,-148,11,361,-74,34,329,12,-130,147,148,131,321,259,241,14,-69,13,-47,-21,-31,108,-47,213,395,218,175,34,243,193,379,3
266,80,-16,-106,341,271,-6,166,142,385,315,-102,308,274,-83,358,59,149,-27,141,270,-101,32,96,-63,399,-79,140,353,162,137,357,-80,10,-24,305,378,153,339,88,25,59,208,38,358,-118,350,161,389,0,368,-40,-19,369,154,-122,200,367,341,257,357,-46,169,-105,90,119,-114,54,335,-41,335,167,-75,347,328,238,213,158,-88,116,-118,-111,109,116,74,232,347,-146,295,137,-93,-79,390,-69,126,371,-15,-37,6,245,78,104,28,78,216,-120,-43,131,239,390,378,253,19,24,-77,303,358,89,-55,363,51,-114,-60,82,102,220,293,290,-87,-146,-79,246,179,397,-4,264,198,214,265,356,372,99,98,200,118,297,-68,390,256,188,-71,-56,108,-29,-27,384,138,311,-59,-127,-44,-99,143,149,194,231,43,285,234,221,169,88,241,134,-138,234,390,142,4
106,-43,32,216,383,372,134,108,22,179,301,320,-70,170,290,248,37,287,297,319,389,310,364,86,30,259,365,-79,31,-47,121,136,-64,235,-78,159,292,85,79,103,204,344,259,48,278,324,191,323,246,275,-106,192,-134,68,40,240,288,346,-57,-56,-69,189,209,-39,152,-100,130,-38,-115,-73,389,-106,153,241,-136,16,-88,52,6,364,127,-50,18,381,252,-10,196,42,1,235,57,398,237,-73,21,186,280,338,-45,58,197,201,-103,95,-120,324,326,106,-25,68,94,329,292,350,76,104,-81,304,-149,344,174,252,-22,332,-5,-55,350,305,253,-143,69,-49,-149,339,49,-125,199,-49,180,221,46,359,-121,148,-18,381,157,-130,-110,347,321,157,308,363,352,-107,-110,112,143,-142,-98,-23,380,374,-11,81,-63,50,237,210,-19,26,-99,395,-129,168,17,-113,3
222,276,15,351,-76,289,114,255,92,392,126,399,157,252,279,-75,188,299,-72,-113,167,177,279,12,207,178,263,325,305,1,387,264,192,235,16,321,-11,78,-78,277,148,85,-54,327,340,145,255,296,124,-131,276,210,159,205,-124,-104,305,-39,224,164,-25,-144,209,211,113,124,245,162,341,253,226,390,169,74,305,138,130,266,333,387,162,-94,-28,139,159,77,-145,292,159,-149,224,95,321,153,-93,74,275,51,367,-121,0,397,-41,-30,90,-121,315,314,86,220,-2,223,365,282,101,322,385,-105,388,284,125,357,-56,-5,251,353,264,125,175,105,362,-4,144,224,-95,75,368,-131,8,319,215,-150,78,132,-32,76,-127,157,156,343,357,160,-62,124,329,306,204,111,25,253,79,172,126,124,66,39,-133,263,33,92,275,-98,75,168,218,97,26,325,5
-138,210,138,280,188,-117,173,305,74,-18,329,70,250,-91,-19,242,-137,284,323,0,319,260,194,45,393,-78,43,41,279,350,66,334,209,158,270,260,366,92,21,309,214,-73,339,381,375,55,140,353,277,320,362,173,104,-100,-51,313,348,86,321,247,6,147,-137,-35,-12,-76,209,-127,255,175,183,178,149,-62,-136,150,167,27,311,118,-46,366,188,241,-10,18,-134,393,-146,-14,11,312,287,231,231,331,204,94,325,314,39,343,372,384,131,279,102,-108,331,-10,360,386,119,210,144,324,321,10,-106,56,-43,353,291,-86,116,248,73,138,134,35,75,49,353,-140,347,126,-148,-146,370,129,272,87,166,-24,153,27,339,286,-113,332,164,333,-54,-134,296,128,301,-122,395,-141,-50,-64,319,150,55,-69,61,-32,-15,226,277,163,253,92,194,273,-135,365,1
115,-131,-140,-131,128,182,396,250,-113,-68,-119,-97,386,-106,143,-26,397,193,272,16,118,43,-27,120,-93,-92,299,66,331,93,-48,366,113,90,78,301,304,393,223,-127,155,223,36,-39,342,143,271,-2,0,23,46,104,263,17,-69,-81,275,251,374,61,-49,187,182,54,336,78,38,-52,260,309,43,-131,160,-72,19,95,321,-52,171,-10,-42,162,-30,-52,343,-7,-41,333,-21,249,355,59,210,3,382,396,209,159,323,149,190,-147,18,269,129,238,34,172,-140,127,-12,-65,80,300,-13,380,187,5,-134,110,9,158,-70,62,276,191,208,55,185,110,92,244,186,128,98,-121,-20,373,309,244,377,262,-34,-2,-42,85,276,366,29,245,-150,-143,-7,124,136,339,-120,301,93,-11,250,390,13,-47,-88,-136,343,28,372,290,374,337,160,-21,315,351,112,20,2
255,-126,298,9,66,339,129,-70,-26,19,-61,229,-40,13,264,4,43,325,-130,-42,248,-22,358,129,276,-124,193,250,144,45,5,289,-50,349,134,-82,235,301,-13,97,-48,359,224,4,-64,331,58,27,107,122,-127,249,202,150,-141,-108,-100,-44,84,339,324,141,330,309,274,178,34,355,327,-137,-58,29,154,324,391,373,-40,264,270,260,372,178,121,-137,24,7,83,-10,330,-32,231,370,259,-102,219,182,-2,6,1,310,225,274,-103,184,318,94,111,99,346,-99,338,-9,221,100,163,74,-95,188,370,349,333,13,290,-18,-70,199,-17,-99,343,51,357,-137,234,50,14,-18,-32,335,32,307,184,80,160,-148,-70,124,237,194,68,-88,289,-124,230,97,3,59,-129,-132,358,278,-114,256,273,187,120,311,164,-93,225,305,256,234,-95,308,324,365,-134,282,5
86,156,282,-127,149,87,341,137,264,249,265,332,100,249,-10,227,-31,187,299,10,-46,-59,334,268,270,-97,363,-54,34,282,320,-26,183,113,40,70,48,193,23,66,55,222,23,-73,172,233,286,48,-144,112,374,-131,103,29,202,64,207,69,186,168,315,3,200,-89,309,89,39,-5,371,141,-91,322,-78,88,265,28,-84,-74,97,-83,-52,394,391,387,173,-28,-118,-6,366,159,-7,366,44,332,324,18,32,-38,125,325,27,140,283,312,266,-13,338,17,-17,10,226,179,244,21,319,271,105,-31,-132,96,54,269,-84,191,194,236,191,-43,251,151,-44,326,186,309,162,3,198,378,149,383,85,60,135,272,343,268,194,372,168,191,228,395,57,35,-134,139,103,295,305,-4,-37,-54,231,225,355,171,177,198,19,156,48,26,-27,6,135,84,143,-133,3
23,252,230,-31,-55,-120,-54,319,-105,85,186,134,-17,388,109,352,29,116,-67,259,5,339,177,195,-54,32,176,227,-64,-16,-61,337,-62,142,295,248,363,244,-134,91,393,-147,130,382,320,87,327,-62,-38,-9,-100,57,372,357,119,112,35,70,-70,258,-65,-47,133,309,310,-30,201,289,38,399,78,235,-20,20,179,-116,50,17,358,360,95,73,190,386,289,393,-1,205,382,222,261,101,-137,64,385,-131,337,285,170,-99,206,197,175,376,68,371,254,-132,143,-136,175,7,-47,131,-4,363,-83,353,-82,262,-87,86,245,-12,165,272,-19,75,322,-33,188,268,284,28,311,-47,-37,120,155,-96,373,283,39,238,184,195,114,-47,-10,88,279,-53,310,106,-140,27,242,143,246,238,386,115,-18,127,-50,253,133,126,-12,70,-82,26,222,394,150,77,221,248,5
-8,-14,-95,231,320,57,-116,115,-130,-11,114,249,306,-31,232,384,-112,-129,-104,388,233,331,-103,-70,-106,124,160,81,-65,-46,26,38,-91,69,-35,319,16,294,82,-37,357,0,219,198,16,-79,202,-140,2,11,235,-7,-12,55,-55,205,320,167,361,-132,262,256,251,-50,-133,4,-22,164,215,311,10,225,181,-131,395,311,7,213,172,-62,22,-111,52,92,355,-63,381,0,-51,96,386,345,138,264,-72,234,287,377,190,-92,393,68,-51,-48,-32,-144,237,327,371,130,-109,-55,353,95,73,-37,393,179,352,2,66,338,121,249,199,271,110,368,113,167,-35,61,9,326,-3,296,-73,111,-99,107,97,137,103,63,-59,393,81,-138,382,294,352,375,255,393,137,275,285,-70,337,31,207,104,15,314,105,272,47,62,374,-99,114,174,-144,-107,21,-49,145,54,5
340,167,20,67,350,42,182,2,-128,65,-108,210,263,267,165,279,348,198,-76,82,-113,111,295,61,307,131,55,-146,92,-3,172,236,242,99,277,218,296,-129,399,388,131,128,-31,102,326,-86,152,166,23,264,109,134,-78,-72,-107,-148,292,-72,226,-12,-144,362,-74,-108,6,379,69,39,111,-7,334,127,156,399,5,149,196,272,275,-109,165,-74,-55,112,54,137,112,164,218,101,182,275,144,134,166,361,-122,143,-144,391,64,64,13,19,70,109,110,321,104,127,-127,282,327,343,231,223,172,-62,-59,226,-70,-51,-28,245,-128,368,126,-56,231,226,-126,140,76,22,302,137,-82,130,191,182,235,191,166,156,22,393,49,-76,66,381,298,-144,242,235,350,-4,165,303,36,174,167,243,228,323,-133,-2,-139,311,9,115,396,-71,367,-83,93,-142,6,313,5
149,169,98,172,311,247,242,77,93,-94,-8,41,368,253,124,-112,42,176,332,-126,-49,66,116,11,136,96,23,245,-142,297,170,-26,-110,186,175,35,90,188,-57,265,-88,369,58,58,225,-66,56,196,10,299,-35,211,100,32,177,-144,369,236,219,397,-72,70,261,328,-54,242,317,220,242,-133,33,-8,312,356,183,-89,12,28,84,-91,77,88,-67,-110,287,378,-46,386,231,-58,64,66,338,0,223,298,271,56,326,75,236,-45,-75,365,36,381,124,388,-133,134,151,348,106,68,206,105,123,183,217,-136,28,294,252,-63,-57,244,-123,-76,-97,170,83,79,181,321,166,-50,97,329,70,188,-3,145,256,327,-127,35,19,393,287,150,213,26,-7,372,330,341,335,334,286,44,315,-75,9,339,-51,-35,229,-88,-19,97,244,260,277,175,395,224,147,128,5
145,376,-36,342,-94,-9,258,-73,-149,-116,244,67,-84,-82,73,210,307,143,175,52,146,110,367,-19,174,-83,-25,242,251,185,-122,-106,-50,75,268,111,141,61,305,85,383,-82,95,86,180,212,380,314,78,358,231,-24,-37,92,-6,288,187,257,17,16,382,14,111,110,24,-55,206,219,-9,16,168,184,323,-6,-97,-29,-27,16,-129,125,257,331,148,126,171,-36,121,17,285,113,99,311,288,191,315,-93,-146,114,98,-56,306,166,-32,51,-98,166,93,-57,129,-59,-113,262,92,213,-87,50,156,24,397,-52,75,398,122,35,301,354,-57,156,366,23,-78,-6,-95,93,53,-135,-25,315,277,200,-72,350,228,113,154,337,-26,-70,24,-26,197,216,384,264,101,83,207,175,-86,142,173,180,378,-16,268,-21,398,206,371,309,344,388,110,-15,76,77,107,263,3
69,85,-131,273,262,238,194,316,38,217,234,-53,119,67,-130,121,9,341,278,-104,72,7,-104,382,200,168,80,147,294,-46,148,-83,387,-110,49,397,224,255,83,357,91,188,-131,20,65,-135,132,150,14,107,202,-64,375,-142,312,385,146,66,77,-119,280,19,80,-81,-40,-62,-149,-95,120,123,393,119,39,332,157,-129,-137,335,395,313,282,249,128,-41,-103,-69,127,230,159,391,89,32,33,315,286,82,-150,354,211,132,378,18,35,-29,290,323,-29,141,96,37,372,133,-27,96,255,186,8,116,141,0,134,0,-27,121,189,296,306,380,-38,379,375,-87,242,348,367,204,2,178,328,240,261,107,356,143,326,357,-32,327,168,244,-103,287,324,399,-15,367,173,46,-40,399,-36,337,214,333,159,-38,119,169,24,-132,52,-25,316,103,141,1,48,48,3
302,29,67,169,-128,-67,175,178,179,322,327,84,-32,-111,109,-145,160,-85,223,-5,83,-122,319,210,204,-125,139,-80,-62,26,-124,138,380,333,283,342,127,195,87,-14,12,142,-123,105,114,330,250,309,-18,40,-27,280,67,252,171,150,-80,63,394,223,185,20,193,305,259,150,345,140,286,-49,-141,-110,219,-25,232,176,299,372,381,122,351,336,76,76,190,121,244,-27,44,22,52,-118,60,-100,256,390,367,-18,-55,273,-69,164,129,-65,215,215,-58,-80,175,356,175,40,63,-104,-62,76,246,66,150,265,19,214,81,177,82,-114,251,275,257,66,19,207,35,10,133,33,386,-9,80,317,237,7,167,34,270,32,-99,-148,-74,-135,79,116,155,-145,-41,-8,56,278,15,109,243,-30,262,-11,17,-67,270,117,-113,152,187,179,48,-146,281,220,-48,284,3
230,-85,119,-104,214,29,-83,-36,-125,56,-78,108,235,-121,270,-148,370,369,370,250,123,321,221,280,388,197,-80,331,105,-48,-4,-11,272,-87,120,362,-144,242,-150,110,-104,-149,384,208,326,271,53,76,0,96,-134,153,363,46,295,190,-90,116,-54,132,96,-116,318,-83,38,-110,-84,157,-32,35,-81,133,397,197,44,333,129,197,327,-53,131,268,72,101,-71,262,242,183,177,-149,52,107,216,-5,227,290,304,256,-132,282,278,101,70,-38,-2,-93,46,-133,64,-135,248,82,-126,250,214,144,286,-80,-126,223,394,307,63,60,390,-112,109,-56,239,69,117,343,-85,236,42,169,396,24,-39,157,189,-71,327,-40,336,302,262,35,-64,73,-100,-25,-5,-110,204,294,212,385,133,-115,126,174,31,320,266,-1,253,363,290,95,-105,-76,-2,255,-148,-142,363,87,1
389,139,30,164,115,-68,107,48,141,-68,115,266,-132,379,220,-128,234,371,228,-61,-7,53,369,241,150,354,2,378,188,361,184,358,-95,-21,-53,271,-71,137,18,-72,-80,112,379,59,-34,-74,164,-140,-100,-144,398,110,361,49,179,-61,-96,70,-59,-95,28,-90,-34,85,-118,92,-77,-130,3,103,56,-2,151,146,340,-107,-7,93,268,366,-89,387,166,284,230,-115,391,81,-118,201,104,-101,-128,103,243,122,99,86,81,277,91,-17,-80,314,270,159,128,68,156,163,252,337,254,228,130,176,-116,-81,209,257,368,233,-70,287,99,-113,-106,208,-14,310,216,154,78,32,316,53,-83,399,154,-56,95,-72,282,129,218,128,200,75,255,295,172,-78,367,170,-129,28,-42,221,305,78,380,213,274,65,-103,314,122,-121,39,1,225,104,-117,36,298,-65,-33,-93,2
-133,-11,307,61,335,-31,-148,78,78,192,-10,-94,65,-37,143,-123,387,170,362,-119,260,246,-134,-99,219,13,152,299,393,351,200,228,288,50,-44,354,233,145,-123,186,136,192,-120,336,100,212,-44,355,291,-34,94,-72,335,-128,46,210,276,66,45,292,308,308,333,-7,163,106,323,348,68,380,207,86,124,66,246,-77,177,257,-3,-65,370,352,81,347,272,316,96,219,362,-46,83,307,106,324,21,122,43,-39,-128,164,51,350,-126,357,215,380,-105,-116,51,384,214,319,149,265,195,198,39,252,198,222,354,140,-40,352,150,-138,372,-49,46,240,-96,32,-132,212,322,-142,-126,155,283,271,-94,383,397,28,-83,345,-150,-103,266,46,-103,204,83,286,-61,218,18,212,26,349,-18,21,379,290,-39,-111,-49,218,23,190,45,31,172,-38,84,354,-80,68,1
366,14,362,230,33,218,297,-143,231,231,297,3,-117,346,-129,229,-3,-52,380,120,-150,136,29,105,23,-101,381,39,-108,366,-85,245,100,-23,37,32,261,-72,-132,327,-106,71,-22,79,76,246,124,-13,22,176,64,77,-44,8,-15,-121,-53,372,191,17,60,34,281,273,-112,236,300,-36,250,153,158,-48,-49,-61,-33,-12,152,366,58,-64,168,94,-61,327,-39,243,89,121,-8,-32,100,127,12,199,-120,307,-60,-23,397,358,86,382,-100,318,237,-89,192,2,-110,335,231,-55,142,84,190,387,199,56,340,230,-10,-128,213,-3,354,67,331,265,174,338,257,-7,60,108,76,221,240,-63,249,158,-147,22,393,75,188,55,-49,-93,-1,101,328,277,391,373,340,375,141,-106,49,-127,236,284,91,52,86,143,197,-64,59,-149,78,259,92,317,307,62,235,261,1
364,377,237,128,-49,239,51,241,203,84,-37,-84,-111,-48,260,144,-114,-84,252,55,190,-99,275,58,363,27,-129,218,-69,13,226,-148,-33,244,115,284,76,225,111,215,277,-143,-110,106,-49,68,93,152,219,124,-81,-104,-34,366,103,22,278,-115,256,265,261,337,170,-78,262,-27,234,81,282,340,-65,-121,49,5,381,1,-74,177,21,254,255,211,-23,372,185,114,44,-51,220,277,-18,105,299,253,-97,256,234,91,-104,-36,-21,4,344,-69,-126,183,31,281,23,-110,294,244,137,111,-94,-145,11,146,-94,377,-92,15,395,-105,-104,239,101,15,217,228,166,-19,238,197,346,360,368,301,392,65,319,153,147,195,135,-25,-100,268,-100,320,225,214,81,329,155,287,100,191,-19,373,355,248,-33,-90,30,162,114,-122,112,188,271,-62,181,280,1,-25,-108,270,2
339,102,333,142,66,18,234,-135,-114,270,145,284,169,383,148,-135,244,126,132,-65,56,326,-20,249,-15,195,19,12,48,-103,343,-48,397,-145,-139,-48,276,20,-62,288,196,60,283,382,374,275,-31,27,-22,267,167,91,205,287,307,291,77,257,126,-133,160,173,-104,379,349,41,-102,-57,16,343,103,-94,-145,87,73,-131,53,-9,225,256,-71,59,161,226,-111,202,302,272,-65,85,264,205,97,78,388,210,24,223,-90,19,356,263,-35,24,273,-23,338,-146,175,21,48,80,182,315,273,162,372,273,24,223,86,292,-113,388,5,43,10,-25,396,88,-110,35,310,238,110,255,395,298,250,156,-14,51,6,104,30,258,-123,364,394,48,-82,-134,395,-91,33,214,283,48,81,217,279,-32,179,64,171,-2,257,226,169,-146,251,52,-114,-97,137,133,-106,133,5
-109,266,121,-10,-104,16,-25,321,219,-144,125,-86,51,-9,-53,66,142,357,-17,111,133,-49,226,55,-138,-28,-141,16,0,-114,323,293,191,-146,75,388,-27,252,-116,86,317,348,361,166,152,-49,161,-69,42,73,-98,194,-66,60,32,121,355,76,-139,-58,179,39,142,110,172,-141,-63,189,167,398,72,58,-102,385,112,55,346,314,-131,-43,-11,-60,120,178,59,304,133,215,333,-148,13,237,-142,215,-139,-77,87,-43,374,83,288,330,-59,47,-35,214,2,-43,377,-95,301,241,57,359,149,128,-7,53,78,114,315,-14,89,298,164,0,174,252,202,-41,315,-111,189,221,374,356,-98,-71,200,189,-30,-86,289,145,54,127,-16,227,-99,-84,-148,300,359,287,377,-49,286,-130,236,382,-59,-18,354,302,-3,81,14,163,147,72,202,265,-89,225,254,104,300,239,1
197,351,171,393,-87,3,366,244,179,312,-59,71,39,54,61,-62,212,220,181,275,304,271,20,98,30,324,332,233,253,10,97,168,380,-38,193,-28,168,327,262,94,393,306,2,-136,292,153,94,304,208,-99,-140,76,-37,386,-64,99,99,270,59,370,397,-94,-88,187,381,-145,360,310,205,68,216,213,239,144,354,137,26,148,133,-97,169,328,391,70,192,63,171,-136,329,-17,-127,226,-9,288,173,-29,149,190,28,57,15,-110,-76,329,197,121,15,-65,4,72,266,211,195,-5,-84,366,-92,-135,335,25,171,310,-15,277,391,171,185,362,20,-22,267,246,-90,-34,322,246,67,326,117,-75,-82,294,147,323,9,-143,334,-63,-10,390,374,192,65,355,-77,-82,72,235,134,-29,290,306,13,112,-59,185,163,315,250,334,126,-85,50,317,283,-13,-99,301,3
7,55,191,165,-15,-76,298,-82,51,16,-30,-54,226,340,-98,-142,180,100,209,198,-27,48,260,229,354,-56,-121,-59,-136,309,-128,175,-64,42,112,278,209,282,357,-102,17,290,77,63,3,256,-133,316,193,173,95,-91,343,-102,102,232,158,394,-93,-87,-26,-90,229,-13,-85,28,20,193,36,76,115,41,-25,323,-52,193,92,-131,208,282,336,179,156,34,184,355,312,-148,24,382,147,-33,55,-16,52,-116,-121,277,106,230,31,57,288,191,227,260,376,232,314,242,0,218,-44,-12,129,-79,354,-45,350,8,-1,-137,-146,122,187,60,176,315,-72,26,-19,141,227,265,193,226,334,-5,381,145,194,246,324,374,-105,277,72,-128,-84,332,55,107,395,102,38,2,-74,389,218,3,4,120,358,239,-83,-19,114,69,138,-72,169,167,336,240,-112,48,-46,356,5
178,157,71,-124,0,22,-129,394,243,-104,-26,184,144,386,387,146,-107,-129,75,398,223,-147,-127,171,388,221,214,-82,321,354,162,-79,95,-78,377,-111,-112,-95,21,151,339,281,-147,110,398,259,114,-136,-63,-52,66,259,40,64,-124,31,8,79,84,235,379,133,-80,353,64,-34,-51,144,26,-19,-94,-138,42,359,2,-128,-121,218,240,159,250,202,-85,15,341,29,393,-134,-25,-69,-111,68,31,287,379,10,36,203,224,316,90,183,-103,-40,-47,312,-77,166,-149,221,318,-141,272,107,325,94,186,337,-78,-146,311,215,344,66,63,174,159,-113,-90,-56,82,397,362,-1,320,64,248,-145,-70,38,-123,-16,154,344,129,-71,240,-136,72,115,169,-45,102,48,-95,256,287,306,326,196,335,212,61,286,-8,134,-81,377,159,112,-91,371,158,369,231,190,398,-67,2
83,89,-47,74,128,242,278,251,-105,363,25,215,22,153,1,200,-59,10,-45,-48,-19,138,307,-50,-130,98,41,162,17,20,65,358,23,385,257,350,-13,-52,-94,96,-44,-103,135,-105,245,-31,-91,-4,346,-33,86,67,-27,112,19,241,-1,95,350,40,23,21,187,260,-81,-53,366,34,262,227,-139,258,267,180,129,-36,59,296,243,30,314,-123,42,105,273,-60,-6,301,277,91,335,-120,-91,325,-50,122,327,-93,354,236,310,-106,140,107,95,89,262,-23,125,267,56,214,195,9,-55,274,-35,61,156,117,-107,307,321,-142,38,230,-36,351,237,288,168,293,-123,247,-74,207,35,83,97,248,178,-146,197,248,108,268,240,-36,-147,-23,-142,173,-33,316,312,-26,72,177,108,-84,-89,375,128,-28,121,351,118,67,8,209,314,393,97,140,-115,-85,276,6,2
-30,41,325,203,392,206,380,329,-78,240,-75,37,187,325,155,11,-104,-127,185,133,23,156,79,-33,-98,41,372,-10,-38,113,340,193,372,-52,322,-128,88,112,174,236,-29,149,166,-131,391,149,319,-65,254,-39,-12,-141,140,228,87,179,34,274,172,331,207,211,-115,365,179,118,-81,368,227,142,135,209,373,186,391,-115,337,228,193,79,246,270,251,337,-105,3,110,136,180,321,118,6,278,101,116,-92,20,168,247,-136,311,-13,-1,149,272,268,42,132,103,353,162,127,159,35,73,271,-124,230,169,-20,372,129,134,46,124,-83,82,71,302,153,249,169,113,214,238,76,305,154,354,177,370,169,341,310,384,293,292,76,376,365,267,-50,257,254,-21,368,-116,3,251,-87,78,102,337,-136,189,212,29,64,3,-106,201,-130,218,-73,-32,208,363,352,3
-119,207,-89,-54,227,345,301,64,-67,255,-44,338,206,-20,-129,75,-45,243,-50,-3,79,-64,372,-58,2,272,203,258,-64,60,232,373,2,-146,-75,260,-147,221,-68,280,321,211,261,-116,91,-71,-76,133,87,186,380,-68,167,146,191,273,-132,-147,316,39,130,-88,103,-149,-84,135,-19,-103,-104,80,133,398,-123,260,322,71,225,-142,262,320,-81,191,-85,-81,110,381,245,207,207,241,225,35,154,-87,27,84,-111,136,108,316,89,352,391,200,390,161,-43,-121,158,335,-105,208,-14,280,100,282,56,295,-92,55,180,374,7,-47,208,214,28,207,113,398,202,213,99,-31,41,-89,59,-99,162,128,237,51,-12,-132,170,-56,-21,-46,46,109,-112,350,-20,3,170,-29,-7,35,396,60,249,-118,8,255,213,12,-20,-55,119,216,214,283,-90,172,57,197,-106,196,5
218,383,207,344,-91,147,-92,273,80,297,217,-122,126,228,-113,56,138,342,74,301,-123,183,222,150,53,228,-36,-131,245,-99,35,202,-37,363,395,131,19,170,215,369,-41,393,392,173,-139,-128,10,113,229,-71,120,274,285,-73,373,-40,301,263,109,200,33,24,235,121,35,16,-8,342,-79,193,348,-4,350,187,-66,-8,160,218,290,-84,383,190,-49,163,-41,281,191,28,-17,-121,322,234,-142,-15,139,-108,-46,-120,68,-38,109,-139,320,189,95,99,358,153,362,210,-107,168,338,143,358,370,175,102,157,172,-115,140,391,338,85,234,210,105,208,392,-126,-150,207,-33,328,308,-38,44,-131,135,307,297,-66,123,252,102,214,109,283,-29,366,392,368,-139,-141,6,-10,-14,249,292,291,116,362,126,205,-58,-15,-40,-107,60,192,208,210,180,260,357,81,19,2
253,83,369,151,-51,102,157,236,-28,-19,85,70,-89,252,20,325,-137,119,-97,262,-20,366,150,276,-35,85,-138,67,178,-83,240,-59,-47,275,153,228,197,24,241,254,-63,98,215,-62,305,264,304,360,24,58,162,220,162,353,-65,115,69,144,355,12,-24,-34,255,205,71,225,163,-1,85,17,344,261,-82,116,-1,374,231,223,355,86,174,99,300,271,65,-130,154,202,294,115,17,-93,173,115,-89,-62,265,-75,254,214,234,-142,364,218,158,19,-4,367,-71,301,315,261,144,-21,14,299,356,-82,349,-16,351,194,-97,181,269,162,-13,204,351,74,-52,156,240,-60,223,53,-34,-85,-20,235,-59,-74,101,169,-97,-6,-65,-10,-106,-34,-4,-130,385,7,325,-103,268,-41,378,153,331,-14,-74,119,-66,317,91,-87,89,-56,247,-102,302,-6,247,152,277,-134,5
-70,33,316,132,-80,-61,214,52,80,-145,206,298,-5,-96,-84,-4,81,317,-55,340,97,-19,374,-81,198,291,105,235,354,265,168,165,179,-19,-7,96,-88,352,85,246,-28,119,-143,191,164,185,105,-35,238,-66,-101,13,-3,-15,67,355,221,83,-36,38,266,46,399,373,-137,94,151,313,282,311,133,383,217,6,312,10,23,348,399,185,-125,353,148,286,-140,87,259,183,162,-150,372,-63,91,-19,177,-40,138,266,-77,-43,365,-46,231,-74,52,350,90,221,54,261,63,290,380,61,-98,360,-63,-142,-68,-126,74,346,279,277,43,-33,-73,1,-95,206,108,384,255,-36,323,183,158,180,393,353,-63,-148,232,373,-3,355,-67,247,33,18,-43,42,63,209,-56,392,5,373,121,12,29,72,-35,-146,-85,376,298,-2,-50,116,-85,199,-31,94,238,136,-103,267,2
200,4,187,110,378,52,289,15,228,287,-103,78,-129,124,-38,394,-62,-140,-124,305,-120,296,277,363,248,381,236,179,-13,331,149,-119,306,391,234,181,-107,396,273,-106,229,346,-13,257,34,338,-133,-79,20,-74,249,370,50,88,166,372,169,399,371,377,326,174,315,-109,83,286,129,53,155,359,145,-129,91,243,276,302,356,62,90,258,-106,86,-38,356,299,387,58,139,347,32,249,57,272,239,215,285,161,188,-4,306,260,131,263,-54,12,286,45,10,104,-81,261,-115,154,319,158,46,330,185,140,279,281,383,359,354,258,251,-110,233,140,32,-111,74,134,-13,184,-13,323,337,-5,258,359,-66,-142,-62,-62,68,199,254,10,-108,323,107,8,-19,-106,170,43,367,112,284,379,146,350,-82,-126,362,32,-97,-70,9,235,298,113,158,-107,50,133,-4,2
289,253,33,396,58,-69,112,-112,135,-128,323,152,55,281,-56,324,225,-14,0,51,99,-77,171,398,15,-150,187,140,-80,-43,339,30,-126,0,114,52,324,69,-69,13,118,32,29,321,-40,-106,399,381,280,207,-92,73,38,-92,-143,333,255,321,-130,233,261,154,159,80,85,-105,71,5,-56,-68,94,-141,-62,175,135,64,-79,57,-12,228,251,372,189,25,206,227,165,-76,-52,114,-68,77,-20,-141,394,93,75,77,94,293,310,231,41,371,7,105,396,355,16,-129,-84,-134,104,37,177,229,195,89,322,156,25,162,393,184,228,389,182,-11,134,192,118,35,-41,-116,71,363,-52,-141,58,-113,-57,82,12,91,-53,232,138,-10,52,337,253,266,155,-14,-21,-35,-13,264,10,97,-17,375,120,74,-30,312,89,-130,297,178,297,104,11,152,37,-121,285,164,2
237,329,-16,-113,137,-82,-84,41,-31,250,249,372,-137,395,318,3,19,235,155,167,203,60,304,41,184,-84,-39,-44,-125,-85,263,349,-150,308,218,-9,-137,317,380,259,-1,182,-77,287,232,200,115,254,272,-72,158,-118,277,184,304,261,319,364,-30,-1,2,105,-88,142,-83,74,303,139,96,165,141,329,63,367,42,283,-77,-77,112,-65,-93,266,130,57,-8,262,-99,-134,268,273,50,267,291,351,-69,-71,38,329,5,9,-107,11,359,362,57,-54,-130,204,354,253,72,249,311,-119,338,137,286,229,286,-21,290,342,94,-99,79,314,35,11,48,250,321,305,394,262,380,-30,-82,142,259,129,382,268,-123,245,277,-7,-58,-116,319,375,164,333,225,337,345,225,340,148,202,203,330,253,243,252,340,373,243,-47,-140,74,166,271,122,-97,22,96,8,-45,4
144,125,-108,43,160,-48,99,245,145,87,138,386,105,370,-32,-32,-60,21,-35,383,198,325,294,-43,-29,71,308,347,219,-30,50,10,67,249,234,-87,61,-82,-27,226,145,207,374,-83,119,-18,-89,10,-125,135,295,98,-60,-115,-144,355,170,51,393,105,10,-121,306,111,-141,208,125,-27,117,127,-75,375,25,-115,119,-149,105,363,212,-44,-17,258,300,384,200,-123,386,-86,43,56,148,-111,313,-128,-23,112,-116,336,-50,-69,166,179,45,263,358,330,-83,242,122,148,-10,34,38,-132,-70,347,391,67,374,187,-30,318,221,331,28,-40,-142,71,-43,186,53,376,302,44,110,-142,65,-38,189,-104,338,171,-53,294,-58,101,12,7,-13,233,161,139,-86,47,377,386,99,388,-34,335,212,-125,342,206,261,325,263,-29,310,278,92,252,101,-76,-39,209,17,99,1
62,292,-105,-133,199,69,247,-53,-146,8,-64,-31,292,21,84,327,-30,346,271,-16,164,-82,47,-140,-21,-41,-124,249,169,43,195,-135,-78,50,13,-144,-90,201,334,300,263,-120,-60,367,295,134,242,-12,179,-18,175,379,-130,328,307,367,385,74,179,217,-9,48,-115,315,287,40,-54,353,216,-1,-108,146,168,67,337,-5,177,108,-32,-9,139,74,78,106,94,25,204,371,-12,-32,108,41,-21,7,110,239,373,-19,257,2,131,-105,148,-130,14,117,-50,222,-118,85,47,356,181,294,335,-31,7,-114,-7,-123,93,115,-100,-42,247,184,-17,-71,187,281,330,138,-49,180,225,80,300,170,273,-126,265,151,-51,237,-32,180,208,-25,138,289,190,53,28,195,-46,162,-65,290,329,177,100,331,-147,33,149,377,5,283,206,377,-110,107,215,-85,57,94,92,230,2
72,-130,-4,217,162,165,252,297,396,-25,345,-106,180,-79,-53,120,256,293,-60,-34,363,-108,-80,-7,191,-44,235,305,143,25,-44,-65,359,76,178,90,-149,100,-109,275,-70,337,111,244,97,179,397,-53,-6,-24,153,228,-4,-70,91,397,-84,324,282,151,224,-73,-121,201,-36,181,354,3,384,218,207,151,300,156,-88,125,360,384,236,307,257,235,239,78,76,176,184,126,79,6,-138,352,46,-48,19,-42,225,-25,234,-3,-150,-144,12,285,283,174,6,-37,-39,304,-78,42,324,122,-57,364,69,-146,43,-97,58,346,304,-71,-143,-60,195,200,59,107,-110,153,90,383,94,153,384,-40,-21,211,109,380,63,-98,39,340,-7,29,368,-83,-43,34,0,324,-49,-12,237,338,-93,-63,-29,93,-84,143,-21,-111,61,-95,140,201,-29,-56,277,298,193,397,-148,-121,1
104,-106,26,71,-29,124,161,267,178,-48,131,94,-18,190,-129,-1,16,194,310,109,49,-146,149,385,85,389,1,95,-146,-138,314,135,188,63,-38,187,-61,325,-121,389,317,237,206,395,308,320,76,40,-149,-33,157,-136,273,328,-55,-96,127,262,94,245,320,-113,-11,32,62,-25,-11,328,370,312,-119,84,-78,321,141,137,62,16,-102,70,251,138,28,20,-147,185,44,313,316,193,57,352,-21,-150,336,297,172,-127,226,5,121,-58,373,-30,301,171,-120,283,-22,302,285,356,166,313,177,-42,375,324,241,-38,135,196,110,156,-117,18,194,-5,381,387,95,190,-70,40,132,338,-116,143,-109,19,243,37,145,234,-87,-70,34,310,194,387,87,145,336,218,148,-61,289,378,-63,-127,181,-93,313,38,313,71,202,-100,-63,71,337,16,-50,273,374,-4,111,-5,1
337,370,-70,-25,-12,-12,-79,94,59,43,387,181,360,142,-115,377,-73,-130,94,244,-97,-58,142,225,25,39,41,-83,173,4,303,75,82,357,-47,315,277,291,-25,-115,87,91,-18,76,252,245,-61,104,-68,349,158,381,-67,-124,228,179,242,66,230,357,132,63,5,379,8,-110,354,368,-146,-130,91,-45,192,266,-113,185,322,-38,100,194,-80,113,233,240,322,360,-17,238,-90,319,200,-93,34,52,-119,18,-129,-72,-15,151,236,391,133,178,309,2,336,40,-99,190,374,-134,91,189,260,143,-123,259,208,265,31,189,202,-82,326,174,343,144,58,6,-76,136,80,120,-68,114,118,150,-61,209,149,-149,262,25,-26,27,-146,-34,280,239,328,320,199,-67,76,302,296,-40,172,373,388,-46,-65,352,355,5,345,235,312,392,-38,295,136,50,228,362,114,37,3
206,90,42,-41,348,-86,-86,166,-56,308,244,45,399,-112,-2,225,215,305,125,359,87,254,12,169,-82,-42,29,-19,368,304,257,34,306,354,359,139,94,-113,-36,347,186,308,-32,-95,273,-31,-101,214,222,211,-69,-103,87,231,238,184,36,-31,206,212,12,-143,166,-124,125,321,326,27,209,85,-118,390,394,-51,179,-86,-29,325,-24,35,-60,-105,-126,198,284,179,143,95,15,106,201,38,124,-117,339,348,94,103,-42,172,-37,334,127,-122,247,71,167,120,247,300,192,230,225,189,-144,122,137,33,35,329,106,353,-41,-3,63,286,183,278,-55,-103,127,52,48,357,178,-27,49,-76,6,-17,161,-31,-139,394,-31,-68,77,35,60,-108,358,-78,-132,14,116,289,-23,302,150,167,-117,-53,59,165,169,284,105,254,303,38,237,-8,71,289,381,129,97,-35,4
254,104,146,374,183,-80,-92,-100,-135,353,-100,-23,19,29,177,150,100,367,111,-60,43,178,-87,143,75,294,183,-88,346,381,308,182,94,-87,115,11,-106,-126,149,74,-77,-35,1,-60,138,-59,236,264,390,21,221,347,85,-109,-2,327,-31,378,390,-103,235,-23,351,296,-112,322,-18,-32,173,-99,-15,253,18,397,366,209,86,-83,-1,330,264,70,110,115,308,-95,257,318,92,363,18,282,134,303,37,145,372,231,192,72,184,306,297,186,204,205,81,116,39,-103,133,-96,188,-32,-149,73,52,-140,108,147,46,264,182,2,225,-17,-35,-84,105,37,-112,329,176,-21,-88,-54,261,379,295,85,-66,204,251,15,77,216,259,-91,13,79,6,223,91,17,-30,-149,-33,356,223,-43,148,282,-39,255,349,-132,-131,355,3,364,327,233,47,28,377,-104,32,203,3
336,65,272,-142,62,-12,170,-60,164,-39,-38,223,112,217,227,-106,120,344,96,23,-115,151,7,-118,231,273,144,264,168,-126,283,-92,26,391,-106,301,158,3,-11,234,-118,220,27,209,285,-145,80,250,-128,10,43,115,-68,17,193,-139,383,379,299,339,16,314,-144,12,44,168,-21,-42,68,355,278,93,287,156,104,176,258,-150,43,213,-29,213,-147,-2,-90,-34,87,-13,307,334,-69,-104,193,188,85,313,225,-28,95,103,130,-84,382,383,24,40,134,154,256,181,154,186,-121,289,107,83,-125,372,233,385,242,311,-13,-41,324,177,55,-80,59,34,232,248,394,163,77,-5,-129,149,114,-101,224,-90,-132,157,386,56,174,-76,267,177,130,-76,90,-146,64,336,206,243,4,240,218,-122,272,-142,49,294,183,79,242,157,180,209,32,236,-42,188,49,30,4
389,286,-111,71,146,-122,51,334,-21,-103,265,306,-102,-75,395,97,139,384,380,285,232,-55,100,90,154,289,337,347,-19,251,225,392,220,261,4,94,391,-76,55,277,270,-2,-63,355,17,38,-37,-138,6,30,169,141,326,282,18,251,7,233,247,-95,-78,322,29,43,233,78,115,-80,-60,-75,294,46,33,-74,297,146,237,171,270,395,155,195,110,195,-2,267,-122,312,38,-86,308,73,325,175,368,41,-63,307,7,122,181,131,12,23,-43,150,180,-7,-93,147,37,289,337,239,-131,61,385,69,22,-150,317,-126,53,50,40,258,327,153,385,-69,396,395,111,26,64,-10,117,-12,-104,-91,-90,-56,324,-111,195,176,286,255,60,-113,317,166,60,-68,205,388,58,125,341,147,-93,145,308,245,223,-89,295,-64,248,-27,368,132,363,6,75,243,115,115,4
398,137,141,169,322,248,-78,377,-68,23,277,140,230,212,35,-146,111,28,-9,117,319,-83,-44,286,-120,396,370,-109,36,150,110,339,106,-84,69,172,-92,27,310,139,-39,173,31,315,73,247,9,303,212,-148,209,164,-129,270,-25,254,117,-45,394,20,154,183,-133,249,17,184,4,225,-70,299,159,204,173,77,40,146,38,42,362,-142,-8,336,43,371,282,-12,-121,128,-109,77,329,266,50,170,217,175,159,210,377,152,128,170,326,153,368,-95,41,-129,-71,133,277,-48,-9,252,11,65,327,100,259,168,237,-66,364,-146,84,262,224,124,220,381,243,-147,383,373,255,262,38,166,388,280,189,368,279,276,371,364,149,-97,11,298,60,296,-81,150,-83,131,3,311,73,217,38,235,-110,366,-21,-129,-110,2,199,-142,-104,179,-148,258,-115,92,283,267,4
68,50,243,388,118,-27,249,130,282,249,-149,178,232,-73,181,12,-1,354,-1,-104,211,223,-56,-50,239,-69,262,-148,-138,13,194,15,-76,-91,231,-78,-28,316,138,365,330,86,21,234,295,56,-1,0,-38,81,337,232,223,96,-11,251,-26,205,88,362,381,122,26,255,-37,-124,267,311,29,96,349,166,283,82,218,17,-83,194,379,-99,294,-11,258,184,130,254,-29,309,-112,-76,66,95,267,52,368,145,299,77,-48,-59,206,-5,116,-32,352,113,125,-92,196,35,-36,211,85,291,112,-100,200,266,-138,243,381,62,119,-111,30,114,-45,336,253,239,-28,-114,352,376,-59,-51,304,243,354,-34,340,191,275,319,-17,29,61,367,262,206,302,284,-74,132,386,270,0,352,364,184,261,104,67,57,139,134,365,81,181,56,210,200,222,-50,393,319,-20,378,5
326,97,224,245,-73,-110,107,30,139,-26,317,84,349,-77,-146,-33,163,50,392,279,8,150,269,107,-89,11,-65,-138,124,266,-27,-102,-148,120,399,2,166,283,371,339,48,285,66,359,-111,338,98,-66,253,-122,-114,356,381,109,104,-65,261,237,249,271,182,302,-2,19,174,77,175,-146,1,70,6,107,-145,139,53,127,-17,296,195,-35,162,270,22,18,-48,77,-18,60,-42,42,206,370,275,-77,-55,-22,192,220,250,71,361,354,184,223,335,-144,238,285,-35,-48,-148,393,-71,245,238,109,161,185,59,360,297,-106,253,158,76,198,-38,-121,125,211,-64,285,-129,234,-130,340,316,305,70,347,8,-8,-106,300,85,74,257,143,129,266,-4,320,-102,-134,-2,61,-88,385,394,336,329,-107,305,360,204,-139,205,-14,323,-98,-38,327,184,266,-84,169,103,250,3
149,-146,295,84,296,-112,49,-130,-77,-2,133,-65,-49,380,-88,399,257,22,370,370,382,-127,-56,145,29,-20,382,-143,50,234,375,397,255,222,13,372,203,258,360,61,194,-140,185,189,107,-97,145,66,237,-44,322,-143,393,17,180,-114,80,32,141,371,-81,86,313,-33,40,355,353,250,166,71,38,141,72,266,256,-113,302,56,249,36,209,-145,-18,322,362,-68,226,184,-49,137,-120,163,3,2,81,-30,34,305,237,75,44,-125,43,-132,386,113,364,320,88,138,217,261,-129,203,391,269,164,178,319,312,289,97,20,128,-3,-8,-80,160,316,-110,205,-7,128,320,-93,17,15,222,-69,-17,213,334,-105,111,318,71,-59,-132,119,264,96,151,-135,352,244,33,290,99,225,307,-63,195,239,29,225,32,178,339,49,328,304,289,348,5,308,32,285,-105,5
93,5,243,98,104,211,226,2,89,309,1,289,89,32,159,108,309,280,349,-75,146,211,32,-92,255,376,36,-126,148,41,-20,353,56,87,41,-123,-44,72,229,278,-67,347,86,-2,-116,-54,82,256,374,338,253,72,252,300,33,126,235,342,144,-90,-5,375,32,164,-115,-95,-110,232,18,20,305,340,143,113,96,-3,290,211,71,-43,64,-21,149,284,211,73,336,223,-43,200,272,241,-75,99,90,75,322,112,-136,190,345,290,399,-114,24,285,142,150,188,-128,199,-85,244,282,-122,-68,325,284,-18,-36,-117,-73,124,193,-70,-79,-6,-113,323,20,-111,22,273,48,71,299,277,297,281,171,1,-106,173,261,110,68,-104,152,39,185,69,-32,-69,-138,327,148,-59,125,153,122,261,-115,271,327,351,187,259,312,362,-70,328,235,269,289,-116,350,33,-3,2
113,338,131,51,266,166,77,-83,329,-50,92,-61,-24,248,151,343,270,-9,102,-78,63,228,148,228,341,153,347,86,79,-144,105,20,137,83,342,60,216,78,194,-74,309,114,353,94,278,-60,294,82,303,198,-57,271,339,-27,82,-87,12,153,168,-145,150,-50,265,209,-20,235,-131,144,245,294,141,339,197,114,-107,-76,-98,135,-85,-113,266,318,-96,-35,128,303,-9,-102,218,219,150,201,44,154,99,107,299,-92,70,383,211,-98,378,347,4,339,-73,23,169,-119,141,371,164,116,271,94,-60,285,338,-137,135,247,276,210,-108,143,194,91,-96,291,-44,162,33,-21,348,267,-102,169,102,241,-82,291,326,226,394,381,36,-39,33,142,210,351,156,-65,145,301,20,205,309,128,101,-143,169,0,225,214,289,-9,-131,-139,-29,274,78,-122,-16,-50,225,160,4
289,306,49,-26,320,-129,-101,-85,-21,151,176,233,387,-102,168,-130,282,-142,-2,286,348,-96,146,367,78,96,131,106,-58,63,-18,346,-65,245,396,98,138,258,158,-90,353,376,160,49,202,-76,120,-130,-115,47,2,-107,394,359,265,258,145,52,217,275,59,309,211,325,153,34,114,263,251,22,-68,171,195,-79,300,57,191,-118,231,235,-42,11,-135,-137,95,-105,251,-103,259,303,-9,299,38,306,-35,363,-138,126,101,77,-5,66,143,130,15,-8,347,333,262,-54,137,118,58,386,154,-63,-31,74,-15,231,-140,288,-141,164,-86,317,44,263,-150,217,225,40,139,48,84,79,75,279,45,316,290,6,331,203,382,357,254,138,-61,231,150,291,351,234,372,351,98,-60,243,207,-2,324,291,-143,78,-81,-111,-122,370,126,137,32,371,-67,246,-65,146,136,4
-42,393,-138,226,258,-136,37,83,307,-6,366,-10,382,-36,-107,53,322,158,171,254,210,-25,-31,63,160,-86,215,54,36,110,-61,242,-1,261,293,-11,142,315,96,-53,19,159,275,-84,-95,366,0,167,-10,164,-145,38,166,373,12,217,366,-85,173,42,214,219,185,-18,-10,185,348,25,-115,-8,377,353,-145,73,205,-115,395,374,-94,-144,292,164,-40,-35,156,159,-57,41,128,-96,-134,184,-89,176,-23,349,108,259,-8,246,208,168,127,-60,-69,-132,228,218,307,-132,102,213,42,127,-116,93,-78,116,183,17,189,-54,-87,-55,395,218,194,291,300,83,6,-123,321,307,187,271,224,148,-126,-85,378,240,127,-141,195,-10,-123,-51,36,242,160,110,-82,-113,-85,324,343,316,-87,29,-52,386,153,-78,396,-8,63,154,263,194,343,-26,257,85,193,370,376,-87,3
351,-140,279,150,95,-57,164,2,89,-11,65,219,142,90,384,170,-106,133,61,-64,-144,308,32,177,148,247,-137,-51,18,81,-40,196,189,89,89,119,389,135,184,292,352,219,-31,-76,272,-81,120,-19,-53,-49,277,16,-46,398,291,115,269,110,283,265,204,310,234,392,124,159,-19,-102,293,21,179,-145,53,218,397,130,-96,18,162,327,277,361,262,-103,-148,178,82,-91,379,-54,-85,-120,-3,-104,93,106,327,205,302,371,26,59,-109,-27,36,-126,13,-116,102,324,319,371,113,-46,69,256,55,65,-87,-113,71,191,322,385,206,355,84,-57,38,-135,224,213,247,259,23,35,-121,319,229,161,-73,384,378,-29,77,257,24,-136,63,-99,165,-94,138,-2,257,381,218,173,206,279,-118,392,135,366,-34,118,12,-11,-7,71,284,394,303,-84,-145,90,-96,232,1
283,319,-80,299,329,-8,-129,271,241,317,142,-30,287,-50,36,8,367,29,280,61,282,-50,169,-53,128,-8,194,205,204,279,-112,152,398,274,197,278,135,304,173,368,202,152,59,293,-18,25,-64,307,66,255,256,278,81,279,-113,273,248,34,226,124,135,197,379,-144,37,-35,348,-88,290,193,228,144,81,289,243,125,16,-52,261,77,263,163,175,-89,-22,301,258,272,79,361,187,95,53,42,208,103,133,67,31,72,57,272,19,-12,52,103,15,245,275,296,355,-14,255,80,93,135,-97,241,119,238,-138,192,188,-127,-116,335,271,139,139,-132,141,227,3,-23,282,119,364,107,191,351,266,-51,243,-98,277,-2,300,383,381,215,173,369,95,298,3,95,-108,242,12,315,361,-4,5,364,-5,361,118,260,93,145,163,129,326,-32,383,323,61,315,2
15,329,232,-90,128,58,-114,-17,261,-3,246,101,352,356,93,216,299,-31,158,61,133,103,379,112,126,-110,272,358,213,392,310,302,164,209,83,-108,77,182,341,55,-62,-52,-114,223,240,283,335,241,205,-96,163,-47,-135,258,-122,205,228,360,196,352,-126,-59,178,387,191,297,245,391,375,351,256,-21,-20,367,-2,125,45,258,-80,48,394,314,-61,-150,16,398,91,-17,101,-129,-79,370,350,157,100,53,-143,-43,372,222,235,32,158,28,76,367,-139,99,267,226,47,297,-114,270,-143,14,-31,221,82,279,136,244,269,301,121,135,-112,346,337,221,398,259,105,325,60,254,380,244,-21,-126,-61,122,190,61,197,145,239,-63,276,19,-4,89,-96,369,148,-147,213,141,238,320,380,275,248,153,-47,180,213,215,-69,-66,68,217,91,11,28,-59,349,355,4
18,236,170,-50,145,42,310,135,65,305,77,210,-108,30,360,311,135,146,-114,-68,106,66,371,-125,100,64,169,260,308,173,379,188,77,85,215,283,298,356,125,-89,180,36,386,354,170,42,103,163,73,280,205,276,241,71,-48,167,386,68,287,18,-79,305,-76,112,318,367,48,187,-113,168,-11,97,276,44,64,390,238,278,1,-48,254,137,-18,295,251,-116,193,333,370,237,394,-140,-13,-20,248,100,215,270,273,11,-56,11,210,78,-35,70,312,164,179,135,31,305,124,-114,292,-115,-83,259,209,-30,331,138,-61,61,-79,139,216,-124,269,211,304,321,218,175,259,352,-126,10,44,270,-138,256,204,95,-63,288,270,105,125,-144,349,95,195,53,331,329,-57,159,369,279,19,-32,-88,-34,-42,342,266,174,89,365,101,35,262,353,382,3,73,267,4
334,9,-100,129,21,181,142,-85,119,193,120,-90,-15,108,105,180,242,393,103,116,-144,288,-147,391,156,311,397,200,348,60,-38,-34,165,282,-136,50,196,-27,5,258,57,315,13,126,243,-101,-7,15,-84,-131,-82,303,-126,159,-139,83,-18,124,1,301,65,159,82,342,-2,186,305,328,356,124,30,283,0,320,53,313,176,-2,126,-116,65,-150,317,315,300,-81,106,-59,221,-52,359,356,192,95,321,128,359,280,291,110,104,310,114,364,294,72,41,289,118,-110,-110,180,24,282,298,172,129,-57,189,269,54,109,240,127,330,300,140,-46,226,39,44,226,-133,108,221,-91,-46,275,110,-105,375,326,116,383,-45,366,245,-2,129,374,-125,131,333,-87,-40,-63,271,289,-23,143,-2,176,-11,-29,372,233,132,296,43,55,395,-87,-134,284,-46,289,77,244,1
62,147,274,250,373,247,109,-25,75,182,179,114,20,-150,90,-131,164,322,-10,182,-101,310,240,-96,-100,339,181,119,211,-6,-22,224,354,-150,216,387,344,23,374,-117,167,60,160,-57,38,363,53,340,-97,325,-57,163,209,17,247,386,243,205,-103,281,-98,90,244,-124,-92,35,-10,-94,299,-45,129,317,282,189,363,248,31,151,32,359,-56,263,5,-54,218,87,-138,150,31,4,240,26,-82,157,394,-98,65,-113,277,110,223,-120,242,274,-146,-97,353,357,302,49,122,75,320,-133,-141,-112,-110,-107,46,148,58,308,85,364,209,232,276,193,103,397,356,367,179,337,331,321,381,286,271,11,283,-135,-86,-78,53,103,378,44,100,399,134,392,332,159,30,94,290,124,73,216,388,99,-138,157,41,-132,188,-125,-145,-10,-124,-46,371,128,152,-139,-74,-133,2
23,250,-64,192,298,-97,276,-73,288,346,21,399,210,85,282,-135,345,60,176,96,398,352,16,290,202,-52,-33,202,350,-112,179,172,347,-122,392,165,362,316,48,31,-21,-20,-146,16,234,-59,36,314,368,-36,112,193,88,158,-135,-89,170,217,284,141,12,90,174,224,-22,-28,313,376,78,-7,25,-98,184,142,89,292,-15,-80,-143,282,185,268,150,86,355,248,172,-149,34,-135,128,200,219,227,-96,57,-19,215,205,27,91,133,286,374,-80,-97,-138,225,109,-71,325,-91,-104,339,-115,380,105,135,216,77,20,346,94,242,373,147,306,286,195,327,34,121,310,-52,283,322,118,245,257,236,383,190,388,63,246,-107,215,23,122,399,339,31,-55,-80,160,176,196,15,65,193,-90,35,213,31,-117,254,-13,-123,-45,6,-44,82,45,51,-42,392,-110,-87,5
264,221,213,85,320,349,272,37,389,252,343,83,341,380,161,-38,350,193,207,-25,-69,101,231,-52,301,-127,266,202,-78,364,-121,299,329,306,-124,205,-132,377,119,-5,391,-2,32,-109,14,-57,63,37,-63,307,321,-97,221,366,214,-114,-32,258,212,218,2,172,143,329,327,297,-21,191,116,187,324,264,140,21,288,150,-2,114,-56,266,106,364,199,54,193,314,388,-122,225,-46,183,-82,-44,-49,111,138,-14,339,-84,0,127,61,199,-4,214,77,139,179,244,-12,273,102,265,356,195,29,63,287,329,2,262,-28,92,155,-15,8,1,305,183,312,318,-125,15,215,288,-54,243,316,116,-28,384,47,-110,-30,274,-147,104,317,32,-44,348,296,26,-79,-81,-28,241,76,217,307,32,76,-79,361,-143,-79,-105,-1,331,258,24,276,86,-11,-87,128,-101,64,1
-115,280,354,98,317,359,243,289,7,-57,335,288,15,-95,304,219,227,244,240,201,-69,395,-88,363,-3,368,157,354,-53,151,-109,165,233,-47,185,-119,131,-121,242,-119,-2,-75,256,123,398,-90,-20,362,-91,229,196,291,392,248,-144,240,-16,-131,176,283,223,-8,243,332,340,170,261,203,281,-148,-20,-76,173,327,9,-134,244,205,-119,332,4,364,191,255,222,135,70,-4,29,359,146,198,340,202,-70,283,-28,138,319,359,329,288,23,195,-46,304,143,242,45,271,326,67,2,-114,197,19,159,203,99,228,-6,338,-59,30,-23,127,291,108,197,333,151,61,337,333,312,199,152,267,-83,-94,319,2,50,-112,361,97,-37,227,-16,-28,62,351,24,124,85,395,20,269,386,-54,-130,139,-69,-44,135,399,180,-19,188,70,-74,-101,192,181,143,1,-56,230,1
289,170,-61,378,132,194,82,201,282,163,229,106,246,106,8,52,262,-69,295,-126,-133,346,-35,-2,175,-130,-3,295,136,174,49,-3,216,70,77,155,28,325,266,-28,134,-148,111,320,181,110,-148,296,65,328,289,49,128,-16,143,54,-66,142,239,-13,260,358,67,-94,-59,219,261,42,-34,124,202,295,-115,46,139,335,260,272,88,147,-109,-63,25,127,192,146,129,273,265,-118,-123,58,97,227,207,-133,62,363,-57,-134,88,377,26,-20,147,-88,-21,212,119,117,349,389,336,66,206,135,328,395,261,180,298,-124,-39,341,-14,387,111,371,148,-41,282,328,116,62,158,-97,244,361,174,-55,23,193,54,-96,75,156,130,151,54,69,277,-10,304,-6,375,7,-46,138,34,66,-120,128,324,74,26,-67,-59,-143,-97,12,328,-43,120,86,110,378,236,252,4
207,68,314,270,-2,206,-100,-97,-12,-38,276,347,141,195,360,290,330,77,-61,385,245,-76,185,13,368,5,352,183,340,177,-150,209,186,36,118,280,388,-28,68,265,35,54,185,239,153,361,75,362,-122,361,203,321,164,128,137,216,180,246,234,360,-121,46,112,257,-56,-108,-115,307,-22,368,-107,-90,387,212,-30,346,7,106,120,160,162,-34,194,27,-34,14,23,4,359,159,83,200,11,141,-24,-57,295,-62,237,98,30,-90,-4,130,-39,146,-34,-124,281,160,239,311,-145,379,8,157,44,328,79,355,186,-18,8,121,382,144,179,130,286,-87,208,78,96,-59,-150,164,140,95,89,330,121,366,163,-12,347,176,-30,241,314,26,213,347,10,399,184,-101,-62,74,235,16,186,284,371,97,-107,336,326,-42,-81,392,-42,399,113,139,-6,378,-57,187,3
-90,386,-73,388,280,-52,389,164,72,38,154,205,329,-111,325,-37,175,381,79,237,154,-75,114,164,364,372,110,218,-69,79,147,130,317,379,257,72,-136,395,29,-149,0,-41,156,246,-137,122,227,56,96,236,-76,-108,-18,280,285,-95,57,-47,313,319,99,252,-125,-141,346,259,-15,70,393,126,-55,288,357,36,-114,59,264,-20,-53,292,394,-115,364,69,211,-123,387,371,-42,30,59,191,-102,322,178,85,290,-30,97,368,-131,352,213,338,49,252,94,332,-134,-112,144,-112,36,158,211,311,80,99,-149,324,31,-149,19,119,156,-102,271,134,229,353,48,-42,-86,202,-53,-22,117,258,-64,243,299,320,-41,143,64,161,53,277,385,-58,-123,167,248,115,134,-88,368,-131,197,-101,38,-84,214,51,-52,9,-123,315,47,58,286,115,340,258,106,185,82,-78,5
-138,354,-150,8,358,332,65,44,161,252,-147,391,-45,-29,116,90,-98,-27,-63,159,-138,58,284,-99,-44,370,-31,-84,-69,-37,303,81,165,324,220,382,107,278,349,-141,274,361,166,-17,-133,196,217,17,-134,371,356,323,392,155,228,189,0,-106,56,271,-12,241,233,298,52,-141,199,-75,66,141,-147,227,-113,144,-62,124,363,-1,162,-51,108,128,-147,261,175,368,-150,267,29,-141,224,301,-41,-26,281,150,-48,-81,-41,73,73,63,397,192,206,288,105,331,253,-109,237,-122,52,176,-97,339,266,209,398,54,129,-96,72,-43,358,-145,356,20,117,42,29,-81,-121,-32,359,309,307,-112,111,33,369,377,235,102,-140,60,365,209,-83,276,-142,386,-85,22,-129,-109,53,4,372,311,-73,-47,127,-94,188,123,282,240,191,109,23,44,290,121,156,157,56,-34,5
-146,348,150,274,-61,-123,393,66,-80,-121,105,245,370,172,219,5,63,-68,254,-141,129,130,-61,-22,158,334,-44,354,132,-44,4,81,298,229,182,-75,110,186,79,70,247,261,250,347,23,150,-48,370,13,-146,27,-124,10,-36,227,-54,-15,237,13,264,-15,7,247,215,151,198,243,173,-101,173,363,312,-76,350,37,-22,342,-54,214,350,14,26,122,176,248,260,-87,296,190,78,354,99,-81,361,194,396,122,194,309,-44,337,-107,351,274,-102,-91,107,-37,198,247,319,-136,398,-13,114,-70,152,123,-38,258,214,90,-62,121,104,338,94,-52,-78,137,60,383,-68,91,-139,366,-35,196,-131,-15,295,287,22,366,8,254,361,-147,-47,222,131,132,326,84,27,187,351,71,305,208,259,311,40,-6,193,6,157,-23,-127,-26,24,-50,-100,107,17,-46,-116,277,4
188,2,355,-71,-120,74,58,29,268,346,154,163,183,-87,157,-111,92,210,94,-6,-121,277,231,302,30,347,47,192,-118,183,83,397,379,277,115,144,289,181,0,150,194,160,32,-4,-1,116,339,-20,-4,224,334,353,353,68,344,395,-140,110,-80,13,110,260,265,194,83,-136,203,332,287,-131,321,11,-117,-36,279,-130,16,145,21,13,66,48,-101,347,291,179,179,143,129,213,22,3,341,116,267,121,292,362,261,-136,-71,393,89,-62,103,-12,139,155,21,375,177,2,27,265,160,93,258,69,285,33,-27,87,255,47,-64,-76,182,280,219,-107,146,315,99,271,322,122,22,85,-105,241,82,266,115,39,32,206,-12,396,354,331,201,191,-78,12,72,34,-56,158,-3,168,28,140,346,150,10,-90,-79,286,331,-36,55,183,155,381,-16,0,397,-11,1
256,339,54,144,33,-133,232,391,357,41,47,91,-60,-149,314,134,-147,87,288,239,178,90,344,-90,-89,301,126,8,88,-108,262,288,163,1,-71,-14,299,235,232,14,151,-103,-24,217,-119,356,-74,50,-83,-123,249,-94,52,-68,100,191,272,288,263,-18,278,393,117,-44,-85,-99,137,81,12,90,239,-129,342,370,211,-92,334,-50,189,335,-135,347,-30,63,179,-67,30,235,172,297,-78,104,139,349,-149,232,-39,53,-125,-43,123,391,-134,313,147,245,-124,32,365,298,181,305,269,89,361,139,288,372,108,117,-38,254,251,85,-145,-37,214,170,160,17,-99,149,-89,-67,202,352,324,352,-52,155,164,291,96,114,274,-93,333,173,35,348,-89,95,336,222,364,-100,-52,172,290,253,266,4,391,-5,84,323,248,309,282,106,288,386,24,340,132,68,5,-94,2
360,187,121,33,140,151,96,-135,184,60,222,255,379,-129,-32,377,33,364,341,355,286,-46,-48,57,-104,153,16,343,-64,75,-31,97,354,202,-7,199,364,166,-125,379,171,145,-20,-134,34,-102,-75,377,-145,-117,-92,-84,104,252,6,-119,-141,224,198,381,5,-124,2,134,99,278,135,355,143,293,137,155,-80,12,330,192,366,-44,347,-150,325,302,-86,334,271,385,0,240,264,-144,365,315,-47,313,200,215,31,92,69,57,31,278,-116,270,52,11,257,198,-147,210,207,-115,184,140,134,-115,173,312,244,-102,312,162,204,192,-96,161,109,-63,169,239,119,309,210,-25,34,214,391,-143,263,-19,205,172,-49,315,278,-76,-51,85,118,103,178,148,219,108,77,226,-6,-71,-112,-54,95,182,252,127,-143,213,301,101,-133,239,91,102,-147,222,274,28,-139,142,2
108,278,144,182,-39,55,71,379,-138,119,-111,354,64,153,371,-30,159,154,275,308,51,261,69,4,173,189,239,35,-17,-4,-38,378,282,236,215,-117,-89,293,45,-64,103,-24,11,165,21,248,180,208,101,-142,88,-116,232,50,82,345,-74,67,223,-98,107,-19,244,98,247,-82,272,189,223,123,106,365,117,206,157,376,340,47,200,67,-143,80,-58,-135,45,313,54,-24,9,350,315,347,297,313,191,357,133,0,62,171,37,32,233,-126,386,163,-113,151,218,-51,237,295,319,-96,345,-24,170,-83,245,2,-2,252,75,159,268,364,138,50,368,17,186,144,229,-140,206,-20,54,285,165,163,335,-40,139,96,261,299,270,249,305,-26,109,384,-71,121,267,251,-98,121,77,220,41,-128,185,79,379,337,13,272,209,18,362,197,48,61,1,379,-61,-137,1
-132,-69,368,-149,112,389,339,186,135,103,334,50,141,127,184,260,59,-141,89,19,322,321,78,257,248,52,-102,-56,-33,-77,-114,179,275,36,233,308,158,275,241,180,257,156,-80,293,-2,286,111,206,154,392,4,-35,-100,-79,-8,16,-81,345,369,12,136,83,193,102,106,355,320,138,398,354,372,-67,194,228,-19,60,-74,-11,-23,-85,-4,-84,321,0,-147,-133,373,105,358,-116,356,172,302,208,-99,378,-118,177,285,268,-74,-101,291,47,312,226,395,285,121,4,170,118,9,172,-137,225,-31,163,197,-105,195,318,231,220,308,68,-30,138,361,187,230,355,237,-147,50,51,105,48,-78,68,282,256,-58,-71,57,-59,381,-98,-68,-77,259,293,-21,33,214,45,-136,59,-16,233,324,353,326,146,231,293,-28,138,59,343,239,-88,258,369,94,14,-58,133,5
-27,39,166,46,134,-42,58,-36,355,180,53,164,114,138,330,-145,-10,131,139,54,181,252,82,-119,41,256,147,-116,69,181,-99,-134,-142,29,-148,127,16,100,123,-124,-33,201,44,122,166,251,378,-103,-135,319,132,-137,197,216,77,222,390,389,254,257,-91,-99,-1,21,167,338,398,-27,127,61,276,308,382,141,-9,237,27,-66,54,399,184,238,15,385,379,71,177,263,-18,28,138,198,136,213,-68,86,287,88,294,-85,-37,38,125,151,395,329,275,-134,-104,-121,241,-111,133,-92,179,112,173,-127,203,-97,154,168,-106,211,310,-144,108,-63,38,304,391,366,209,218,49,-144,235,245,389,-4,133,-52,356,323,-4,352,-101,371,74,-69,31,371,209,84,175,316,296,395,-108,231,-18,252,219,-97,8,-13,382,103,151,-77,381,126,270,-94,-82,47,1,37,2
-104,349,92,29,-10,348,-143,-49,9,319,-146,228,230,153,5,149,121,-28,360,128,216,382,-28,235,246,150,243,65,-150,-7,99,20,-17,-75,329,116,315,299,-55,125,399,161,196,116,123,-53,164,-17,-57,29,105,-134,-10,239,-103,111,102,362,5,59,173,-110,211,221,265,226,162,127,171,-117,-37,-149,-115,-143,10,301,379,-68,-141,283,82,71,170,131,-31,-88,392,18,122,218,321,144,-77,308,387,396,56,14,-27,122,231,323,203,-54,-69,386,210,-90,-57,214,145,19,148,166,113,329,110,395,370,-108,-55,243,373,204,251,320,136,132,382,118,130,-74,204,104,274,-147,-67,63,-94,3,250,369,371,119,388,361,366,261,191,-11,113,298,76,-91,-71,-96,276,371,75,-35,189,-44,368,382,180,-50,64,72,59,193,277,-86,103,367,143,70,276,162,3
313,101,-39,140,129,143,364,28,38,17,-97,165,120,279,32,109,-127,-57,105,63,345,-111,312,285,398,60,-28,308,135,125,93,-8,169,224,282,-29,84,278,-25,393,52,122,23,87,311,-41,261,-80,206,272,90,-24,275,379,-76,127,343,237,385,311,157,-28,136,-98,294,-30,268,-75,-67,156,294,186,230,366,-50,-51,22,281,-43,-123,114,164,-113,2,177,-103,-145,263,-90,284,188,118,-143,334,178,249,249,244,187,268,59,212,20,-50,263,172,-122,-146,366,-66,89,-102,-125,263,-53,261,119,123,162,85,58,-126,30,95,290,317,76,130,363,61,-115,398,89,213,280,-60,36,109,199,-105,76,396,-32,87,-50,183,356,-150,-11,125,216,367,126,150,-81,277,36,7,180,106,258,313,-68,-137,-20,45,61,56,-16,-43,14,3,196,-126,199,304,67,95,3
162,309,367,105,316,355,58,256,-70,179,-44,287,-137,392,251,359,280,-57,-69,98,90,14,322,135,-121,308,153,308,-136,149,256,-103,-37,304,375,197,20,278,255,229,-90,379,50,-94,-66,-45,-137,382,-106,395,222,-80,80,373,-28,-82,-40,95,222,-53,171,358,225,-11,230,252,152,15,115,204,-96,78,73,48,102,4,181,257,353,291,105,265,249,-61,-10,-145,189,68,120,-88,382,362,104,-25,300,255,207,-63,240,218,296,169,122,371,-135,217,100,209,80,102,242,366,368,333,-86,68,57,25,274,-141,138,-135,177,394,396,32,-49,181,-72,-134,219,-130,254,-134,281,269,-123,-126,50,152,128,-76,-86,104,121,374,185,57,-116,-37,-119,5,353,202,152,-33,-116,169,67,117,-107,23,47,151,-52,254,153,-4,237,393,195,5,291,51,-9,-47,64,158,5
-43,309,386,78,57,370,254,30,5,236,-49,-35,320,-147,47,53,245,227,323,240,285,-88,24,-115,-137,14,30,261,42,152,95,257,-137,280,-72,-150,315,360,344,-36,123,296,155,173,247,240,161,-137,19,-42,-108,207,324,-76,156,354,-71,343,108,353,177,-40,363,390,96,70,164,244,329,-127,90,201,202,199,-57,176,-98,219,-57,294,139,207,-90,328,101,30,-3,-105,-33,-58,392,62,3,328,296,127,162,290,3,4,386,250,163,-128,155,249,201,60,-55,282,209,-102,70,-145,-96,-136,372,232,16,225,-77,34,-63,205,-86,122,40,-113,223,229,-114,101,-16,-140,51,183,268,87,269,303,157,19,-2,350,362,301,371,289,-4,147,219,82,-27,260,97,311,231,-53,-45,299,-38,329,318,215,188,25,145,-57,204,-83,-2,-146,95,293,33,136,61,386,3
66,334,184,21,368,156,2,336,260,270,160,336,349,-59,342,-79,-74,-105,364,183,64,-74,338,80,-101,-44,281,347,-144,141,191,129,385,161,340,-74,-27,133,331,73,-73,-82,-52,-83,-73,-5,-76,363,-64,-103,-109,-17,-132,-31,184,380,-81,283,38,252,236,-18,71,-84,80,-1,-42,278,344,-70,389,337,-143,324,103,342,54,16,176,74,279,328,-42,266,222,127,260,40,-130,99,224,133,369,291,294,266,380,391,311,-9,-35,-44,395,27,-119,147,10,261,272,-57,392,1,311,205,385,67,203,250,-51,270,155,99,278,125,164,164,-61,244,288,100,85,-74,-51,310,247,94,230,-99,11,40,-29,260,143,95,33,298,195,17,254,265,373,-115,-135,55,343,272,54,6,264,148,-132,348,-13,-108,153,145,139,215,218,-22,124,106,225,-63,65,208,330,133,3
-44,332,-127,81,-107,235,330,-73,167,-8,365,61,362,174,375,71,335,304,-43,336,219,242,-32,358,203,162,-87,107,-145,166,267,-134,131,253,291,215,204,204,159,262,81,310,-61,-1,304,238,157,106,223,41,372,231,285,-16,28,70,71,162,144,383,6,301,-148,50,238,172,194,265,-54,390,208,-42,299,372,-56,-19,91,226,44,107,153,350,39,188,-132,264,-89,-84,24,230,368,82,383,199,-26,-113,97,-10,-54,105,203,324,376,217,384,114,154,278,137,142,-114,150,-15,337,90,24,187,208,106,301,67,52,104,-55,197,-20,137,-95,183,33,-147,284,362,243,13,227,-103,379,181,5,348,-142,1,323,-124,48,-68,-97,-8,102,-54,284,302,78,46,334,20,363,135,346,308,-118,372,229,-97,180,-54,354,-3,366,344,129,265,136,-45,55,-33,329,1
220,77,130,284,-34,390,-126,-64,36,104,245,27,-11,-69,281,380,217,-98,396,218,-100,210,-108,396,376,-82,-66,18,-121,-4,-63,151,-127,269,26,36,63,144,46,297,30,-97,14,285,379,105,147,-15,326,-37,206,272,166,36,115,396,-109,-63,134,4,143,386,143,-92,315,368,45,146,51,284,141,330,132,68,139,351,358,239,-92,-94,-114,316,-25,312,186,34,-99,193,263,165,-5,225,54,307,80,117,207,338,-111,41,124,205,4,368,40,-74,-96,330,-12,250,79,171,-84,-53,-37,265,-138,71,272,-130,345,64,-7,339,189,-39,231,-73,-65,210,333,323,-75,-120,209,173,17,132,69,121,216,-38,374,213,137,-96,92,2,18,-42,187,-115,189,-20,-92,340,9,178,217,193,161,63,7,13,131,-101,-21,211,112,4,185,154,-105,97,62,259,358,-149,1
169,102,321,-62,-136,14,276,324,268,259,318,286,54,-121,371,134,241,286,-12,263,397,379,-14,239,47,255,306,303,-64,58,73,102,9,78,44,226,-7,-21,300,-110,-137,282,282,388,272,178,371,-66,-149,56,261,-30,306,391,-142,161,53,349,-6,250,332,-51,52,57,116,355,99,288,236,311,345,-14,22,-149,-32,347,-31,226,-2,68,32,365,47,223,292,-125,307,-38,78,209,234,290,-53,153,-130,24,128,57,233,154,204,-120,-26,280,140,308,-117,376,190,186,19,-5,399,169,-122,223,220,-141,265,-36,-67,-95,149,71,82,27,-77,137,195,-98,281,314,-33,67,391,131,147,147,-112,166,152,29,10,4,6,233,133,300,211,326,-7,-51,106,187,237,-19,253,168,316,-35,-94,226,125,347,354,15,1,61,129,175,-49,232,223,130,329,314,302,122,4
306,363,188,370,-28,-47,-68,-42,-31,301,77,116,345,66,135,220,23,123,330,-92,268,255,219,64,156,-86,248,261,101,147,-3,77,46,92,20,312,107,321,0,279,231,266,149,86,2,140,268,276,301,39,8,-119,171,-91,28,54,250,-36,-83,72,271,236,159,59,218,387,177,-63,-44,86,161,53,386,-124,204,383,53,160,114,-97,223,272,69,326,369,212,302,102,62,-7,-140,380,297,-99,54,205,188,182,48,288,-1,-101,189,380,-5,-101,248,225,-128,-75,132,-145,129,242,295,-81,323,183,333,25,80,-64,238,31,271,302,50,-127,351,185,318,-2,-10,96,-80,241,97,-46,-99,107,334,255,-147,216,-144,-150,188,199,-96,119,121,279,226,236,236,18,6,273,126,-3,-60,-37,-149,350,20,290,74,-4,297,279,172,-60,-137,-3,320,258,233,237,2
-94,363,194,-64,254,94,-99,58,-8,395,-47,-107,182,96,379,314,150,387,217,55,206,180,129,291,350,283,49,49,216,188,269,126,-97,13,235,-75,271,79,155,-34,89,355,382,-94,-122,283,67,395,315,393,353,237,391,200,174,390,245,-72,332,158,268,84,285,286,-5,15,15,244,102,258,295,-104,-56,338,112,282,92,182,-43,170,323,121,322,316,253,73,-39,304,137,302,190,7,35,-122,257,-124,382,-59,21,-37,-53,104,-129,-30,60,235,133,-98,310,157,182,62,385,39,33,63,-58,257,125,-117,94,158,266,229,-101,88,84,168,-58,179,269,311,191,91,325,333,274,76,4,391,9,60,338,105,-95,8,-56,88,65,287,-5,357,-27,181,117,38,-7,-23,373,211,-79,131,273,288,8,100,176,366,187,-67,-38,218,-47,29,138,297,81,174,3
201,80,173,113,299,398,161,38,-86,275,202,-14,-15,163,346,159,287,210,5,215,-70,86,246,-92,86,359,187,321,264,138,223,158,-29,196,-115,302,308,75,226,37,-148,-145,253,158,208,357,314,367,233,339,388,338,156,124,11,96,385,92,-121,330,70,220,-73,-31,359,363,216,-71,208,40,-134,-120,-17,72,-81,241,-58,-78,-13,-127,296,17,125,138,-137,329,287,-96,142,210,-67,218,10,155,325,308,49,184,191,28,299,5,21,245,60,-126,325,51,313,286,328,218,228,-40,-28,-97,320,55,16,284,-140,232,323,358,-97,96,368,-11,254,355,73,196,223,53,141,126,158,103,-148,37,186,199,-51,306,267,6,51,178,-111,155,-4,91,28,-102,29,165,58,337,96,368,286,392,198,368,236,130,267,193,-113,215,230,-25,25,-50,340,42,-70,304,1
183,-22,-145,307,-130,44,-123,299,341,279,84,273,-14,-69,167,214,249,205,301,84,-116,188,303,328,108,-98,292,269,98,142,56,-50,64,149,284,88,-27,367,-2,-94,5,385,-36,180,40,383,215,343,395,98,-114,146,314,70,335,248,382,-99,280,57,268,309,368,18,-11,196,-93,298,34,27,336,314,-24,-106,39,211,215,42,143,376,-2,-2,100,284,63,-116,230,76,69,-11,114,185,128,181,44,-108,107,291,145,286,247,-26,346,213,-4,309,20,159,201,197,200,-10,19,74,70,214,-38,98,319,298,-103,200,-67,22,-6,300,394,170,-3,-25,315,-22,-76,335,65,86,-55,32,44,99,296,-79,-99,345,4,169,150,44,-125,76,246,58,263,102,277,114,25,201,33,173,348,42,335,44,-130,183,-96,-149,153,383,-10,-62,154,14,66,213,380,133,5
211,217,290,294,226,345,37,233,277,7,74,221,158,208,-49,309,-19,51,136,-4,143,-118,-133,-36,57,10,139,168,311,-99,-99,20,294,-20,72,164,-25,361,-21,-107,233,37,93,376,168,123,-80,-127,143,-17,253,333,51,383,10,-105,347,287,-46,-66,-74,374,140,188,370,-138,383,222,325,-24,72,71,246,-52,332,253,84,35,128,225,252,85,-83,25,381,302,368,-98,178,116,241,-119,40,36,250,3,-100,138,387,127,300,183,59,360,355,331,209,-6,-75,137,-2,286,183,-85,26,176,392,48,269,-77,272,-40,-57,209,18,146,110,167,121,57,193,252,-68,89,292,-82,318,190,310,283,190,307,321,-60,138,122,382,363,397,73,347,-126,13,140,-106,217,60,-5,199,255,-141,369,-117,83,30,373,235,122,176,184,363,-124,-11,-56,17,366,-123,157,2
247,-17,142,344,204,396,-134,-41,324,-141,-39,169,138,315,229,26,213,-24,112,295,308,115,136,-126,34,-86,276,353,-20,153,304,-38,375,-64,345,-137,242,363,9,141,67,270,395,370,-111,-125,340,246,-126,48,220,-60,248,309,74,-62,145,24,191,119,193,24,319,-128,387,79,-21,-1,15,98,122,92,217,107,184,56,-43,105,96,75,27,-8,-5,-74,-113,241,293,-30,186,-16,85,-116,-139,226,218,-110,-97,-22,130,185,98,206,336,236,225,-106,284,381,56,-35,134,-55,373,359,113,-90,-22,-62,-73,-81,242,234,306,1,80,315,281,123,-46,197,157,107,206,82,13,153,-79,3,136,103,293,-143,38,-116,-13,-43,157,-11,210,4,162,67,376,72,215,251,196,233,-44,191,192,173,352,164,36,276,33,323,29,149,-54,185,30,290,252,311,85,72,1
112,-89,78,88,399,234,212,-10,301,-96,-44,136,202,62,30,14,-55,290,-148,338,54,244,147,15,191,251,-11,93,152,60,188,-141,349,-80,-32,286,-24,109,77,294,64,238,89,229,181,266,14,45,88,128,-81,-132,87,222,89,191,265,184,164,-81,47,111,43,322,-19,224,-81,294,220,289,79,-9,-68,368,287,315,177,62,32,204,69,-123,26,228,300,336,98,56,93,63,-67,-124,-116,351,-82,43,146,125,141,175,1,-18,61,30,210,273,-27,27,179,75,12,342,320,206,190,4,42,108,79,-51,75,-121,71,-135,307,65,385,282,89,-49,-108,267,170,262,-117,294,29,117,383,161,-145,397,307,329,-83,-31,182,195,94,146,209,197,286,321,124,-86,-82,158,-4,357,25,50,-133,185,-24,341,-100,0,10,37,79,30,319,276,-69,253,327,-118,1
309,363,267,181,265,382,-146,133,153,46,103,17,-145,-9,224,-26,172,244,16,-127,-42,59,51,259,-149,-40,-75,61,82,36,124,159,60,200,171,56,-61,-86,265,141,326,290,219,281,88,142,86,174,271,279,203,345,142,106,262,230,49,74,143,369,292,31,349,291,131,-38,116,384,314,235,357,-38,166,-19,373,-48,34,-85,-16,-26,-94,151,-137,315,291,-124,233,169,68,19,262,268,-35,-82,136,310,-2,42,82,11,397,307,11,2,290,170,-75,229,287,-25,49,74,41,371,95,261,373,198,-61,311,141,140,218,113,121,-82,-7,-95,-74,369,159,-61,225,43,186,355,-43,360,170,325,135,200,94,211,185,71,287,297,111,150,398,83,50,250,-41,357,60,348,38,34,162,303,98,79,73,-97,-115,331,149,138,277,160,307,-100,358,-52,191,234,2
306,153,115,-125,-101,214,-6,-6,16,-108,-136,-22,-93,-97,73,-18,92,59,91,232,59,64,93,-80,-61,298,5,227,-67,274,335,-69,35,-62,9,219,28,54,380,364,-35,196,250,148,359,-43,-99,202,389,61,-42,219,378,89,251,29,121,-66,344,150,270,59,157,-89,-146,345,-44,372,323,236,28,339,-85,378,236,236,185,-100,156,109,60,280,-102,290,95,301,-6,96,210,-135,239,197,130,-6,-105,312,219,156,251,343,381,192,-18,361,167,117,73,-149,90,-34,398,286,160,65,66,194,-73,-32,279,168,56,171,-147,26,198,159,-71,-107,332,302,48,57,43,-139,238,-25,197,-79,289,151,198,-30,149,57,323,63,184,-74,-1,101,62,347,-122,362,-78,55,-99,171,75,-89,-132,160,290,372,-66,388,-148,92,254,-108,82,357,199,289,12,148,-130,-141,1
-106,-148,-108,29,146,226,-44,279,-38,226,-104,133,180,85,134,289,98,-94,286,-77,-32,140,182,-93,349,107,331,318,175,-88,29,80,13,209,59,295,272,-18,52,316,302,-148,-62,-100,302,329,-18,96,245,8,314,-1,157,347,154,161,392,96,84,181,20,324,214,-146,365,336,282,161,350,104,129,160,58,174,340,8,381,310,-97,242,93,185,42,-7,61,140,348,-20,126,240,183,127,-9,-84,238,-92,242,358,25,-49,-114,173,283,345,385,-25,154,105,241,346,306,-145,214,156,-149,7,77,48,249,-68,288,290,311,-106,285,24,394,233,257,396,41,-66,313,165,-122,123,35,-103,116,236,-5,-135,146,298,276,196,136,342,133,388,370,226,229,271,68,-94,-37,95,324,-83,-93,153,164,-75,152,325,-149,-111,-103,-94,361,-139,307,173,390,-59,188,220,4
105,350,-53,-105,-131,-92,89,225,-115,362,236,32,165,236,-66,296,77,-102,151,-86,318,221,389,326,179,-142,11,253,155,-54,339,370,127,351,345,336,172,58,-142,152,141,203,-149,324,357,-87,259,-40,267,57,-59,-73,367,-105,377,100,303,305,99,25,261,263,134,324,155,364,298,72,130,56,228,331,123,130,205,234,-14,18,127,79,343,43,338,125,64,51,-89,-18,-31,6,138,205,-138,308,261,351,356,123,80,77,279,-6,10,138,201,-67,383,-26,30,342,279,-107,219,268,212,127,294,66,-66,338,186,-72,368,305,138,333,205,-70,-29,351,-103,258,-138,73,76,213,40,317,-123,288,72,-109,38,-113,186,-42,213,-18,189,359,12,153,-97,3,223,276,-109,191,11,66,-111,342,-126,134,-84,152,327,65,-46,282,-101,61,238,118,40,144,278,-134,3
81,292,204,201,330,227,241,-121,-20,250,-28,-100,41,-77,228,352,321,-40,217,26,-131,54,390,371,-142,-118,1,-71,393,365,-25,357,224,383,0,67,131,154,44,275,-87,22,246,9,279,-100,64,389,124,211,249,-67,76,-134,69,301,319,200,-46,119,-87,1,288,338,49,-119,-150,1,210,219,107,371,-48,39,113,36,354,227,194,55,82,-88,218,189,388,-69,397,317,223,83,6,-72,146,85,389,41,-104,378,264,194,373,125,252,110,103,-136,386,12,-43,-88,92,152,-35,169,-129,313,312,339,185,232,-21,-25,219,220,258,110,-123,299,376,32,225,59,375,-119,-107,303,197,-35,221,315,291,-147,220,293,87,-92,180,365,245,152,330,78,-11,-97,291,-8,-54,120,-21,374,366,266,393,30,86,361,382,287,74,52,-110,-15,333,-118,-122,200,-94,177,4
294,320,219,220,221,339,102,335,107,288,-133,68,361,27,58,376,84,-16,58,60,122,9,-7,357,183,351,293,-65,29,-71,3,28,148,175,-142,277,41,-61,-149,269,-148,254,341,114,92,209,44,348,62,3,-105,30,75,-119,196,295,24,-21,146,101,301,270,333,206,7,394,-150,-142,358,393,-56,126,384,-34,305,209,-121,174,-77,268,112,295,253,-47,289,-8,56,395,110,-68,112,21,211,-109,123,349,-19,302,274,-98,246,43,248,313,204,22,189,42,279,236,317,180,376,278,65,125,-43,105,-72,239,379,191,154,58,-140,-5,-116,200,389,-42,-127,348,221,14,246,121,276,-78,-101,374,-80,341,323,50,-127,318,286,63,144,-4,231,278,265,-146,239,-144,339,178,125,89,-147,-45,-111,396,112,128,193,393,328,13,251,334,202,-69,114,-109,48,232,1
56,-41,279,-79,257,128,-44,288,-100,-28,280,173,224,397,270,225,-42,340,72,-132,398,66,82,259,361,39,155,302,-44,74,235,379,-91,221,-9,-33,41,135,390,-132,-35,-111,114,-30,213,54,335,-56,248,395,179,159,66,17,381,-42,48,251,21,33,-134,5,-130,270,0,-40,164,307,-99,122,234,-63,-131,280,19,-45,176,68,114,171,165,-43,358,390,376,87,-142,185,171,-150,-30,-142,162,33,87,179,320,-132,-133,129,-24,157,63,125,178,-135,286,-145,130,-136,159,315,276,330,375,395,235,381,121,44,87,320,-48,92,64,-74,233,-30,390,-6,-58,334,354,171,-76,312,0,-16,39,-117,207,-46,218,21,-81,288,171,-31,-40,105,271,5,34,86,294,352,174,226,352,306,256,-63,-46,307,106,-17,335,134,236,193,275,-14,143,-109,-101,22,138,11,2
189,172,175,16,16,218,-66,-36,-101,307,221,67,108,219,-55,324,74,190,276,333,133,197,190,223,262,267,131,92,388,48,280,334,76,45,77,-84,174,187,376,-37,-47,277,352,156,42,63,-6,-93,-28,398,84,340,-76,144,349,-33,193,8,-104,212,182,229,-27,13,19,-4,361,7,181,52,-31,-122,11,363,-51,-94,332,-6,3,230,-112,-3,376,81,-38,327,255,1,91,321,251,113,230,-73,152,65,78,1,379,332,317,-55,334,394,234,89,122,-105,311,200,108,-95,387,-93,296,75,113,53,306,387,271,-102,292,60,-130,246,204,236,-62,375,328,-15,-144,-52,316,-21,174,-85,-133,-7,117,213,165,333,319,159,-111,351,-147,309,256,19,249,397,122,31,315,196,274,189,101,-52,344,138,387,136,-102,43,264,-135,-42,239,-64,216,-142,195,295,118,4
337,379,-50,-106,257,137,-144,125,252,215,-137,377,263,-15,184,-13,269,336,-127,90,362,179,320,207,307,266,392,-74,-89,396,24,296,-129,-17,373,302,-51,50,33,-4,128,148,129,236,74,247,266,4,-105,-40,77,151,-69,-7,-9,190,276,324,386,-8,263,-107,90,-69,244,348,-85,127,198,-103,132,199,258,161,240,382,82,-61,-145,-141,186,164,-39,-71,302,-103,-60,-75,-66,112,250,83,65,194,23,-114,378,169,162,318,-106,-78,214,-42,196,-13,31,153,176,363,-71,-33,111,-71,115,242,137,-149,345,198,384,270,397,375,320,376,140,383,141,-55,342,264,311,345,-125,-121,227,208,245,-42,107,183,253,291,80,-3,395,14,44,332,-24,74,72,4,-113,271,-138,198,254,74,153,-105,69,-73,127,378,-54,330,-49,-80,7,-101,251,-85,84,118,106,265,1
-62,371,348,232,326,250,83,155,-92,111,299,-119,-82,-68,320,-147,23,-46,-3,-29,-137,357,356,236,382,166,-2,354,344,286,282,113,-50,257,-69,254,-27,113,90,-60,77,3,221,210,183,330,64,391,27,295,19,5,-120,216,77,-35,308,373,150,171,45,265,274,32,366,168,109,220,146,203,-96,150,164,105,30,230,157,372,201,-28,328,317,31,239,155,105,187,353,62,146,69,389,272,48,40,-22,10,-118,-140,356,293,64,342,39,250,94,242,-68,-37,-82,183,10,-44,296,-11,209,-1,-52,16,312,-67,151,89,66,30,266,41,-57,176,314,283,179,376,-32,-130,-130,165,70,-86,-2,32,131,180,-96,-38,62,-105,295,-81,31,22,353,159,58,72,192,-31,397,-117,239,138,384,-51,-123,164,89,353,268,254,3,199,63,-102,208,347,196,191,272,3
288,93,374,143,49,167,49,142,129,-59,-87,-7,84,273,163,-28,-98,-124,223,-115,-10,37,303,28,-137,108,-117,81,42,359,37,346,177,-46,140,91,-54,341,-36,159,-41,41,-39,152,205,-49,164,43,-77,256,141,33,207,-52,374,315,53,254,-11,167,225,69,198,272,82,149,-19,275,83,-61,353,266,301,319,-103,72,315,-91,129,-134,170,-74,320,392,-50,389,393,112,55,329,-78,287,391,263,62,-84,271,318,220,213,249,109,-106,136,389,178,164,268,154,78,35,-33,-25,-19,10,195,-67,-109,284,15,276,-103,-109,34,81,250,-14,369,82,217,242,351,216,-40,110,-87,349,-91,-62,205,218,341,254,-133,217,106,70,122,226,96,239,96,22,177,-28,316,80,161,325,39,350,136,170,-90,-13,-25,41,63,42,-128,232,5,-58,-21,276,74,-139,197,1
-77,-40,331,46,40,-87,343,-86,109,18,26,-6,-96,388,-15,221,-128,387,11,9,367,226,164,66,113,189,311,10,163,-20,-72,316,-86,268,-99,-125,-124,129,353,186,-12,241,83,281,137,-122,-45,353,26,233,147,115,3,-75,20,-51,123,147,61,-149,138,58,295,40,-129,122,-20,138,41,115,92,61,-143,289,-73,353,63,28,-122,-89,-16,277,-17,332,-83,311,303,-134,1,310,97,245,6,167,-53,-73,388,145,280,249,-138,287,248,249,-107,221,223,334,266,-67,332,145,-45,58,19,359,199,315,-70,298,-50,218,379,114,51,-33,-28,-126,218,234,123,-104,184,266,383,193,170,-12,-44,195,296,311,65,231,-102,-94,375,188,-143,-128,-107,286,-82,362,126,341,-68,161,-49,75,235,317,-10,375,181,118,193,-57,-81,-25,232,37,355,161,-16,-2,-49,207,2
-9,20,214,-139,-96,351,174,346,165,21,239,127,170,-67,-63,-3,385,177,-53,63,160,221,327,32,47,182,259,206,-60,24,247,113,340,376,22,22,108,214,244,-142,109,-38,324,328,27,353,331,277,366,34,225,295,-139,46,334,185,178,266,362,-14,123,207,311,80,80,-36,364,-39,-5,198,-115,57,-147,-31,-42,-73,378,-102,-42,329,221,371,225,-28,-61,-2,-150,269,367,216,-5,81,318,61,-45,114,107,195,60,-68,-68,198,144,37,267,133,180,325,329,-110,-79,344,158,228,116,88,-146,-39,167,-104,142,216,-125,64,148,-90,271,233,265,249,26,-58,357,376,125,383,32,261,-120,64,201,61,34,20,81,-77,102,147,-77,283,48,-67,66,310,86,310,360,107,78,147,354,289,22,11,302,-131,-79,251,293,222,157,386,133,339,194,125,175,398,4
-135,32,42,-137,-127,85,352,104,226,164,156,-42,124,167,94,271,-20,274,-6,192,68,46,-73,220,-56,238,364,-104,7,120,271,-123,26,-64,117,-97,-68,393,234,372,72,135,293,-62,378,10,7,118,229,-119,-64,-58,359,365,-62,3,7,267,102,138,8,161,284,203,114,-143,-44,-82,289,-13,207,369,-83,-5,99,233,317,360,343,364,213,248,-31,-96,-81,343,205,317,137,86,67,377,119,167,113,193,326,370,-109,-133,59,281,179,125,271,-3,-101,-18,-46,141,81,-50,108,141,-39,-106,332,6,74,-78,21,269,263,85,88,229,306,365,53,268,-67,63,240,208,222,-93,286,367,-65,-3,324,-16,-33,385,228,113,172,-140,112,-127,-10,303,80,-35,129,399,48,132,135,-23,56,107,360,-87,-10,-44,62,-135,237,107,-37,387,-113,-126,-99,-60,-13,58,1
-90,-40,107,-16,-91,38,185,-124,-150,-65,-71,397,313,257,250,316,24,-92,255,336,132,305,71,376,34,-110,278,99,334,79,-147,298,360,366,-105,180,-25,-14,38,-8,275,27,199,326,284,75,127,-57,179,299,327,-1,359,196,126,-120,226,-113,205,116,139,78,-131,-88,341,19,-138,238,197,206,20,47,18,6,173,59,45,119,-89,347,-34,262,150,176,389,164,371,126,-147,30,-66,335,386,381,48,-55,-55,-62,367,359,373,-123,124,314,-52,302,141,150,391,23,35,-121,100,289,62,193,-114,195,343,-54,385,174,193,-65,10,-134,93,67,-145,230,84,233,-27,-91,350,-141,377,275,-4,306,-146,348,354,136,56,399,105,-132,12,24,92,366,-48,95,-3,382,25,268,-38,17,382,-71,77,-114,176,1,27,31,317,-42,5,109,245,109,120,261,-114,242,1
73,44,216,-73,386,387,157,221,234,-37,126,311,-79,258,379,-136,-109,-131,-135,-58,-70,-73,347,344,-125,305,-74,163,201,50,152,176,-28,27,151,-143,-149,-5,397,331,-109,207,70,-102,209,303,-123,-58,66,333,388,-53,157,267,149,203,-41,376,353,-49,33,68,-22,169,331,97,-83,119,-59,344,378,241,363,289,288,46,204,63,-44,57,-142,-9,383,261,-57,191,137,116,381,74,18,172,-56,211,313,360,116,175,-18,211,198,396,117,-107,127,-12,160,86,115,19,65,-34,87,105,283,265,-63,83,379,-40,87,213,258,136,67,252,71,194,333,-38,-133,301,68,10,-81,-144,-150,-52,164,-117,75,328,340,72,369,92,-63,329,158,389,317,-9,-61,162,29,398,-149,-117,163,75,213,356,-35,-37,391,328,-44,164,1,9,-76,198,36,188,238,343,18,-98,5
106,71,-105,109,-136,-139,-150,-74,391,-101,-145,-76,195,182,123,359,117,329,157,71,127,207,167,-109,-84,41,-8,3,-57,46,227,232,383,338,11,315,247,127,321,-10,96,19,68,-117,134,259,256,-115,223,114,147,-144,-128,265,384,121,-82,-138,115,107,124,-54,-123,263,-47,-109,140,370,-112,289,-113,-42,279,270,195,230,353,359,392,-121,7,10,217,208,399,252,-17,101,55,-3,357,379,40,34,255,66,-63,282,123,-90,-69,-73,170,385,115,-112,-43,112,245,128,378,183,76,41,170,191,-123,163,64,-133,-41,342,398,364,119,-16,361,250,344,-68,-72,157,-125,16,392,310,0,-111,189,23,-54,16,47,289,379,363,-49,31,263,340,65,368,391,100,94,54,337,-115,-52,218,107,350,-47,328,89,217,140,-2,250,347,137,-17,303,74,260,223,-66,-67,5
331,192,121,-145,313,368,-137,-148,336,237,336,17,255,312,-19,355,85,-128,-19,301,123,-150,393,15,259,146,-58,-55,-10,166,154,26,270,-121,-9,72,354,360,-148,303,124,210,-53,309,-23,16,115,233,0,97,67,-49,149,-103,180,84,362,-54,200,-61,48,-51,279,1,-43,13,300,97,334,291,349,128,373,35,337,73,349,395,-50,123,281,398,361,239,60,-65,354,329,57,144,124,226,22,-21,-147,345,228,205,317,245,287,390,-105,-102,-31,-77,257,344,122,-44,33,194,381,188,308,74,224,374,-95,89,124,255,-37,394,-37,281,351,220,387,-64,295,49,211,336,-67,96,366,117,314,-137,67,83,-106,9,7,-51,-68,2,-130,99,38,171,382,68,-134,365,-112,-9,195,152,-21,317,195,25,297,43,186,28,-70,10,256,30,118,338,343,40,170,209,5
-56,205,219,145,-49,-130,-68,216,398,234,182,-112,-104,161,-41,35,34,176,-41,49,22,170,365,-90,20,-4,191,-22,-100,134,105,-128,-90,56,-19,-150,126,-13,171,378,95,345,325,-38,-25,115,90,-13,95,87,152,370,-105,222,-27,-83,287,351,173,210,234,304,259,-102,370,243,244,-55,-66,-115,265,70,168,328,241,-32,-82,294,-57,168,166,142,365,-95,126,-7,158,-133,200,15,393,-39,74,-77,3,-41,187,356,22,-5,248,-49,376,98,334,210,23,207,288,-121,326,-84,337,387,-33,206,97,-56,163,308,-49,-20,225,261,329,-49,-94,42,280,313,11,-119,21,-54,-12,141,-10,162,47,270,-19,214,387,315,118,-79,152,230,266,57,19,136,17,64,-35,-7,161,179,397,72,85,318,91,153,342,-2,318,-16,-132,399,-10,149,255,349,-116,216,278,207,4
-127,283,64,213,316,85,-28,314,-73,182,97,186,-78,375,83,37,126,268,391,272,-126,277,36,204,-17,-20,-39,267,-125,379,-121,136,291,288,13,184,263,192,132,213,103,296,247,20,52,335,129,253,305,-143,231,-133,351,-29,343,-25,246,338,281,37,3,-27,158,-29,-80,-47,220,10,237,261,-97,301,-18,-5,-20,203,363,-86,284,-116,177,277,183,147,-38,-57,368,246,383,-94,22,-149,305,318,-33,345,181,361,12,100,386,178,-33,218,-36,44,-13,145,-76,-136,221,5,-116,368,31,19,346,143,-94,213,186,-149,272,323,-5,175,79,118,371,114,67,73,210,140,3,214,-45,134,375,29,-112,126,361,-145,32,237,322,315,-62,383,161,151,-31,308,-61,-35,249,349,-41,49,74,69,-78,284,-36,-126,26,128,142,69,-148,164,256,394,2,-88,-62,-48,4
352,8,208,339,41,93,-74,-60,237,136,285,-104,156,-37,-93,-107,203,80,-139,243,395,263,351,79,205,273,349,127,329,-131,64,343,-33,285,299,247,112,185,371,-18,53,353,385,65,83,203,251,334,239,22,356,-7,96,289,390,169,234,83,214,387,347,268,390,-16,-89,-80,-34,359,369,49,399,186,33,345,279,129,-109,149,365,213,-32,-74,-28,283,251,199,262,178,-48,190,-106,194,259,349,-102,-32,251,317,379,-104,-150,10,144,-128,119,325,142,348,336,261,228,361,14,-137,340,93,284,-147,63,-102,-70,396,30,226,328,66,115,39,-149,324,309,249,-20,66,379,80,81,265,-27,26,364,-79,221,-26,232,-146,34,-67,-128,10,-78,-54,388,12,-89,251,112,48,63,357,-124,44,288,172,194,51,300,197,-140,284,-119,-3,118,-53,85,101,51,98,2
222,25,-46,94,74,288,160,358,-97,230,170,68,318,253,196,338,208,-94,390,-64,227,-72,212,157,-62,136,72,13,144,161,323,19,-104,-145,396,-80,142,27,-28,370,176,382,-146,-145,-108,131,-20,64,-126,109,285,232,267,324,-42,377,-33,35,-10,150,75,74,32,10,-89,246,246,-135,78,287,263,209,-21,12,200,327,-113,147,81,368,17,-86,43,301,19,80,130,-145,113,-98,-132,114,10,9,-128,11,192,265,234,-144,385,-21,105,99,188,205,161,332,-119,-58,371,-117,138,193,357,162,53,71,-119,278,-149,356,311,32,-92,138,-55,354,60,307,-122,52,-39,214,-28,152,104,78,190,191,187,107,-91,78,189,281,-33,-125,189,20,102,381,198,153,226,200,0,79,185,124,53,77,118,28,106,364,-143,185,-111,280,179,92,14,329,132,-56,-20,58,3
371,390,330,373,374,213,272,62,18,57,276,370,-132,335,-64,379,86,23,-47,86,-49,20,-13,-113,240,266,-127,281,136,-69,104,384,176,347,248,399,5,-24,126,-124,-130,375,90,-44,389,70,-84,91,373,245,52,69,268,75,63,208,350,320,-132,200,164,63,341,71,118,-67,-107,10,226,157,-34,188,174,-146,270,-80,-47,-95,156,345,19,-10,-117,205,267,-98,-148,179,-2,355,150,-18,108,125,-90,-4,345,265,-20,77,-57,-53,36,274,388,23,376,334,18,279,-19,-27,23,236,-10,289,221,136,-60,58,396,1,70,149,204,41,259,206,93,-93,-125,335,-34,91,79,-58,70,76,-25,139,348,321,371,-129,6,111,-41,350,215,-138,-88,-127,202,189,-132,-63,-1,-59,-6,24,240,-6,309,-16,390,86,191,-110,95,308,53,322,-93,38,-103,-61,372,337,2
394,29,-35,-123,-36,69,28,243,-85,-129,185,-50,201,25,121,-102,203,161,203,-114,198,203,393,213,126,52,358,24,60,102,203,167,215,3,145,380,390,214,190,115,24,357,213,100,368,335,46,124,215,394,384,104,-65,30,-2,187,-60,398,-102,-112,391,55,75,287,-119,-56,282,-149,360,152,336,384,239,146,361,74,59,-39,352,180,241,362,300,132,214,38,-26,336,160,257,167,-4,350,201,207,122,359,-139,-8,16,118,-57,-45,162,85,-91,258,209,82,-50,-64,-43,303,226,236,-88,79,224,87,96,235,-113,93,368,209,243,-74,292,-114,258,199,110,312,297,-102,-80,95,-149,-89,388,191,-84,227,-94,135,305,304,42,354,-29,328,-48,203,24,-137,319,-125,-107,-113,373,-46,213,339,122,-63,188,175,216,-29,169,214,152,-76,300,230,147,154,-121,3
-143,270,-143,40,-23,372,105,82,226,201,279,-129,118,-69,360,-138,46,116,-100,37,152,-147,192,-120,51,391,6,-108,-66,255,209,281,-1,168,109,336,-148,186,188,156,140,231,23,-127,-149,13,349,200,-57,53,-28,-114,-11,78,268,342,177,4,205,-144,364,-147,-106,54,50,99,61,-18,-82,140,378,181,279,294,20,227,55,-129,-14,152,-148,285,-138,363,216,-19,232,113,-6,242,343,294,174,309,72,-51,57,121,10,-62,189,-104,-33,20,266,366,285,49,308,283,260,228,-3,68,26,315,12,133,331,259,-145,-101,291,-105,66,58,195,254,-126,201,-26,351,-88,188,171,12,185,313,138,92,155,1,-56,256,186,-54,205,-88,289,168,-68,259,-46,28,187,55,59,202,239,294,-49,10,206,-8,398,262,108,-30,-52,65,287,321,252,-138,162,84,-68,92,1
190,73,34,262,-54,170,-24,64,389,340,-101,117,-68,93,74,379,212,-40,216,239,173,-128,5,52,-53,153,11,291,-94,390,285,203,316,369,-44,192,-67,259,-112,-118,27,233,64,50,246,56,137,85,278,-69,11,-38,373,342,248,321,114,-62,216,65,119,305,186,148,63,-87,338,177,385,235,164,267,161,309,219,-146,-42,32,141,-66,23,33,116,319,-46,27,231,-38,135,-28,-63,386,391,269,366,105,381,-51,130,18,215,232,174,82,-60,-123,-107,160,222,146,-107,-140,230,354,48,318,-30,-137,326,257,-56,117,42,293,-93,-57,147,362,255,211,177,55,42,73,-113,297,342,-40,101,321,341,340,213,9,361,-53,108,-70,311,208,317,215,-56,338,136,-108,7,84,324,261,243,-7,-141,360,179,117,330,5,379,133,340,119,113,327,205,108,51,-14,2
-104,-88,-74,304,-138,239,307,377,317,190,-96,262,183,160,37,370,-145,262,129,-100,77,126,167,196,-34,-76,323,222,159,20,89,1,-75,100,109,166,-25,397,208,15,187,202,263,-126,379,351,202,339,298,331,178,216,388,-63,258,85,-101,32,243,35,-62,-65,-31,-63,-95,4,-61,143,210,384,-63,-98,252,365,382,93,-99,92,251,-38,72,280,23,196,196,34,245,134,162,47,-80,316,375,347,382,311,375,-36,232,44,56,281,354,311,-40,289,18,281,107,304,201,-28,141,186,128,80,-42,394,-25,176,116,337,125,-89,20,-59,-76,-30,333,112,-13,17,365,50,-49,-132,215,330,271,383,208,-2,346,240,-144,182,-128,-61,379,-85,-98,252,-9,-126,-118,227,217,61,-18,-2,225,-74,375,347,-59,232,357,-21,-79,252,360,-25,354,363,328,-141,302,320,5
223,-86,-42,149,-109,108,263,-123,220,62,3,7,143,210,215,302,83,26,-99,297,179,145,195,3,81,181,-5,331,228,225,-121,278,347,343,45,-13,40,329,27,261,212,398,98,294,190,75,-143,384,198,15,124,397,161,76,-92,-54,98,110,252,-93,-94,-78,239,383,-98,-48,-39,356,219,34,-125,-126,113,370,69,301,21,19,244,-39,139,-12,68,252,347,-126,255,101,295,-74,173,329,133,7,17,-2,-8,186,312,-54,302,113,242,195,235,14,359,333,245,380,299,377,363,254,371,-134,53,-144,360,-141,-138,38,281,-7,274,135,177,372,285,340,180,-103,106,-64,-119,167,-8,-59,38,-73,289,-117,-33,-127,389,263,399,63,-22,61,302,10,-42,277,-87,-142,-119,-26,131,19,25,94,105,0,-48,386,-10,122,-124,-17,142,73,217,-45,326,51,164,-141,2
106,-5,207,222,339,-48,-103,34,-48,73,226,-40,171,2,205,192,266,133,6,248,376,212,292,284,190,97,323,-33,-59,397,286,373,389,-76,-72,-72,54,390,131,-128,378,-18,-92,351,291,131,20,-25,-65,363,-45,68,154,-60,345,-70,-17,256,187,346,-85,150,380,92,97,365,-54,203,-55,85,-14,206,-103,13,349,44,123,351,322,170,30,275,-25,34,-11,-102,320,346,-1,173,176,200,127,-4,135,3,274,-1,-78,151,-93,390,137,-142,327,398,329,257,-83,157,151,122,382,302,366,327,367,-105,306,296,228,-135,357,227,204,328,241,33,313,234,380,-64,41,53,-128,350,329,8,163,117,-147,79,334,179,55,-146,2,274,-134,61,138,27,23,-120,-147,-133,187,81,-103,-88,119,-61,138,-70,19,-52,327,-8,155,221,242,-47,-5,-150,-26,219,-115,91,2
339,14,-29,-75,182,-65,321,219,186,-86,388,241,-145,238,287,-34,-5,-54,159,11,137,190,374,369,277,263,113,196,208,-15,166,312,48,-75,269,212,295,252,-133,218,363,-121,284,21,99,340,-104,148,372,319,275,124,236,365,332,305,11,156,264,188,-114,73,-92,69,210,-126,302,56,-126,-67,97,97,-100,371,26,-26,15,197,-25,218,96,-81,372,-68,249,235,-93,323,-72,34,-74,-80,-35,34,172,-136,291,364,-93,132,248,261,286,-140,40,365,-91,5,-13,318,164,28,-105,246,198,-19,260,-15,-125,362,340,317,-112,-124,47,377,172,-129,-78,290,241,181,-150,287,57,-137,71,93,124,-43,179,-26,-58,261,86,58,168,-128,276,-141,26,139,-71,255,-51,268,-128,239,96,335,367,-132,340,-41,245,-138,191,8,182,-128,89,44,-13,359,72,277,304,-143,5
65,133,342,288,172,262,66,-6,23,119,-122,69,350,-102,-149,-81,-105,-88,341,346,-124,40,77,73,144,-93,378,345,-113,-53,-93,196,378,384,331,62,-3,-55,309,109,-78,180,-102,71,214,354,-119,389,-114,28,-94,185,345,44,-148,51,40,56,-40,196,355,-17,130,75,387,65,141,-130,71,189,223,295,228,380,244,205,290,63,-23,361,302,167,-106,-94,235,32,166,257,366,325,-132,-120,340,317,245,268,222,177,386,2,147,-8,384,-39,118,-55,180,21,311,140,84,268,155,337,-64,182,147,-8,-91,-149,266,2,103,217,-126,-18,92,-89,276,301,-73,-46,229,243,-36,389,-103,37,363,-100,75,217,-71,55,248,376,66,-108,305,143,348,87,156,3,-54,23,-58,-122,-90,-110,343,144,145,28,107,298,156,-31,113,136,37,91,54,128,244,321,226,174,5
-139,141,-94,3,313,365,-129,-44,175,275,88,190,-112,-121,263,10,158,263,-17,184,-115,-71,286,-31,-17,254,114,82,296,276,-123,150,-122,226,162,-118,303,350,121,350,-69,-5,133,-15,21,-141,146,179,282,297,-136,65,102,179,279,-92,25,223,144,156,197,210,-85,365,84,282,236,-119,75,-7,301,-133,239,211,170,142,-78,-51,331,105,164,11,142,11,158,-8,72,156,-137,29,362,76,308,-6,332,282,91,126,37,-51,371,-67,-98,-24,135,-96,-130,149,208,-8,-149,206,301,-104,276,388,397,337,191,378,128,21,151,245,374,176,299,-89,50,-81,346,57,314,327,305,-20,322,126,-97,239,64,-140,303,260,-42,-124,265,198,138,366,335,114,74,199,-62,-48,179,-26,153,-68,116,250,235,210,-94,226,36,328,186,-57,336,247,370,370,-38,-29,235,191,2
312,231,5,-23,-108,230,124,238,-128,233,-22,260,130,31,77,-70,130,23,208,224,-96,180,236,-3,192,46,-27,182,333,303,198,302,-72,-143,222,398,306,119,281,75,172,269,184,-29,325,86,231,253,238,296,42,310,-41,63,312,364,-149,245,193,59,-93,333,-38,334,-80,332,-106,391,53,325,89,292,96,303,3,399,315,74,91,306,341,302,384,348,42,3,315,-136,299,-72,-140,88,46,10,348,21,-16,75,118,-119,144,168,381,377,7,-46,206,183,211,-102,225,339,-18,148,46,-132,222,3,43,247,285,237,184,255,217,339,297,358,377,-51,346,342,288,127,227,137,277,178,-118,-31,-54,235,-137,166,170,-65,391,132,-87,-71,243,199,60,252,220,-52,116,-99,-29,-119,185,317,141,280,20,217,157,-83,-18,-68,25,-39,204,40,111,188,269,-103,1
-31,233,178,393,-66,-134,385,233,-69,367,-45,-4,-143,123,360,-113,363,73,-18,211,70,-69,245,34,98,132,286,101,221,150,183,173,-115,308,79,132,14,388,181,24,-75,289,-23,361,247,127,180,209,289,-49,226,105,253,-149,-23,-19,304,193,201,252,-109,204,108,59,-114,-129,10,208,203,282,287,396,134,155,-137,-103,149,91,261,353,-53,-25,9,114,96,34,316,151,294,88,78,176,140,-85,162,139,76,373,24,70,-86,119,31,189,155,-35,-140,16,-141,177,-104,374,227,248,286,-30,-104,375,338,354,-72,216,164,-41,258,-60,88,149,166,92,-72,324,179,359,15,-83,86,77,320,-89,-16,9,-50,74,131,214,167,264,327,-128,32,149,146,118,129,-103,54,271,169,-7,-61,399,14,108,-40,388,399,-143,-128,258,290,-93,184,-55,273,-4,311,277,2
204,157,270,152,375,3,-104,348,-45,7,220,94,384,-34,-81,-76,-16,-13,263,281,89,386,66,-139,48,356,267,236,-17,164,-115,315,42,238,-9,97,170,373,235,172,310,172,119,-14,243,-90,177,17,207,384,-92,283,-67,97,345,245,330,137,42,287,349,1,369,118,386,6,36,166,92,387,-67,45,127,-16,227,-33,-125,88,-42,-61,231,-133,351,66,-127,343,222,318,351,387,179,3,266,290,272,-114,123,7,282,-38,391,382,287,249,-133,11,254,309,8,-141,365,-136,-96,295,5,240,-12,262,-26,68,130,289,-49,-111,320,225,40,283,-140,95,-19,333,264,179,204,110,-147,190,-56,-135,-40,175,71,120,285,-57,185,350,13,235,261,217,145,168,104,338,399,269,36,-126,-9,277,-27,-126,326,312,280,81,194,-128,-29,72,79,-134,134,-149,116,377,2
382,100,126,-145,86,384,73,335,262,-120,322,363,191,14,149,303,330,-76,158,-75,236,199,124,150,-96,309,390,162,118,346,4,45,329,297,-46,-77,-76,-54,90,240,-42,-123,-49,-32,-124,-1,-9,3,341,32,52,-80,32,22,391,204,3,234,160,-126,-53,149,-82,210,-88,344,273,229,104,110,-22,372,271,378,265,-146,55,318,-69,-84,116,324,335,2,336,-103,-127,224,206,-118,321,24,347,162,47,-148,-102,-137,253,43,109,96,281,330,107,384,-43,25,318,376,1,125,-113,130,280,169,20,-80,-63,-94,16,85,247,169,381,-144,307,87,300,-37,341,158,298,7,248,52,303,-31,384,29,361,342,176,246,361,32,-45,347,183,223,-150,324,301,33,-63,334,189,21,227,26,-115,302,74,142,322,102,-100,142,2,110,-46,216,132,166,332,-67,-106,236,3
38,339,-101,50,24,-9,124,39,-17,394,-54,-110,178,350,390,222,360,-56,331,-140,316,320,280,363,-108,-147,186,224,-56,296,-121,-63,69,-23,20,74,123,257,7,256,-121,45,18,193,248,33,361,51,67,-75,170,-149,372,-59,19,154,-69,142,197,72,-113,291,-18,54,-123,34,-21,-81,398,66,98,321,187,234,-148,-54,356,289,95,202,118,30,326,252,30,-94,271,-105,-65,237,27,-58,11,75,42,-5,103,371,336,316,294,255,164,-60,245,-88,-136,271,65,-17,143,376,177,390,107,291,11,276,-127,90,-49,130,274,394,148,-134,-144,388,397,252,120,-81,34,77,-82,86,46,363,-44,-5,9,88,218,-25,6,317,316,165,191,4,-15,305,-119,-136,-23,228,273,-55,162,-33,371,-34,197,29,73,73,97,103,168,-126,-13,-142,151,20,361,218,360,224,3
53,-94,-126,240,-96,-4,393,-64,-79,383,-15,-105,366,-139,-124,-67,397,-99,-77,339,304,97,-139,185,103,-47,164,-83,350,21,-8,46,22,371,39,-139,-122,-63,322,-40,270,-82,-32,273,96,-129,248,347,175,41,201,253,276,172,76,29,327,264,162,3,-115,-29,31,275,-47,-69,385,187,-48,113,80,31,76,349,360,-148,325,179,170,397,33,29,-26,289,244,234,-39,51,177,257,114,292,103,-81,384,191,62,-28,386,399,44,119,339,-85,48,-9,90,58,-25,115,204,25,236,-104,16,66,148,188,-48,-65,75,350,217,-148,169,-127,323,374,67,345,-49,-121,316,52,2,-108,263,292,0,-107,106,339,-48,57,243,-43,178,183,357,275,82,300,116,365,228,333,-72,91,255,125,27,392,180,333,365,119,23,326,-59,359,394,263,-14,-62,-108,193,145,190,3
167,-116,20,372,235,184,-72,-18,221,17,85,382,342,176,4,-85,387,214,49,361,361,347,-111,121,73,9,-116,248,275,-30,283,265,135,257,254,19,357,185,337,80,-51,-149,358,377,112,248,-128,96,106,-82,246,134,-5,235,132,147,350,71,-13,370,364,191,-113,308,-81,-149,-15,62,-68,204,-10,245,90,150,-10,1,63,323,38,-18,-71,-50,207,-87,373,214,-42,36,254,201,55,-104,-52,354,83,272,66,23,290,-45,260,262,-38,-5,-67,362,385,147,37,-40,385,-95,323,379,298,243,357,12,68,180,300,133,-12,364,353,205,130,-139,289,-55,81,-39,-104,103,368,272,137,155,223,44,-126,-145,330,-8,20,339,-55,44,109,85,367,-92,-99,-29,387,66,-62,292,-113,-67,-43,-148,141,-121,16,-58,67,-62,37,131,238,-14,137,182,261,256,-26,46,1
356,-103,171,39,346,-82,179,344,141,368,265,68,351,125,267,269,10,-150,-84,396,12,164,182,374,127,-95,238,100,376,147,242,-27,-80,243,274,177,-91,392,304,-19,-49,80,67,132,217,-60,218,-12,192,-37,-129,-128,-86,309,-37,346,331,389,88,106,134,253,-105,305,241,315,62,261,8,320,321,-41,292,314,184,393,84,-128,-7,155,341,244,74,-103,395,254,-49,378,90,139,105,210,-84,129,255,-146,392,1,116,-103,183,-15,368,332,-32,137,191,127,343,13,134,72,226,-98,177,190,376,-33,31,339,355,174,43,27,-142,261,373,-138,126,288,-113,284,93,398,22,100,191,-137,123,202,-16,291,228,-24,150,8,384,49,-86,-72,-59,-11,-150,116,-100,78,218,299,-52,342,-79,30,5,241,209,191,-131,182,41,195,144,-16,52,-63,194,99,168,346,4
138,150,-145,398,107,71,162,197,-60,20,143,41,398,-51,-120,353,-53,-99,324,192,199,368,-133,79,330,9,261,237,-149,0,384,196,267,17,-141,187,-40,29,260,30,216,374,23,-65,397,-88,280,223,113,18,166,253,62,210,-28,-129,67,243,110,373,82,137,347,225,-64,19,78,60,342,389,-129,151,-119,160,194,-14,333,361,277,165,-88,131,-116,224,112,-98,365,363,140,334,283,-36,-36,-27,144,236,122,231,71,-9,70,48,-68,62,352,156,227,122,-90,196,-120,376,209,170,125,267,89,-1,-89,278,100,-140,266,399,40,399,306,118,350,93,129,-3,-42,290,298,-52,-47,42,-105,47,-46,-122,18,376,380,306,338,292,186,248,35,147,380,304,322,-74,94,273,-15,-14,54,-91,98,264,246,-106,-149,11,46,75,-149,61,142,-71,-32,-143,84,276,1
128,209,29,61,398,67,300,-5,-92,252,340,-118,383,260,283,220,30,-101,171,348,-68,385,-82,-143,-52,57,41,221,-125,356,-3,227,365,-86,128,215,348,18,311,269,387,-111,357,212,336,-67,87,193,307,358,187,31,-144,257,148,111,248,324,38,126,359,-55,-119,117,242,381,248,87,382,199,200,-140,-87,-29,36,241,49,-96,231,144,-96,276,-71,338,121,110,100,145,22,102,385,338,-25,288,138,28,-71,-54,-121,293,112,239,-85,380,119,-102,-117,89,163,-2,304,6,81,56,21,261,15,376,354,393,-75,61,-129,3,273,141,259,-30,360,361,234,83,67,265,311,188,95,-2,253,352,233,-118,251,274,118,148,-38,353,170,-111,397,214,55,84,-44,-59,263,-111,245,323,315,155,-108,-18,200,-2,-80,170,293,11,209,307,45,9,355,-59,110,-6,4
88,-80,324,396,157,248,-48,129,-18,-65,30,-116,355,-117,327,315,234,-29,158,57,-25,354,-89,-96,197,223,372,89,73,387,-103,336,370,183,96,-46,363,358,308,221,-116,93,258,370,54,394,342,118,1,-89,17,233,161,-91,128,166,149,-108,167,-39,356,322,20,209,260,106,-102,313,75,372,242,-63,-50,-52,383,335,-80,277,135,165,326,-24,274,236,-12,-19,85,10,266,253,14,75,-2,163,156,269,27,180,353,390,147,36,300,-67,107,-37,-62,385,396,270,23,351,323,62,22,249,128,65,359,68,-47,-100,-74,278,-147,160,-62,320,212,-121,7,366,342,120,250,-103,202,130,349,124,-92,30,320,273,62,-51,311,-132,385,-61,339,164,166,-119,268,287,-21,57,48,93,210,-63,-125,73,340,132,360,18,188,239,60,-44,166,171,54,73,-108,-89,1
-138,327,-68,223,-56,369,380,135,23,15,122,203,292,398,221,299,-109,104,-86,322,185,-141,-130,29,208,-72,-18,241,234,-67,136,1,103,150,240,-21,306,-62,179,320,-108,316,-96,-100,203,98,176,-44,26,-22,42,274,-57,283,-55,149,214,365,253,85,391,-80,199,-66,347,214,176,341,9,57,39,351,-28,-46,48,61,374,134,173,316,-13,205,-75,260,204,-81,27,119,93,5,38,48,-76,394,-58,41,-45,287,80,148,-123,163,376,212,219,-61,387,200,294,-22,-69,58,-105,341,-150,13,308,107,-51,386,-4,-137,279,142,118,304,187,285,-64,200,273,80,64,297,-15,103,178,377,350,113,222,-91,307,309,36,226,263,-107,328,15,2,1,-54,-14,66,189,58,-99,47,297,397,-46,209,373,327,63,198,321,-84,18,1,323,46,-138,11,335,181,-103,3
-83,83,90,305,59,3,8,31,33,49,395,-105,189,345,372,80,-65,-5,167,384,209,30,-77,378,104,214,113,34,281,337,-45,283,-14,137,192,201,-146,298,347,72,-14,387,43,186,-145,62,354,80,-60,189,388,379,59,229,-140,365,-67,186,-96,170,-58,-43,199,258,398,57,338,-78,-60,297,84,73,65,15,283,-90,-81,392,34,-24,-11,112,5,180,329,170,13,175,-13,51,-61,298,295,331,207,-132,-121,63,265,17,205,213,185,-66,-47,-33,-113,332,330,-15,-75,144,165,346,-133,281,-2,289,68,-145,100,-90,328,-83,290,102,378,-84,364,4,362,184,237,-147,229,-118,-140,358,34,3,361,77,324,-49,107,-79,348,209,90,-36,259,276,377,396,-11,157,241,-64,-12,228,-108,-82,2,321,139,344,-40,117,262,326,184,236,185,316,90,77,-78,378,5
-54,107,112,72,375,334,109,40,115,65,149,-5,372,31,341,-22,-118,240,-68,-126,302,282,-77,279,352,357,245,67,309,167,167,291,15,301,-6,371,316,138,-114,261,235,271,-113,382,10,67,93,-108,-33,173,47,331,100,317,-26,398,352,-47,83,-78,-117,212,11,109,325,186,338,46,79,-51,-88,183,133,-13,387,268,139,276,277,-108,157,-4,230,-35,314,56,-98,-53,-123,62,97,339,385,181,-115,46,259,33,-84,-118,16,189,373,94,335,-108,374,306,-35,-45,194,238,384,90,-55,159,-26,83,55,82,-31,326,-129,61,324,345,37,32,267,389,382,-77,-115,259,380,-136,-42,-27,154,-133,-67,37,13,217,243,-131,-38,166,206,-1,262,-93,-97,389,210,272,-94,-87,135,191,358,283,287,384,379,-70,230,265,-17,72,-36,175,45,98,75,132,299,-97,1
336,-1,-95,59,165,249,341,-23,-139,-127,-25,180,20,-46,70,-94,-118,10,-43,-86,-75,-105,302,299,283,157,254,-8,137,-79,256,113,70,-107,272,138,-115,387,307,143,-51,0,-15,129,224,315,273,343,-33,258,-134,100,-46,-110,318,382,270,353,60,-18,149,68,239,183,236,150,-37,-91,-36,144,229,-71,-124,285,82,103,214,237,222,196,287,-14,2,193,-93,69,-133,277,26,331,343,335,352,-141,168,339,107,253,73,397,110,125,205,175,77,152,-49,142,-143,57,212,-106,307,371,191,81,328,192,18,117,113,150,191,-44,8,203,398,308,-79,21,76,26,-49,173,205,-24,243,109,126,314,221,-17,104,372,-78,136,20,96,203,-110,-39,310,54,-85,218,310,395,323,-107,184,204,197,211,239,334,111,-76,375,317,-146,150,36,50,327,339,148,335,100,4
225,46,-82,98,81,312,178,-15,328,-90,-64,362,8,248,249,311,213,-70,-58,-79,-94,372,356,278,247,309,132,54,-54,321,309,114,118,113,315,-144,-23,248,33,-67,289,82,378,-58,326,210,-40,191,157,266,-74,117,201,-105,175,308,231,64,290,190,149,135,258,235,317,343,375,0,27,394,-142,200,52,112,-2,-59,376,305,309,302,49,-114,237,282,397,-57,40,325,15,-111,-87,301,231,296,124,-73,-26,370,138,-24,65,-45,340,-94,129,21,-46,-145,-117,388,379,366,321,104,96,166,100,197,-76,89,-15,76,308,-65,309,-39,-82,211,135,292,0,359,333,290,25,-122,224,280,234,200,69,343,-4,51,262,69,232,399,100,127,-97,287,60,367,50,-108,97,214,167,344,220,37,120,107,91,-57,357,144,329,-131,253,268,265,378,-15,-36,355,29,2
174,39,40,138,15,107,85,243,334,309,334,-136,320,94,100,15,353,55,-30,337,128,386,335,357,68,49,-68,125,71,390,-89,247,15,-20,160,55,254,12,149,21,18,4,-59,5,-146,40,-141,-67,326,-122,261,244,62,320,70,1,-116,-90,125,71,272,253,297,13,-10,106,352,219,118,12,379,-99,175,-93,132,-94,229,-142,354,127,283,256,-67,285,222,-6,0,398,50,303,358,211,41,379,12,128,200,61,-16,357,334,376,235,308,-54,-137,4,-21,-147,1,39,-23,305,-73,283,-26,61,42,76,189,-11,262,35,172,64,358,-76,258,189,168,88,359,303,336,-93,114,91,-75,197,380,-9,357,-38,342,199,-132,66,349,274,260,360,-43,-46,138,276,139,183,-131,167,312,-149,65,102,72,57,-83,75,188,217,341,396,208,146,262,248,393,240,377,4
115,98,33,43,348,-98,-69,395,-66,234,-126,392,-148,43,226,394,-60,334,-122,-46,-126,343,124,298,-52,377,48,312,22,285,111,293,142,360,-147,316,24,190,315,19,295,376,147,359,8,266,209,195,263,-25,-41,298,-9,-141,-134,339,376,-148,91,36,84,27,166,102,160,41,-148,7,35,-10,-100,274,224,-31,219,266,56,392,13,-17,150,-61,-79,208,398,-50,-121,399,15,241,370,126,18,124,98,361,-39,-133,309,-71,48,-35,393,72,311,-63,281,177,-48,147,38,220,99,75,-27,154,247,127,7,-148,180,-141,46,291,-136,-29,-145,365,128,-95,-136,237,-60,343,88,370,66,34,44,-112,-111,-135,-70,-86,-36,134,-5,265,228,319,116,262,248,140,-71,221,326,11,-3,354,54,-101,263,-30,307,48,75,109,127,-147,42,153,0,-145,302,64,176,-66,5
267,3,381,119,95,222,-80,51,200,-93,70,8,57,87,37,243,103,198,171,29,212,153,231,-25,223,29,-63,375,92,379,77,-74,139,-32,26,67,-139,-38,169,-125,240,-96,57,289,0,312,177,47,353,69,153,360,382,253,212,-80,-57,324,77,196,24,66,397,246,123,-36,52,367,-26,157,47,364,327,-85,57,127,-12,158,181,17,396,-108,120,149,-109,365,176,134,111,104,43,-70,260,-12,350,-48,393,219,-100,87,-111,72,367,230,121,248,255,-5,283,78,303,212,100,243,144,150,-123,-78,162,-71,-122,160,-94,259,344,-18,-4,78,181,298,293,291,260,62,-42,351,394,-49,330,270,302,261,-57,333,-107,165,-93,-9,239,295,-146,282,284,-28,-133,334,360,72,93,-142,195,-29,329,147,214,175,-42,392,-29,124,-80,24,142,324,-132,-58,258,-98,2
334,264,397,-19,92,-60,195,213,-29,208,-37,268,372,36,-73,336,-146,152,-61,204,51,-56,17,279,207,-37,381,354,175,146,217,244,-121,236,-97,-141,114,-16,375,107,255,293,150,-125,292,-112,95,57,50,30,230,23,168,-36,152,-9,377,-3,350,236,-122,109,-37,-143,153,104,-67,-135,152,-55,-29,75,-122,173,-32,20,-117,154,37,-100,370,-18,215,41,377,36,33,42,-67,243,352,-89,-118,342,-8,190,211,-28,347,-36,206,243,353,-15,214,113,-10,-63,309,86,359,24,18,-99,77,97,181,287,-115,182,-52,-82,-10,343,116,-143,264,-11,250,260,-41,21,263,-143,212,225,176,127,40,353,-72,398,-56,302,163,53,71,50,71,399,279,83,-30,-117,-21,228,-16,-115,17,55,324,-76,-61,174,121,-76,-14,110,61,334,393,65,213,-84,80,232,84,3,5
-139,-114,162,-139,23,74,4,368,85,-113,147,93,-28,341,147,-110,114,-43,75,23,-46,187,-30,36,377,393,273,195,-56,-45,357,175,140,180,293,398,383,165,-109,128,9,89,5,259,71,186,134,235,207,271,117,-60,145,206,157,167,166,151,82,262,-101,210,363,351,-85,335,64,-13,233,328,-149,358,-9,-123,106,-66,92,55,287,120,328,26,269,324,236,103,95,239,231,324,383,383,196,48,80,283,181,185,79,83,218,6,388,51,-62,164,19,286,143,194,212,29,357,338,149,384,175,-74,72,37,327,-128,-114,-133,187,-79,367,294,327,305,-32,297,216,217,326,-74,125,-59,217,379,342,329,172,396,-49,120,156,236,126,108,396,369,281,159,308,235,49,380,251,-66,-129,84,239,-22,242,313,390,-122,-18,383,-69,-60,-75,84,337,283,278,-61,1
296,4,296,-12,80,-109,85,318,197,47,194,-89,237,-117,131,80,222,260,62,126,70,-41,46,233,302,301,-44,-146,-7,-14,290,15,-86,264,288,229,-23,46,345,351,1,-123,-91,-57,-37,-27,106,-138,43,34,-116,398,-76,99,-131,96,288,283,15,152,198,-23,198,85,223,82,-87,-145,53,357,6,236,69,59,-43,358,-3,-93,93,-94,-80,346,109,207,-117,333,202,278,-9,285,103,165,147,16,200,-109,251,240,237,-55,307,27,136,328,287,74,-146,-41,92,0,368,163,126,8,4,243,-79,-50,17,91,-35,121,154,-113,375,-66,93,-2,168,147,-80,126,-38,-62,-74,-32,132,78,-15,263,-28,-121,-133,-128,-113,97,210,391,-32,309,-77,122,329,174,211,-10,-144,350,-83,316,279,396,-122,205,-117,109,162,190,299,253,-145,390,185,242,398,331,272,88,4
99,96,-87,-29,-26,386,211,-115,-43,35,310,-132,-57,204,-23,164,231,324,247,91,1,268,360,321,111,328,353,105,141,134,-10,138,-7,-66,-50,86,267,54,-24,156,109,26,54,49,362,18,283,358,314,113,-33,-65,84,171,107,-134,326,213,98,303,-50,244,182,-102,215,355,118,79,77,-9,64,-105,-136,192,-15,116,260,24,350,171,217,258,257,157,-88,-90,356,105,-74,-61,214,121,124,-111,23,348,206,175,366,132,21,143,305,63,-62,233,18,284,168,-132,-57,219,-98,278,372,-46,371,191,-131,104,273,96,-5,-69,363,282,224,-104,349,356,-27,194,278,280,-119,-5,-58,95,190,153,299,-22,383,273,-113,380,64,105,355,281,324,64,69,353,-123,165,57,271,358,17,16,96,256,230,153,69,330,143,103,-18,293,14,120,-19,8,146,356,235,2
369,-73,-111,167,176,265,23,208,-144,283,278,149,157,240,127,6,223,17,285,219,18,361,228,-74,-52,12,124,246,193,-125,-95,392,-121,385,7,-30,3,-69,210,159,181,126,256,-25,133,292,30,11,325,210,373,-21,130,301,-17,322,-146,-69,70,-82,367,377,-9,353,206,55,-111,370,349,51,-103,298,359,115,94,111,167,392,200,-117,337,198,295,319,143,60,-16,228,182,237,126,347,240,-74,268,230,226,-12,92,343,208,100,127,20,28,345,227,343,225,127,184,-133,149,-42,-119,291,-95,-77,370,296,341,-19,87,205,99,-109,80,-61,253,40,230,-24,226,89,292,-113,399,128,0,239,212,23,-8,106,-51,336,197,394,215,1,95,-55,188,303,-67,322,-26,189,15,358,296,262,135,262,-65,-12,282,-46,-73,227,37,240,110,141,-8,-113,-115,-36,2
363,-136,160,75,37,-126,338,89,242,26,223,110,85,311,359,-82,100,179,345,198,-135,58,-108,243,229,156,-144,-129,385,231,209,147,-1,12,-35,32,-20,216,124,275,358,177,239,120,-82,306,195,329,105,234,-4,376,188,26,-69,-100,116,340,365,341,297,106,-142,170,221,172,192,106,-3,41,-27,53,186,-66,321,256,384,-31,-95,250,363,211,-118,120,211,293,319,-3,320,392,107,118,201,218,249,-126,361,181,389,-46,309,348,287,35,218,-7,-77,349,-60,-99,-135,-13,38,376,-22,-37,-64,75,-27,-22,194,143,313,-11,297,-13,353,304,175,162,142,226,150,136,142,-37,-66,-52,48,390,361,-12,347,138,286,378,362,33,-128,368,183,341,311,43,102,58,-77,286,366,206,215,-29,297,-2,237,194,338,396,-116,16,-74,226,277,156,97,143,22,-121,2
12,-123,274,211,22,153,175,153,-28,-71,270,242,108,286,-34,17,378,231,213,-140,-90,235,94,-81,178,233,18,81,-57,308,368,-15,291,371,-41,43,-1,75,172,109,-82,158,232,334,32,293,363,244,-50,-10,17,239,373,336,-79,178,365,14,-119,34,-11,136,344,212,272,89,160,68,244,202,90,59,381,-55,206,-124,143,192,203,-75,80,229,-109,264,82,374,397,-76,153,99,253,380,327,239,58,315,251,53,147,105,-95,108,344,315,-108,261,-14,189,123,194,-130,3,384,350,30,356,333,-148,203,7,387,314,23,347,265,89,51,171,-13,-47,169,251,-31,-82,-89,-30,365,254,219,-50,81,21,68,181,97,11,341,156,265,-1,-132,-131,205,-137,150,152,88,-120,-51,312,256,-56,-42,8,-104,205,379,51,112,399,-123,-133,-142,377,167,-111,322,-57,4
-93,199,124,388,135,-106,264,-115,155,-113,88,308,16,62,215,170,154,31,-68,-47,26,131,215,329,85,294,178,-84,297,137,37,254,211,4,-43,-149,-108,-22,25,-61,101,-56,330,194,224,-95,-92,249,-61,-97,58,-105,-33,66,3,361,379,154,42,7,2,-116,-44,187,263,119,395,368,273,37,350,118,109,-103,-43,-10,198,394,384,288,364,-27,161,45,394,-119,358,126,108,80,44,142,85,394,31,-142,53,377,95,358,34,212,-65,-134,44,-146,255,24,-19,-41,302,77,397,340,117,363,190,154,217,318,74,34,258,271,149,399,105,83,92,314,237,199,61,140,359,356,183,274,-13,-33,29,71,219,9,53,377,-39,64,275,382,-105,-94,335,264,280,-20,-133,261,-8,155,266,389,-38,225,337,-57,-150,304,311,-2,-73,-72,97,-141,70,-24,-110,263,4
27,-69,235,366,182,145,290,344,378,-30,44,347,2,193,-35,-110,-47,97,213,115,235,-2,52,223,-126,302,306,-140,110,367,74,121,-105,257,-137,385,214,103,256,338,-39,50,151,-46,77,274,337,302,36,172,188,-68,191,-4,184,72,225,97,313,273,117,247,110,269,292,290,329,296,157,-7,396,179,10,156,166,-24,305,-147,341,235,354,35,-89,130,130,211,32,-20,35,244,-108,-147,174,47,208,-145,13,228,28,-104,286,236,-98,136,232,186,32,80,299,238,242,134,12,-47,12,155,120,390,258,-76,334,162,-39,97,340,329,174,211,334,270,258,257,-21,-26,133,37,287,-107,371,-146,225,24,8,93,-122,236,3,-149,184,310,-95,247,181,376,223,-106,381,-27,79,184,-30,105,331,366,163,186,-74,-51,145,107,286,372,389,-32,244,346,98,-144,1
262,285,368,301,-131,-148,262,-131,294,76,195,189,-100,222,202,-121,327,93,257,264,-128,-98,-109,11,3,176,258,364,222,315,343,374,299,-95,-47,24,171,-83,374,341,181,148,-108,48,-59,339,393,-115,131,54,22,139,267,137,-49,300,-30,-94,-44,88,262,-130,382,265,147,-140,203,-65,74,43,-48,151,-103,142,-129,24,182,-134,245,-75,52,82,-36,-55,123,225,183,198,348,25,212,-106,228,279,156,265,92,-14,-93,18,311,259,233,294,322,91,73,-29,357,93,70,-16,-116,16,111,183,-86,-41,260,244,-142,31,-108,155,-38,168,282,80,329,264,-15,361,264,-104,-9,-66,280,-58,279,278,8,-33,6,282,42,106,317,81,270,-73,227,97,224,361,-130,-75,187,271,333,275,-11,162,318,369,5,30,53,378,126,274,182,-122,-90,-90,-131,-95,179,53,5
289,33,-105,290,-106,313,295,-143,-137,78,-49,350,146,-122,203,323,292,152,65,200,373,-127,365,-143,-37,87,-89,-24,149,9,369,287,250,93,44,308,55,-80,266,277,345,-119,61,371,312,96,-22,182,-76,-61,-99,-139,-105,141,-14,-54,11,-63,-98,-42,-106,10,134,167,140,280,235,386,-98,229,-37,161,107,-6,352,139,201,111,389,-15,185,339,123,71,185,-28,372,367,383,64,264,252,234,362,390,246,134,249,-46,352,-111,198,71,291,-87,-147,305,-133,191,-141,223,215,200,-52,268,-117,198,301,25,-104,67,70,-140,39,-65,394,179,268,30,133,384,-102,-149,3,-6,148,164,387,193,-122,-36,115,331,-41,254,-17,101,362,354,133,-27,46,251,381,181,318,163,-85,94,208,170,-25,210,132,-121,181,234,74,146,89,218,-80,131,154,108,16,119,381,2
291,277,-14,355,295,111,299,-46,148,-54,-146,-10,225,361,33,50,195,-121,-27,319,337,173,133,142,-78,100,-24,71,180,2,180,146,320,-94,350,-148,327,18,-77,11,391,-62,167,-81,349,-55,224,202,383,69,246,315,-77,348,-85,119,265,356,-4,-55,179,55,83,252,180,332,16,349,-57,29,199,88,52,63,115,-44,223,120,165,-116,396,-150,-42,-40,94,123,-125,165,168,-108,143,99,161,274,37,204,161,295,5,-114,396,287,176,203,111,-132,211,-143,281,327,299,222,385,-32,306,-142,296,17,212,116,178,-135,130,265,327,290,146,229,-86,9,25,-26,-76,354,188,-16,326,-98,77,-51,326,198,-116,108,215,330,169,-12,-21,232,-52,263,-130,290,204,157,47,307,370,330,-119,207,-39,108,126,177,-35,87,382,147,-93,-36,237,162,397,102,-99,301,2
371,1,215,358,-99,119,99,309,348,-39,-48,-139,319,81,353,304,-114,-1,-14,313,-35,190,178,245,-35,178,324,-116,212,15,236,77,282,75,-135,17,-143,287,284,235,15,161,381,-99,170,124,302,125,157,-60,290,267,268,248,108,-147,62,255,-82,80,132,155,117,-13,-102,-116,31,-31,117,325,127,86,93,370,103,93,-115,10,-10,303,-18,123,-133,125,209,-129,66,315,342,343,50,114,138,112,266,-85,360,305,-58,29,-116,145,277,144,381,202,64,-98,-11,297,-125,399,137,46,-39,320,218,231,-123,-4,159,227,-70,-136,64,-128,185,39,130,9,234,133,-60,342,333,-11,312,-131,188,259,283,51,-126,-120,317,56,251,17,192,-84,-140,260,14,-11,330,261,111,355,62,194,-115,-107,256,-64,-116,302,166,15,29,363,296,327,202,384,-125,-121,73,-45,1
389,306,-90,25,312,-10,-65,337,244,202,273,-43,28,263,55,-84,328,-13,74,-90,142,-136,-101,-50,275,-141,-28,102,181,50,-53,71,124,353,219,372,179,70,196,-92,-119,57,187,62,28,159,258,-13,240,231,360,124,344,-106,311,-113,-84,113,364,-139,20,199,83,153,355,344,386,-147,237,79,291,298,44,5,-41,308,178,-90,314,-108,133,16,249,397,232,198,296,372,380,39,-79,148,-76,130,311,136,50,337,390,-56,123,-20,396,-19,146,184,-37,314,-61,72,71,116,394,143,87,366,97,45,25,35,335,-16,164,243,-28,216,93,263,200,280,-64,258,230,323,-66,321,209,160,159,-46,273,39,101,63,322,-29,175,67,19,107,-75,206,89,206,167,-53,-46,45,197,-104,372,11,312,366,153,273,240,-66,145,247,331,314,79,-6,57,295,263,85,1
394,-47,-109,-20,241,-90,-82,143,292,-56,107,112,57,243,390,339,11,305,-53,22,354,183,78,99,195,231,41,15,-139,40,298,37,125,354,91,171,379,307,224,352,-85,313,-82,-26,-49,227,-1,360,255,77,245,357,89,295,-92,173,-142,364,305,187,174,-33,302,256,-18,334,341,364,387,113,318,-99,239,4,226,63,255,335,335,-124,151,-118,-24,339,199,-70,396,269,111,342,35,-23,119,50,79,-3,340,63,-9,387,198,81,292,162,50,117,-148,202,-8,-14,-102,21,5,-130,-101,24,110,271,188,338,265,289,103,276,92,30,199,-103,81,242,104,-65,-56,-105,-115,-141,93,-124,252,-119,-105,312,-83,-134,34,366,-96,211,338,-147,29,-132,-20,347,134,30,225,-87,328,388,163,167,321,119,322,393,336,-103,196,319,143,-118,212,338,-127,387,-101,-56,3
68,230,128,14,-92,291,99,297,-59,127,-137,-72,283,326,351,89,213,250,-9,88,341,378,-142,233,117,171,248,267,398,229,342,109,192,378,-49,67,145,-47,-18,370,-91,125,-28,316,197,338,-119,23,214,342,386,10,174,134,36,8,387,291,-66,164,295,88,-104,127,313,214,23,-60,172,29,276,-42,395,176,300,117,120,353,121,108,87,256,153,288,79,152,268,13,-6,203,-22,104,330,271,-43,130,-122,-36,396,397,-80,243,387,25,25,-138,73,74,303,333,43,-26,368,161,135,66,266,19,367,113,65,175,193,-47,357,163,196,-142,114,23,227,11,-23,-124,-67,65,18,-133,155,-110,-133,38,49,205,335,-98,-71,158,118,96,-95,38,349,283,-2,113,283,235,367,383,322,167,315,2,212,-143,209,-10,166,241,89,355,-124,159,5,62,29,-58,2
38,93,-106,391,-9,185,-5,15,-98,-8,-118,-4,142,-142,-19,40,-47,96,-90,269,113,345,-106,119,317,342,225,350,-21,311,-71,-14,-149,-76,70,101,319,152,217,232,13,-118,208,40,-133,255,66,206,-146,137,221,119,393,-42,-43,393,-13,331,-82,133,193,11,286,131,176,290,220,281,215,86,294,67,48,235,51,-104,104,134,40,-126,280,-88,379,221,207,397,181,7,227,222,61,205,221,268,139,318,230,343,-15,168,220,39,-40,29,-67,237,232,-18,290,168,-62,58,110,204,339,100,382,124,174,88,-116,164,206,-65,-102,323,146,-46,-80,313,23,169,283,139,63,4,-144,332,-28,299,-24,235,91,372,136,175,78,-83,181,4,358,-139,37,-134,200,-142,60,-122,258,-10,277,-20,227,358,243,13,34,108,251,282,381,179,297,74,185,339,268,229,3
245,-138,-143,8,-23,205,2,374,393,255,-17,-102,-83,17,354,-47,7,-50,-37,295,167,391,-119,188,-35,258,355,373,114,230,122,347,348,218,226,-91,274,301,-14,84,349,104,337,198,217,352,-53,126,-126,318,385,274,114,84,-25,399,-3,356,-72,389,328,127,-38,75,-78,-90,363,214,-62,309,288,-147,348,-93,4,391,-41,208,167,42,372,282,378,248,-34,78,140,248,36,308,10,-96,-132,272,320,-141,305,171,289,-144,-61,17,252,47,233,372,205,-11,178,145,155,-87,61,260,-58,342,163,-89,283,208,308,-97,147,113,184,207,277,148,97,182,-57,32,-132,45,-86,201,53,-75,222,-38,391,341,361,261,85,18,-42,154,6,136,132,140,-143,-111,-17,159,262,79,-60,-64,124,395,92,246,109,27,382,254,-106,259,26,232,364,-103,-2,79,-133,330,2
92,12,-119,-29,288,244,199,271,-25,230,209,-125,208,-114,239,287,346,64,24,332,-37,152,352,3,130,269,126,128,-86,166,179,-65,88,49,-46,266,53,25,-103,241,90,57,333,190,-83,219,-80,-53,13,245,-76,-122,364,372,-78,67,-33,36,105,-79,62,-79,111,126,277,281,-64,59,68,99,-67,-132,384,229,238,358,117,-59,270,139,-71,168,287,83,159,-145,240,-83,374,271,78,215,316,118,-56,21,243,369,316,172,99,-84,-116,230,-66,279,89,151,-111,4,-3,-139,384,-139,-34,-43,-112,-103,196,327,396,-133,-24,181,-149,-98,-91,396,146,126,312,109,-19,85,-96,-68,359,137,229,163,306,40,66,94,-119,110,6,-16,115,244,-98,161,-111,35,96,260,236,76,272,383,58,325,294,271,174,191,122,180,319,277,149,343,83,32,-60,-42,354,-138,4
310,28,31,327,-54,58,274,-107,321,-15,390,391,97,69,295,-7,-77,-122,-30,-136,69,156,321,198,-149,-119,159,114,124,203,291,246,6,43,356,-77,136,274,233,392,-138,-80,-100,290,131,-7,121,331,287,196,-99,304,355,215,-37,302,304,345,195,38,57,333,-82,-82,-99,-6,338,-121,284,394,211,98,-114,-136,294,-58,86,-87,153,75,152,41,172,122,284,276,-25,53,333,388,-61,-111,9,-51,357,150,93,185,355,229,398,-8,180,349,114,-69,-14,-110,-115,-118,287,-28,232,180,25,302,-77,5,377,-125,-97,55,42,-122,117,-82,-119,115,-18,132,16,-135,99,312,59,348,58,375,146,322,21,121,-25,385,126,354,331,261,284,12,115,167,-53,-31,-110,-104,338,365,362,116,-39,-140,-137,330,192,-78,-90,129,-124,140,-129,372,304,35,334,-75,-19,342,1
43,216,170,-5,203,348,214,145,17,28,82,242,106,181,-13,260,252,73,-129,121,7,244,-86,-145,-60,340,140,-34,74,164,233,375,37,339,-66,235,-31,174,-8,155,323,-125,91,191,124,398,70,-23,281,312,105,91,-31,-145,353,341,-40,117,245,-103,339,-46,-81,210,-150,-92,-105,-71,272,326,154,259,266,212,125,78,224,182,329,315,231,116,79,-73,210,-90,-144,120,370,62,14,80,213,-136,-33,-63,365,-37,76,93,270,-149,280,209,320,-4,113,-122,-14,293,197,179,-97,-75,141,306,239,-110,295,-44,242,189,-47,-110,-147,-141,-77,-103,-27,0,338,242,299,77,116,108,294,327,-6,-121,-143,18,-146,174,1,183,230,269,303,176,279,137,-91,-23,232,19,-124,-146,294,357,157,-76,194,233,102,28,232,106,315,305,381,204,-7,394,332,160,294,-55,2
193,93,387,244,125,-51,365,-61,246,-110,290,320,383,-101,121,332,345,320,172,42,357,138,-13,300,160,36,136,318,321,-63,285,-13,213,-34,311,-88,-77,323,231,-131,-122,11,123,135,113,-100,-31,257,315,165,174,-128,72,-112,112,234,260,317,-43,36,107,201,356,125,333,132,168,317,224,38,39,-77,350,-1,-59,89,-90,85,81,78,157,-95,134,67,178,28,-24,84,74,180,-122,36,-2,-147,141,-68,3,325,180,198,155,317,-38,18,118,186,35,207,171,103,10,302,-124,155,205,312,4,351,177,318,154,227,98,221,175,316,-150,387,46,130,346,-93,278,-129,281,118,258,371,123,-96,259,218,339,-35,179,-67,143,-20,316,314,-43,277,232,389,196,9,79,53,381,239,-148,178,-118,245,131,219,25,-12,302,129,76,199,380,161,154,-42,348,-94,5
-56,341,103,-6,295,17,-12,227,118,186,-123,315,5,288,-135,17,80,81,202,363,54,107,233,206,174,-81,25,360,1,242,94,-29,17,-21,-132,353,391,-34,39,-148,182,189,9,264,114,-84,-56,90,-134,264,70,-111,-20,-22,369,41,274,305,74,363,24,165,26,-58,120,283,309,363,-27,-71,220,-56,38,-29,-107,109,37,110,-91,113,397,-141,-48,-40,382,350,54,-54,246,345,381,213,106,54,191,348,41,-27,-25,42,87,97,74,38,71,-61,252,-94,369,307,251,244,7,-24,366,86,182,-115,4,393,-33,171,365,116,211,334,79,270,246,260,171,152,324,373,300,387,260,348,-42,12,-138,-24,302,20,58,188,-92,356,117,329,366,297,-17,62,-52,120,-102,24,363,338,-145,156,316,377,-78,-84,391,-124,275,283,240,178,-95,116,242,396,28,398,3
-50,317,53,126,317,366,-128,176,386,229,-25,291,-107,208,48,157,206,-62,23,214,323,85,74,209,273,-97,184,-56,164,337,224,-133,70,270,-114,178,-8,221,338,152,54,120,31,130,-139,114,142,-14,46,304,-56,85,-144,238,-26,58,141,362,355,350,293,325,298,-110,228,-58,-47,214,90,109,19,107,99,-121,-69,135,204,106,163,384,81,255,154,224,102,-107,39,313,329,-94,19,315,331,272,252,-90,93,264,26,-131,-39,381,-135,356,-94,124,-138,381,212,181,282,88,259,396,18,243,181,129,50,8,287,163,-53,-140,63,-111,288,280,294,-117,-89,-72,22,366,156,202,-93,-28,-148,-128,115,-103,102,397,-63,159,381,46,236,100,312,228,-128,16,17,62,-114,255,-99,-137,379,-37,27,235,-32,179,-119,162,95,166,145,-83,-95,-99,296,266,260,-23,1
294,-126,-90,185,237,164,52,49,-35,350,258,242,19,93,-90,-92,-76,354,219,62,-25,1,-35,371,329,42,204,-93,342,53,353,151,194,133,-31,314,57,342,-38,167,372,381,67,-16,200,49,92,-9,98,346,-61,-130,-88,152,174,109,21,294,40,-68,3,283,266,88,-49,11,148,177,282,382,397,357,275,208,-7,367,-27,22,370,267,9,-32,-62,179,299,-19,386,-88,-43,236,233,170,156,130,57,366,41,15,-90,-148,195,309,283,202,-89,159,94,357,-98,370,248,-43,243,224,264,348,-82,325,-53,-135,-72,147,259,107,60,33,44,-111,302,164,-90,328,-115,77,392,-28,112,-28,67,195,125,-53,316,334,-145,-28,-65,352,-70,211,275,-110,197,-37,49,-16,48,6,172,360,155,-107,172,71,108,299,207,112,-124,-144,113,205,70,3,125,70,-64,-100,3
89,221,-23,78,196,44,-50,154,-147,11,89,242,35,-70,-70,50,71,-134,87,195,94,299,153,-38,303,266,106,-96,288,-13,221,-26,-127,305,-59,345,213,6,-58,228,328,-146,282,-59,160,-105,-8,305,73,16,255,167,46,148,-113,-140,130,259,351,-95,205,-39,213,-3,347,157,395,150,181,-92,172,286,354,250,304,227,152,55,259,-27,313,165,362,23,67,-110,-100,366,193,286,225,83,183,-90,350,96,207,242,187,-83,10,268,118,38,-54,153,15,8,-102,314,73,42,-103,-46,130,-130,334,265,23,110,17,-6,70,188,-44,-8,11,202,77,126,-55,347,-150,28,10,387,159,-106,-123,61,369,-146,372,190,49,37,151,-11,-138,221,198,113,275,-49,242,202,160,349,62,228,-96,-55,162,34,272,354,203,-78,-129,50,22,298,201,344,-5,116,237,-117,5
153,-68,145,333,146,255,216,169,53,-102,120,328,195,61,73,371,-71,-39,127,248,361,181,16,293,257,288,363,256,231,-92,275,-11,50,86,328,362,368,261,399,5,-139,21,376,223,160,-56,94,187,-87,396,315,-140,162,-70,219,14,-88,-71,-122,349,300,123,250,90,179,78,205,344,153,192,27,-132,180,-110,110,111,236,150,79,-39,212,25,257,215,259,26,323,288,-102,131,316,318,60,-24,166,145,-132,140,-4,-62,89,283,-55,31,42,-13,219,342,94,254,-3,219,-35,151,371,-30,76,-72,195,-11,385,138,178,279,-51,-144,20,112,221,393,346,-92,184,-121,109,395,-14,165,309,257,32,96,-122,159,28,354,226,127,332,125,142,-23,156,-78,222,283,-89,-107,219,372,-90,332,29,-129,364,198,73,386,155,152,205,118,-136,367,102,-66,12,86,2
-69,251,-3,286,4,-22,-32,119,265,-141,259,72,27,26,393,-125,46,259,-86,327,245,333,32,113,-124,100,357,-23,265,268,269,78,393,-72,-95,-97,263,322,381,51,72,-22,179,290,-23,-10,319,10,298,364,238,373,138,338,-124,218,-138,215,-28,103,210,35,169,283,149,379,-133,325,-145,36,-108,99,46,52,38,322,122,-61,119,-31,89,114,40,132,313,-61,208,229,16,53,-25,314,194,275,389,60,115,116,103,37,-121,154,302,-121,10,272,196,71,37,274,398,360,55,220,323,241,328,358,-94,-84,-123,81,-44,-14,227,240,-75,304,194,308,212,-8,-6,218,277,102,-3,-24,201,-30,223,190,-120,194,53,221,261,77,-119,195,46,143,-29,224,-135,287,198,59,9,134,-99,-70,230,201,134,339,236,284,-107,356,19,-76,-143,324,21,286,300,344,3
308,34,16,156,126,-61,68,290,247,320,259,133,80,-130,125,328,196,21,392,-142,393,51,29,388,363,232,243,95,274,153,-35,-34,281,-26,-118,322,284,-128,-69,52,-44,-77,205,50,211,320,234,-132,-30,-16,104,213,183,394,-145,-17,71,117,-19,-99,104,158,198,119,254,8,18,120,326,248,190,-144,-127,169,386,305,267,332,-65,352,213,-114,135,356,37,-21,153,385,98,76,333,173,-143,-95,123,-54,-53,60,-118,126,293,276,-21,145,328,-41,169,27,243,93,-37,-35,398,-13,258,138,378,129,26,91,391,231,-70,-138,293,-13,42,189,240,329,387,86,304,399,159,337,217,18,22,68,267,163,61,-13,87,166,-140,250,52,376,365,30,280,262,392,178,33,-20,124,220,305,-126,237,158,28,55,-146,155,27,164,-20,74,155,159,-60,111,287,371,5
-33,292,208,23,311,245,79,6,183,154,148,192,368,-138,232,24,252,305,117,189,-124,108,-16,156,330,-134,239,267,-102,-90,163,-5,345,-145,54,99,194,281,193,266,382,336,-96,26,317,344,370,-33,238,267,51,-6,30,-115,-115,246,381,79,60,319,-145,308,243,8,-5,201,-104,385,-41,336,66,-47,188,132,383,-123,396,364,271,354,103,89,90,51,-16,327,322,275,203,216,-66,6,186,40,348,-130,341,-14,85,-148,-128,-10,-113,11,71,259,-131,-49,336,156,-94,-11,323,-34,-13,170,117,285,-100,169,380,187,-127,131,-115,349,393,107,187,26,346,279,342,117,296,89,-34,255,115,155,268,-134,-139,364,-68,232,-67,362,358,21,340,115,308,-143,-6,-16,270,-83,103,249,205,99,13,116,233,234,114,386,-127,221,-24,23,-133,300,-88,1,323,356,3
-143,73,49,-18,388,231,40,80,172,-99,186,182,284,323,356,257,228,54,207,98,-2,334,167,360,136,237,-8,252,16,229,59,-107,314,378,180,157,-80,139,70,360,390,335,25,241,-59,157,187,-93,-90,273,122,75,186,376,208,188,187,338,226,118,3,-143,131,247,95,-17,76,-117,145,324,-11,234,134,58,-69,282,249,204,213,144,271,-145,329,364,76,130,189,256,291,241,284,-50,97,147,264,-46,-92,59,-56,193,-100,350,-11,-49,-31,157,322,296,-75,1,340,254,101,224,190,-32,2,373,-77,6,70,23,87,370,393,345,-10,30,-53,159,229,221,262,309,26,319,218,335,93,-24,-39,291,120,163,256,86,11,230,310,162,130,-10,-97,388,369,333,351,20,225,-74,32,-146,86,348,-132,-86,171,85,138,85,271,240,-146,-14,246,-103,-87,390,4
379,-132,25,362,67,340,157,304,-127,132,220,-32,98,-89,249,-11,67,-141,-62,365,323,102,232,-128,211,234,236,89,164,56,84,123,-2,130,9,-81,189,90,12,-68,309,10,89,335,52,273,46,-109,63,102,-134,-35,53,0,95,-93,356,90,-59,247,241,-105,4,-81,360,131,275,-121,111,172,-68,316,65,-116,-146,-145,96,-58,164,284,39,393,282,75,85,389,48,270,390,-4,-39,-43,380,284,317,222,120,38,361,-36,-144,316,197,-75,-117,368,287,300,202,-11,163,316,58,-69,246,-55,168,238,-65,220,-79,-99,313,-55,110,185,-137,320,130,68,-79,-95,59,142,239,258,253,30,-33,186,73,166,185,334,125,108,142,12,353,360,377,217,-147,122,40,-53,385,107,243,398,163,279,103,374,13,179,354,198,385,30,388,306,-77,-11,-148,114,272,391,1
263,169,249,-31,269,135,-105,206,-71,253,311,-42,70,87,316,58,39,-25,321,-68,-108,141,-6,31,-6,9,156,221,292,393,263,269,111,-146,161,389,-92,148,-101,399,250,132,14,112,143,58,156,213,-48,341,248,201,86,-59,-3,-122,-135,250,55,-133,26,290,380,-81,371,106,106,79,67,13,241,-98,324,-147,46,-76,54,395,202,375,181,52,87,251,238,-84,-1,-17,260,62,398,350,75,232,397,38,67,229,25,60,192,337,196,172,343,336,-74,-148,387,302,-148,88,93,276,391,192,251,366,106,-87,-9,146,-78,264,-29,164,299,43,375,248,130,307,197,369,227,289,350,-67,-109,118,380,-117,323,23,222,355,34,49,-18,-108,-47,-134,-62,339,10,-95,43,314,-82,-131,53,146,36,-101,51,272,7,14,152,-25,162,111,293,330,182,137,252,-120,5
256,337,-124,351,-1,174,129,138,51,211,156,226,-86,383,127,323,297,232,-127,391,-111,-70,331,92,167,299,381,-32,355,274,81,151,293,388,35,1,384,369,63,336,262,168,252,385,-112,6,85,269,327,228,-26,318,-3,131,0,238,326,-147,11,291,-25,-35,389,-14,36,327,250,229,-118,-138,145,103,208,-137,113,9,174,-106,302,182,399,-47,4,-70,28,248,167,-121,9,283,-144,294,158,227,36,200,-123,339,193,355,45,104,64,-36,-12,378,-96,387,359,346,387,162,58,-31,307,71,352,-110,252,-150,-117,193,274,-86,365,247,-130,3,93,-82,371,314,-119,264,82,248,27,364,-47,-116,159,-39,-50,259,71,203,89,228,-7,92,329,193,-82,-139,-58,336,269,-143,-81,199,-90,103,188,153,171,1,225,133,-117,162,131,329,55,398,-87,213,67,256,5
-93,116,114,175,-5,-86,217,242,293,-14,-12,-20,283,-44,-125,31,227,-127,118,180,79,-42,37,-9,-105,92,-10,1,249,390,-132,328,25,70,137,174,266,345,-128,311,228,38,298,198,-123,128,-103,232,67,156,27,396,270,-95,381,-65,-137,-46,27,58,-82,-88,20,231,159,16,82,12,353,114,355,-91,-89,-45,-7,249,393,207,336,96,81,-113,295,296,-135,-97,-133,398,145,-83,250,331,-132,298,158,-5,-59,310,268,178,186,267,-76,-66,187,26,299,-6,96,-22,-70,62,218,-44,-56,-52,-103,25,248,-106,107,163,15,364,330,321,40,-108,86,381,75,283,303,-24,276,250,-78,-3,270,285,131,258,169,264,218,243,271,345,321,-53,221,1,-70,-134,-81,361,87,264,-94,253,279,-21,-101,319,334,347,181,-6,55,-61,300,19,87,312,249,15,269,246,3
36,113,-64,82,158,-18,322,153,129,50,340,147,-14,297,46,-60,-90,-79,301,48,132,0,-111,220,326,-93,397,102,265,88,233,256,17,-40,281,145,134,150,358,395,-61,349,376,-80,203,31,-26,-41,235,13,389,64,-48,253,14,-107,-11,-119,98,392,379,262,381,-120,240,73,352,358,-102,212,-136,195,317,342,88,-74,82,295,20,383,122,-126,95,398,323,162,318,204,308,365,-93,21,179,122,79,-5,286,124,184,149,-4,398,-93,117,-119,259,280,71,-100,311,308,127,302,-111,14,96,187,373,254,-111,-121,146,152,109,281,162,91,377,341,160,-5,0,312,-140,276,150,-112,314,1,141,365,197,111,151,294,138,230,245,136,395,-119,384,228,-120,245,147,119,328,74,363,264,288,-116,-124,-76,249,221,195,193,45,309,59,377,147,253,39,221,-44,1
293,146,234,377,237,159,-122,43,-88,343,119,21,-22,202,-3,-72,69,254,-64,253,-34,351,23,-45,-54,327,397,271,260,174,318,276,204,175,-142,-60,135,-8,265,-90,143,189,35,-59,80,386,-12,39,202,-112,-78,-129,-120,139,-73,292,286,210,-97,220,-54,379,243,-115,167,219,-100,136,92,140,262,71,-120,-83,331,-55,74,398,195,72,133,103,-31,-13,177,389,-63,222,240,189,363,115,-69,247,207,30,364,-15,114,52,331,136,-18,-54,-57,-57,144,-135,323,309,60,292,-52,-131,-130,30,334,249,121,-128,-43,-127,302,390,-36,243,253,-49,115,-68,145,95,110,1,223,195,344,-33,223,-22,52,48,-74,296,275,357,-99,27,298,-38,85,15,147,229,16,211,303,353,306,147,34,267,-28,86,293,276,-90,-59,83,380,217,86,140,210,-13,91,141,286,5
-97,377,-101,38,362,26,68,105,207,39,309,-142,334,38,-128,146,177,-140,-150,26,174,-9,368,-28,293,385,88,4,-144,287,321,306,298,-48,35,267,202,145,366,371,333,71,393,354,131,242,302,-96,-95,-95,13,338,-143,-4,255,-85,-12,44,138,307,278,44,144,270,-101,119,227,391,7,-30,-50,182,144,275,-67,-96,91,-5,217,22,-120,242,258,110,368,95,275,297,66,379,-34,88,125,-149,224,139,-26,12,46,376,144,312,389,-139,44,115,186,125,343,94,-123,53,162,214,-114,241,92,-51,-107,-86,27,-4,-84,196,-105,-81,263,303,58,56,230,-68,135,306,267,87,195,215,206,-90,233,12,-138,-44,212,114,-43,317,117,84,64,305,127,188,14,-110,62,-36,310,-16,194,-118,364,201,349,347,128,299,151,367,126,-71,300,104,63,-44,-50,217,4
-122,206,252,-56,-9,-26,-88,221,53,169,-12,24,341,31,346,-22,371,110,-98,-60,99,77,285,-62,144,-109,392,322,319,-76,237,331,389,-149,387,20,323,271,382,135,-113,-26,164,-107,181,392,14,207,361,304,68,33,232,148,252,290,228,158,319,-100,125,283,229,-36,-15,216,-130,379,211,120,68,168,315,253,-30,-89,-54,285,263,-22,95,-141,266,198,268,14,28,-97,168,-105,279,226,27,368,-23,340,83,-139,399,337,256,328,63,-130,317,294,60,98,-44,366,314,137,-122,-33,-18,7,22,183,270,109,-15,65,313,73,344,-133,53,-17,196,-43,272,362,-136,354,353,23,-40,-34,-110,-145,125,-83,340,-24,-26,107,200,158,98,367,-108,252,-5,135,48,250,30,41,-20,258,263,13,183,0,-37,377,210,38,79,144,366,-77,-121,185,116,-136,277,-138,3
161,144,-84,274,-61,244,303,373,269,122,81,22,-68,-49,-46,-108,88,124,-54,-136,158,78,381,281,254,246,107,213,-17,-58,332,179,317,194,371,260,240,-65,-105,362,194,288,97,-98,254,-38,265,88,-137,147,262,137,-140,5,302,130,-99,28,62,-94,-140,172,-121,325,210,-128,190,366,105,21,376,363,61,231,-110,152,-25,190,326,387,381,141,379,54,-72,377,322,-48,-54,365,97,171,295,-88,28,41,-140,12,266,234,-118,-74,298,70,22,-65,149,285,-134,-101,353,281,11,199,-149,33,281,221,293,344,-114,382,123,350,32,57,-42,-135,63,169,323,-64,247,-88,-75,308,237,322,194,213,125,305,-127,143,178,257,174,281,-106,182,254,286,298,113,321,-117,-13,234,12,210,352,387,200,331,-72,300,148,80,260,255,163,56,137,-93,200,349,-95,-48,5
224,-99,78,133,-55,257,231,-146,155,297,310,93,305,106,-8,51,-150,342,361,206,126,68,220,-99,48,315,350,-83,98,187,299,-60,146,200,75,112,-25,-58,-30,74,364,-47,173,243,188,30,367,49,63,75,-42,-36,105,255,367,328,141,187,395,108,283,207,97,288,391,30,-44,72,9,-31,188,121,271,252,349,82,40,276,348,66,201,138,-102,28,385,126,259,-4,310,-87,214,329,266,393,350,293,236,-144,38,103,369,360,71,296,265,77,130,387,-143,46,-4,336,47,96,36,-18,8,246,-33,234,-19,223,253,198,-119,-54,188,236,34,33,-100,-149,-74,328,311,248,-112,395,100,-85,278,202,232,-124,-84,349,261,219,285,-90,-101,374,45,219,124,65,141,175,374,385,23,279,-116,13,243,117,174,253,-114,345,379,-40,337,74,146,46,178,-54,3
297,7,343,-134,396,185,273,252,280,342,293,-140,388,119,-25,-29,201,217,241,-76,299,-146,7,85,338,52,211,180,170,106,225,24,178,132,143,252,49,-118,357,-10,-108,267,125,-69,62,46,-106,379,152,362,177,-114,-131,200,35,-110,149,226,84,268,-70,-124,-130,145,21,229,-2,369,14,267,222,-43,165,294,279,334,68,347,98,123,217,46,355,-61,163,-55,139,-32,-102,373,103,-1,318,161,299,51,223,238,311,254,-145,-112,1,-110,-32,172,82,-113,133,100,1,217,-80,64,64,101,-101,204,-134,224,80,-52,264,-70,72,179,181,-33,379,-36,54,290,224,167,237,151,-72,331,42,111,-24,32,311,9,300,-41,-71,272,74,366,76,256,323,23,240,-46,-89,-144,376,-26,381,217,159,283,282,108,297,96,285,-114,-91,281,263,65,-13,176,-149,345,4
317,75,88,23,222,18,-147,241,371,361,-38,-49,366,-77,-38,-71,292,291,256,166,133,-5,343,202,-78,312,109,-50,151,367,188,256,-31,234,358,42,269,-126,377,366,-1,306,311,106,-5,-140,11,103,67,-9,242,90,-68,203,271,-23,-123,90,193,-59,-45,-29,-75,188,111,105,208,136,-114,326,216,-126,-5,135,238,46,266,-145,153,237,381,73,334,99,322,-86,254,148,349,216,337,0,331,-128,-88,376,-34,312,93,300,354,186,139,276,82,320,258,78,139,223,49,-18,171,185,28,283,287,329,317,346,268,391,24,147,127,-120,-100,8,-51,-9,-34,317,-112,197,15,-44,353,172,351,4,-29,-128,-116,79,340,-10,231,131,55,12,274,-17,337,344,312,-71,-58,-87,395,359,134,268,42,302,300,208,247,23,-124,262,106,387,254,150,262,-133,-23,-37,2
-5,40,380,0,316,3,74,353,-94,242,-50,52,-92,58,-135,182,344,169,57,232,130,198,168,-110,158,1,306,305,-57,240,78,346,320,-68,41,305,-105,311,-50,84,162,211,94,97,112,12,46,391,332,57,-15,230,72,-131,306,135,295,182,-125,294,182,-36,-135,187,-7,386,-137,58,-130,-60,373,-129,259,5,8,-64,186,256,369,-141,-121,107,127,-18,306,46,125,326,47,173,333,34,382,-134,-72,-124,188,325,-40,220,218,328,-138,-47,81,21,389,318,141,54,397,-22,20,346,212,44,393,229,163,285,47,194,133,80,313,-36,-75,295,142,-74,199,220,172,29,268,217,245,390,135,186,158,68,240,-105,-140,-135,31,397,-100,-1,337,270,108,140,211,274,143,11,372,56,119,186,382,261,-49,395,-86,64,210,161,-81,-141,65,40,68,258,51,230,5
66,-45,-95,3,-83,306,341,-140,286,263,80,-14,372,250,-101,329,-98,57,-41,299,20,-109,228,358,65,387,396,-74,-103,-128,-86,369,342,350,222,-10,26,-46,-20,389,-124,190,372,65,-139,-144,133,259,307,-45,-1,115,40,91,44,-63,216,334,210,-35,281,340,312,205,329,370,273,233,63,-29,110,-144,308,-123,271,341,207,330,150,238,-86,12,-40,95,273,273,373,96,263,-78,208,255,198,225,257,258,-24,283,-28,27,-35,342,9,369,-55,-123,-27,-17,326,-137,22,164,-69,202,-110,-54,86,192,311,43,182,133,264,118,364,390,220,-87,-57,181,-25,57,201,351,-30,-95,-37,368,145,106,19,13,-22,40,264,106,111,41,86,-73,201,253,-104,198,310,2,156,117,137,155,-83,134,392,329,-127,-140,135,-21,229,279,89,-5,141,161,157,381,78,362,3
-131,109,46,239,195,-23,-37,56,-46,20,110,171,13,87,384,152,14,268,89,377,46,116,-100,217,215,308,87,185,194,172,-86,-139,201,181,399,16,293,39,-59,376,-55,75,349,48,16,-36,-45,-147,94,-11,-74,-101,324,197,334,57,32,371,-59,-40,244,-121,324,26,362,137,144,-21,-16,262,33,-148,-10,-84,-79,-36,275,129,207,124,-51,-69,105,-144,-76,399,324,72,-21,398,-120,88,111,328,30,223,210,349,79,121,-138,271,248,-133,249,18,-101,-45,-43,46,68,-23,-110,219,388,170,232,-9,128,340,-129,388,283,-126,31,190,-48,344,173,-59,364,-26,379,114,184,-47,289,207,179,238,191,110,245,259,234,-13,104,271,1,-35,-104,107,222,229,7,2,218,39,106,325,40,36,159,288,147,83,-86,-37,48,-100,67,223,-135,286,39,-114,294,22,2
181,-63,103,235,328,134,55,224,-38,73,125,264,238,201,-101,-110,360,371,26,259,-43,-115,256,199,16,164,128,189,-91,-49,10,394,143,1,306,200,315,352,-93,202,-7,266,144,344,271,0,-125,129,19,-25,388,-21,-15,230,-10,-60,-104,152,46,262,184,223,151,111,-146,253,-121,0,209,-138,-41,-113,208,301,252,274,-29,-59,-124,232,-132,185,268,238,-58,111,-110,277,-103,270,33,105,394,68,268,-49,217,151,-115,277,-16,134,165,217,140,88,-122,54,349,81,185,239,397,-99,220,386,17,200,364,173,-12,281,-149,184,396,-43,-95,-111,354,-139,84,146,273,395,124,22,-122,380,33,388,273,298,-73,369,-124,170,136,76,165,62,-78,-122,49,344,193,-25,367,-47,-56,8,-15,84,131,248,310,33,-29,167,-10,31,193,108,-139,277,372,292,-78,14,1
-13,178,-118,-3,180,198,118,-27,-97,275,-68,222,359,75,141,-142,360,-87,344,-103,16,191,219,74,293,224,112,-5,-23,117,213,331,59,71,151,108,-98,-89,334,252,292,167,270,248,-61,345,194,283,377,215,249,44,83,-87,327,254,-20,286,88,-11,399,183,-60,-5,189,47,323,304,207,122,350,-81,-142,-148,118,201,-145,234,83,-55,348,-26,359,218,-144,126,58,42,9,337,307,96,-145,-118,129,-45,370,-84,-147,-97,190,-17,299,-106,74,20,299,216,160,53,346,121,328,100,-80,195,104,-22,363,200,-67,206,-28,156,10,364,316,227,-47,329,-18,78,367,37,269,223,309,367,-50,69,-13,111,129,-69,173,278,223,355,320,132,-4,10,118,112,9,161,78,151,-51,267,77,40,-81,361,159,150,-121,-72,96,166,70,292,-21,7,23,-83,-4,317,5
-146,61,296,218,-92,165,-28,228,-48,355,161,253,-81,104,150,352,53,12,225,4,313,152,94,137,-122,48,-98,-58,289,66,148,-39,297,-60,165,135,-108,65,112,-64,-33,-132,-99,355,354,-17,60,165,324,349,198,-33,15,-10,357,-123,-146,23,4,259,-89,45,-61,245,310,318,29,-112,-4,314,-74,305,278,-21,172,278,378,399,-94,10,312,-79,199,169,128,-139,208,369,306,-118,281,202,150,-76,92,220,148,130,376,371,253,121,230,-53,62,-105,353,81,-22,161,-105,295,311,294,-8,104,-40,74,42,-34,267,237,235,272,104,147,259,215,315,383,220,293,195,254,-15,222,171,75,-38,-133,164,-29,265,-140,30,262,347,237,69,-14,162,15,268,280,-117,168,114,124,259,23,161,115,263,333,32,291,305,339,-104,142,-72,34,321,178,363,248,145,-148,1
163,176,199,68,148,4,174,-148,-91,47,212,10,367,297,338,304,172,255,305,54,170,30,-23,-51,176,91,-106,-119,389,202,283,17,280,-38,324,135,395,-150,267,36,298,124,-128,-85,236,-65,-64,177,-12,84,77,-69,38,-133,-144,134,46,249,-77,262,262,-135,109,-86,-79,355,-20,-85,206,308,123,-45,-112,337,-30,58,-39,250,-150,140,-75,250,380,-58,348,254,359,-36,156,-35,-43,67,-114,-115,174,248,182,210,128,-104,63,395,8,-116,337,359,86,208,-104,-50,277,251,143,397,165,86,278,179,308,-138,34,-69,216,162,14,372,367,-48,345,191,8,-5,35,50,-121,12,378,74,173,328,355,93,40,92,366,41,140,-125,380,-114,-85,233,-120,251,52,121,363,95,329,225,355,25,345,113,-115,-44,-126,273,230,328,4,338,271,314,-42,271,297,-6,5
184,385,297,-34,-88,337,-1,30,179,117,305,-47,230,16,-135,345,-117,219,-77,385,91,306,89,249,-21,-88,-104,104,380,-140,326,226,72,-77,-17,155,99,390,126,18,46,184,289,11,-95,32,265,63,-122,-148,174,25,161,3,242,213,207,-95,133,38,-135,36,25,122,344,396,292,65,142,-38,-121,187,68,249,-104,-110,102,202,50,297,65,71,20,74,-32,-41,321,125,-37,40,362,-128,394,58,299,287,95,14,97,240,94,-5,275,180,42,-26,335,46,63,310,378,347,240,117,143,64,288,-136,-121,-78,-2,85,165,24,387,-28,-91,0,336,195,-82,32,229,-90,266,322,216,186,105,209,-132,290,-63,252,-26,29,196,317,232,174,51,-35,-68,295,-36,-66,44,-92,82,-4,207,-63,-86,384,144,-91,-81,395,386,-13,259,123,37,178,-106,-115,257,237,1
200,381,3,293,46,-83,-81,-33,232,240,174,109,50,398,-33,363,80,-134,345,156,219,321,310,-123,214,311,64,250,388,116,342,21,226,165,320,-129,55,-74,63,304,226,399,330,232,0,232,213,184,136,172,275,256,197,-7,270,238,84,126,251,138,259,322,337,-116,-88,-37,222,-26,-3,168,-33,360,92,393,-54,153,103,225,36,125,-32,13,53,195,-117,367,255,204,-68,0,-37,21,-140,166,-88,80,-141,348,362,5,21,86,-34,89,235,19,270,-128,145,62,8,70,83,323,330,229,-53,42,168,287,-65,-107,113,98,-128,61,377,96,358,87,-113,219,281,118,-28,-124,-148,166,-79,-6,259,134,-79,28,-108,49,258,83,211,351,-27,160,22,324,63,94,-97,-49,346,385,6,-143,308,121,266,169,104,6,154,-42,-63,-146,286,88,-16,361,260,50,3
231,35,151,152,326,164,278,215,-89,-26,219,117,363,-109,31,-140,89,218,255,62,-42,26,-114,108,10,-76,48,-114,397,136,273,287,222,74,279,19,219,-58,325,-136,135,-128,352,-28,121,7,138,290,101,318,387,375,-135,142,100,10,107,394,-88,189,138,-73,285,91,305,52,221,80,336,26,152,48,61,166,218,366,8,289,245,43,387,-83,391,331,125,268,184,119,160,296,291,4,363,318,-73,318,128,167,-39,177,-92,74,231,184,154,-20,51,123,82,293,72,199,78,-139,378,68,154,388,95,32,338,246,364,65,73,-50,204,379,31,335,169,-114,-40,55,361,210,193,202,390,222,303,-5,222,-109,157,269,72,57,-24,-149,209,-134,31,233,76,-42,-1,277,213,3,-141,-149,390,320,230,-62,359,84,63,188,64,358,272,304,295,102,8,-16,3
-24,134,-100,89,-72,28,-137,-57,-128,-71,193,254,-44,309,214,273,-57,-49,383,235,64,319,39,391,4,308,-114,175,377,-27,-131,78,228,179,258,164,67,313,243,-6,-122,87,135,38,53,11,183,1,100,386,194,-46,130,7,81,272,54,377,25,1,-21,326,-112,208,58,292,373,-74,-8,350,-91,169,13,64,118,-111,297,-112,22,11,84,231,-134,-38,-116,53,12,206,111,285,-77,256,-35,20,286,300,43,267,315,346,297,37,58,-78,-55,372,-147,-100,143,130,-18,187,-128,335,375,-64,-103,298,367,-124,174,324,355,341,2,348,-72,-105,281,271,122,-118,379,-115,-62,-120,-130,206,139,34,160,384,218,180,253,206,-52,100,145,257,208,-142,148,192,53,-1,-141,59,237,-121,318,-1,-59,213,146,338,334,285,-137,208,-110,-64,257,-76,-132,-11,-20,35,2
216,23,28,376,255,114,197,-112,80,336,173,-94,301,112,363,-97,270,261,-92,279,296,268,-57,62,61,-18,15,81,-126,248,-103,-99,-91,322,302,386,32,88,-87,170,365,387,375,267,260,-130,396,303,332,3,-146,161,171,369,-87,281,218,-136,331,173,168,-60,152,118,329,-52,217,151,-141,288,384,128,-83,-18,365,263,-46,74,89,-33,379,265,266,-39,-137,349,78,252,-44,88,-148,176,287,-113,225,-145,157,-29,21,269,169,96,42,281,14,100,197,-102,160,-112,13,43,299,-83,123,-28,352,16,308,364,-123,-7,332,-28,-35,-129,185,182,-102,358,133,85,249,-87,37,43,-125,19,236,126,46,-127,104,-143,322,215,-139,-79,-88,12,399,126,251,355,381,328,59,313,94,278,97,-103,-137,240,-38,-87,134,-64,344,98,75,32,-70,235,-58,315,336,-45,5
-115,-2,235,232,51,295,117,108,103,114,279,-120,14,132,-81,84,-57,148,111,-10,79,112,-52,152,112,62,252,132,-90,289,206,-43,-11,92,190,191,73,22,32,304,-53,43,233,207,273,239,-6,359,270,-66,-123,24,86,-41,335,237,38,123,357,94,362,-116,110,111,-91,-51,85,104,-111,86,85,-77,-122,293,-128,365,93,395,-124,-68,8,326,20,44,80,-20,349,310,-124,94,-21,169,81,21,88,181,256,371,140,31,229,-69,186,-91,220,132,270,-90,253,27,270,-18,179,-141,114,138,257,-81,356,-94,387,21,169,344,281,44,-103,23,201,247,109,360,223,89,-148,147,98,313,-4,5,143,-34,353,-41,305,-32,-97,389,233,299,89,105,5,-126,103,-52,229,76,266,341,19,388,79,-143,39,221,-147,-97,25,302,-5,98,-122,-2,336,43,-71,-62,3
0,358,166,29,254,34,141,337,43,-108,292,51,-78,70,237,382,-147,237,10,345,-63,39,-62,-16,343,110,-138,235,99,352,-60,112,243,271,35,336,62,220,297,-111,1,344,163,356,27,-13,-67,-132,-121,162,121,-129,159,-67,338,252,366,331,125,248,399,-22,-146,331,287,166,-26,-75,132,345,196,-21,201,-6,334,94,93,-32,289,362,20,149,39,141,382,-64,251,34,349,39,-22,290,-41,-19,334,48,-76,53,-98,-112,140,331,187,243,-100,41,164,-38,-36,-134,55,106,-63,223,162,372,54,-65,-110,391,130,105,169,66,-48,258,299,105,-65,96,33,8,352,83,225,-91,270,18,23,-79,-12,23,-86,-119,213,292,-20,99,-14,-15,360,-77,229,369,128,251,196,380,230,-90,37,235,352,27,176,26,-37,57,304,379,-7,-48,-87,127,-73,-116,276,180,3
-20,306,-44,288,124,128,109,-147,36,67,135,207,10,57,266,381,-103,388,319,4,-85,79,64,-139,78,91,359,62,-39,52,190,-114,-61,294,176,-49,324,378,27,268,367,364,-116,88,299,-100,-78,16,24,141,-129,21,38,94,348,-14,153,123,-61,231,6,16,256,-127,149,-56,318,307,365,379,293,169,253,141,153,94,93,274,-63,-89,262,-141,294,-95,114,117,235,323,-134,-116,312,49,139,-140,-141,-69,187,324,28,202,-62,36,363,-18,353,341,174,291,-44,18,173,358,-5,-56,258,245,-84,67,61,270,9,332,190,29,103,33,235,92,377,-13,197,-25,194,56,251,107,-23,145,72,377,19,210,398,-17,311,255,219,23,145,159,-105,269,146,20,166,122,364,-73,52,-121,-130,-7,242,211,172,120,380,375,-8,116,-88,44,-19,-126,-77,59,74,268,5
258,-20,27,374,140,322,-5,-121,-111,-121,35,193,202,-79,-139,241,-73,123,85,-47,243,-114,134,-47,149,379,84,214,381,274,352,203,12,34,225,123,-54,354,-8,278,224,380,-106,-48,101,6,331,-135,-1,177,160,331,357,-78,-52,244,60,286,394,48,205,-129,308,293,318,177,310,78,394,43,242,310,131,216,29,242,102,98,-16,162,34,-32,178,152,-67,287,312,161,392,173,39,270,106,146,277,4,49,187,128,104,326,313,283,354,51,314,383,-111,-21,263,21,80,86,-141,-67,296,228,-106,351,-111,249,209,89,246,329,6,74,17,365,368,398,36,6,288,44,329,-121,253,-84,149,-72,18,-13,-136,331,-100,-30,-85,-125,135,-96,-127,63,-89,-99,183,-99,148,171,176,-136,180,155,-110,-91,138,317,227,41,243,201,164,-11,66,-142,294,-70,321,3
278,-84,219,210,-71,379,27,239,235,-50,-10,393,348,271,238,-13,30,267,391,7,362,-145,44,-93,56,105,359,-4,68,20,366,-23,-105,205,-50,294,107,-50,12,-147,233,293,225,365,-134,109,191,87,340,10,337,45,-23,289,130,-67,207,12,178,272,-128,244,-72,-34,186,117,92,268,139,-22,98,9,257,304,358,181,90,318,262,-38,5,152,274,-134,365,353,-110,1,-97,196,114,-149,63,253,79,118,-38,-3,-17,49,359,13,-20,196,71,-28,313,-111,271,-106,39,59,-127,231,343,186,349,334,387,-107,362,74,263,395,196,-44,48,208,107,-87,236,232,299,7,-50,326,79,100,78,337,331,342,-38,399,135,235,-131,313,55,370,247,355,115,48,162,-145,118,229,-31,387,393,300,244,291,6,-21,84,301,-102,218,254,378,-42,-55,348,-35,200,234,3
197,352,362,52,-115,181,109,-32,154,37,49,49,-111,307,17,94,19,99,332,269,-74,-116,350,142,341,-11,283,224,353,315,115,-48,364,150,201,394,327,367,328,3,-103,-82,23,281,-44,377,29,120,62,206,382,5,-61,-88,268,281,340,-112,-3,328,15,-128,111,-53,330,368,119,-135,123,70,130,394,-29,217,388,58,3,124,74,-93,89,349,112,80,248,-85,299,58,331,280,-105,-80,-19,230,142,139,185,-104,-121,-105,394,-101,309,-63,-111,393,338,-54,373,120,36,-124,-50,291,248,124,-137,176,274,-40,172,299,383,66,362,256,-76,302,-118,37,-123,279,-44,-117,262,-24,-1,388,-28,-62,180,-79,305,142,-25,101,321,118,80,164,376,385,321,19,-36,221,1,132,334,214,364,153,26,134,-134,368,20,140,54,-17,314,394,211,0,-118,-62,332,391,3
-25,-80,-89,176,2,24,156,203,221,51,207,39,353,82,111,-84,68,-76,92,37,23,281,-89,-7,229,84,298,295,239,10,48,177,-28,391,368,166,342,-9,38,169,-61,277,11,361,104,327,290,14,194,-83,100,-150,285,171,166,212,384,174,-2,114,48,-69,-72,25,185,342,-114,-36,-146,298,-144,147,165,237,86,182,-35,136,336,147,-12,-2,-136,257,293,187,305,-46,88,39,107,-69,42,168,214,247,-107,293,254,317,139,331,215,287,16,109,5,22,166,165,249,-39,156,238,43,345,108,276,259,-70,355,147,-121,70,220,99,-127,178,189,277,124,110,350,216,-15,87,-147,207,-78,-110,345,274,392,-56,-91,284,304,-126,287,211,184,26,-99,-120,33,-34,-78,-4,-27,292,27,-141,12,178,203,-60,196,265,86,388,-125,21,332,161,71,339,270,69,4
81,107,178,288,40,169,-86,95,-14,16,12,246,286,-150,27,330,93,87,-34,197,-144,23,-35,104,321,385,44,53,18,6,339,355,-147,-41,47,242,281,-51,-99,262,-148,8,193,-88,1,25,-51,386,33,208,96,382,-20,-141,27,358,-25,374,-107,234,99,-96,121,140,-100,196,277,234,199,140,360,200,373,396,75,201,278,319,372,133,-131,221,163,270,262,-75,198,269,396,123,290,-65,395,306,179,-68,370,389,71,59,285,387,-4,68,-83,154,-125,172,-51,342,103,319,-122,-24,40,-30,85,-114,118,74,-104,348,305,330,202,281,337,343,-33,22,86,-127,-65,108,-84,-137,-55,306,66,39,310,200,-2,273,-100,-66,50,-141,341,117,61,347,297,233,104,272,202,41,48,106,-137,254,287,232,218,93,5,268,-144,389,-61,40,367,225,116,-113,299,296,2
-119,72,12,-144,62,-71,186,202,208,320,172,25,12,108,367,269,-65,-19,371,344,-102,-138,215,224,207,25,67,143,283,23,51,250,285,118,185,336,-42,376,365,85,51,23,393,-2,134,351,357,-134,251,87,294,-79,-125,-62,333,84,-112,-107,209,-87,322,133,356,180,153,390,306,136,-80,-14,-88,379,-3,35,389,-107,211,-38,10,-142,167,174,-33,235,55,-122,57,153,222,291,253,357,92,83,276,221,238,317,-53,260,146,229,323,-130,-46,-51,326,-68,382,320,373,117,16,123,98,231,187,-94,154,-8,368,70,-93,158,54,294,73,-39,386,96,-71,373,397,1,269,-19,332,283,-95,-33,219,113,369,258,-116,116,71,262,104,316,367,82,-136,178,390,41,-54,79,64,-10,317,-80,389,-26,190,106,193,48,12,141,375,33,-89,358,-9,39,383,342,3
-122,305,199,376,-40,96,-80,-38,315,245,-104,92,305,32,174,191,252,27,90,-70,144,8,255,-93,386,124,-97,48,-149,184,-129,343,15,-34,192,138,187,-30,-16,164,353,116,-11,334,234,-30,106,96,298,169,12,18,396,153,305,205,200,-40,140,122,135,-142,-106,-86,-11,186,127,-141,195,247,66,344,252,84,156,-123,132,357,-1,2,297,112,98,264,166,23,94,191,-142,328,-129,126,-66,-98,-90,273,-69,348,21,-93,61,31,258,335,-144,279,185,396,-56,-150,253,291,257,225,390,307,-73,220,-26,33,381,171,-118,280,351,47,161,172,-108,239,378,77,72,246,353,25,70,271,143,154,-52,80,374,-20,61,-123,151,295,365,246,-99,151,322,211,26,380,359,29,272,39,-3,383,-64,161,124,-38,171,143,389,372,-58,382,-149,-111,-49,168,338,-135,2
113,-104,109,277,378,187,94,366,-79,-25,30,366,-116,-128,217,-34,-123,85,306,256,343,50,81,-109,-46,-1,360,178,-56,-101,288,397,333,24,-101,370,295,366,-144,-114,95,348,364,189,184,52,247,-147,268,173,397,-73,354,-131,103,34,-96,189,-137,-100,197,-93,226,-32,313,260,289,363,-127,-77,154,100,-143,174,-84,74,263,342,-66,79,374,224,359,299,312,120,123,-82,195,-73,-18,273,254,212,45,132,21,209,-108,140,244,79,159,155,351,38,238,-36,206,3,202,0,48,121,306,389,256,-142,-93,214,181,50,330,182,130,-10,36,330,-68,191,29,28,363,-11,5,69,72,8,348,213,292,-116,202,-150,-142,24,-38,338,-105,100,184,286,293,-40,180,127,396,-45,274,164,-115,62,177,-104,81,383,263,256,312,-27,249,13,133,19,-56,153,-55,272,5
156,-18,211,355,-87,269,219,116,74,365,-96,-118,-22,314,267,390,218,257,337,92,52,276,-62,60,138,44,72,9,-37,91,-127,156,43,373,257,66,150,34,-106,123,253,-54,191,-75,40,11,221,351,179,2,39,234,136,-34,53,-36,-78,156,215,96,-40,293,-36,-112,89,297,61,114,28,188,205,126,84,372,133,309,110,219,296,376,265,146,-73,359,186,21,201,-107,43,307,365,-87,110,14,-48,3,220,112,172,-20,34,-96,245,331,-115,241,231,-63,321,268,-12,225,258,-150,-26,390,137,8,67,321,56,211,8,104,342,-23,209,308,-114,263,70,306,20,-12,-72,38,-41,143,25,259,-23,214,-127,63,201,-11,-46,286,2,324,115,223,-78,310,-27,223,110,-138,-131,-123,285,56,272,228,41,378,386,-77,311,-132,-119,115,88,350,-58,63,183,107,2
117,-65,181,30,89,252,234,378,84,304,167,266,157,111,206,-44,327,-129,307,-105,317,-99,315,-52,30,-115,284,379,373,162,279,66,233,-110,352,-131,-27,-29,-3,-89,-87,66,-127,266,267,223,136,372,-77,82,223,142,388,-150,296,-140,185,273,327,389,134,-7,168,305,-147,-51,231,-69,205,131,300,69,-106,165,380,-46,-28,338,47,97,118,-41,34,-148,177,64,138,224,-53,130,-34,5,186,207,-39,-121,-51,251,235,176,-39,-92,123,112,38,231,208,32,79,-138,-50,301,328,-8,-123,290,41,52,70,-28,-18,84,19,-131,125,-115,-39,49,391,-16,-29,114,139,218,373,353,-93,354,292,50,263,296,295,379,254,58,250,31,1,-136,190,101,375,215,-59,66,-59,136,-51,-93,295,31,358,244,3,135,142,-77,201,-82,3,268,174,310,-12,-30,109,-6,3
352,367,-35,-44,-109,388,66,-68,170,119,-43,-136,10,298,-68,229,-36,91,-92,-52,291,237,-76,90,364,224,-85,12,96,134,166,39,-144,380,175,-62,128,-79,333,356,66,396,303,-41,16,347,276,233,275,116,209,-88,224,327,136,303,129,361,318,-17,-117,-85,21,382,-145,368,368,89,-104,4,101,399,-63,119,205,-35,-101,308,-119,58,43,-64,110,324,39,107,354,353,81,283,255,344,87,214,268,207,-127,13,59,80,312,161,322,-1,151,-128,360,189,244,177,207,244,130,-120,105,307,176,333,22,35,125,39,294,217,208,-26,-142,-46,-57,382,-129,213,195,398,104,281,-21,155,230,229,367,331,-74,59,161,-46,65,78,365,237,183,-64,343,309,89,163,-40,45,298,103,-77,139,92,86,-15,367,312,282,-12,7,379,370,-17,-71,314,199,-6,144,2
-23,316,341,220,15,95,247,-50,8,46,-147,65,-145,297,7,114,257,-138,344,206,124,152,101,-57,-120,150,345,-47,159,178,-53,319,260,-99,-124,-35,214,276,153,291,388,9,191,349,132,145,-57,12,310,234,83,4,127,354,0,30,140,368,257,57,-23,-128,-144,337,161,253,392,324,334,306,194,-109,74,374,-104,290,255,-22,28,318,-37,343,11,-122,309,138,215,321,-49,-32,267,314,-47,-101,324,33,-11,-38,81,-14,14,254,-32,362,350,181,129,193,26,395,-48,-27,332,-101,115,-60,112,247,248,156,213,36,178,280,-118,394,-113,382,116,326,37,231,305,-95,343,212,148,153,-52,-17,-4,77,81,249,244,-64,268,-91,356,16,340,-19,25,304,187,350,-89,-24,-128,37,-46,147,15,-93,296,292,360,382,186,118,-95,69,-134,158,-63,331,-114,-38,3
47,33,256,265,-37,192,232,355,-67,340,99,267,186,312,-29,106,214,15,-109,85,369,64,-92,244,192,93,397,133,-70,362,198,285,118,128,139,320,288,389,124,-10,156,118,346,-99,354,96,-115,-44,-10,-59,40,32,55,-110,276,187,370,386,135,233,386,105,-57,310,-120,141,380,84,134,364,189,386,82,174,-96,289,91,146,-21,367,77,36,42,136,214,-50,-105,124,106,-133,265,76,73,164,-86,22,287,-72,73,129,-128,194,126,-1,-42,135,136,138,-75,260,99,-73,163,-42,177,81,326,387,277,-102,29,176,-38,99,379,-28,31,346,-15,370,279,394,163,-72,71,199,81,-68,153,334,179,205,294,-63,120,390,4,-137,358,398,333,65,-102,291,-136,366,152,139,-15,87,-64,77,279,123,371,333,340,257,-114,49,317,-108,59,130,335,151,16,183,3
103,86,271,184,-38,238,252,158,-130,150,380,321,-137,71,117,327,-148,-32,-47,201,315,222,360,342,-124,7,30,150,49,294,116,-73,51,77,272,-127,394,255,253,-140,-36,-86,211,55,282,-85,279,-72,284,254,15,349,269,266,384,-79,61,15,280,173,63,386,217,34,29,-68,291,0,-33,-79,182,328,246,25,-136,-6,335,110,237,390,-6,190,-64,153,52,106,82,223,-53,-67,15,7,348,-54,159,121,132,248,-105,234,351,248,162,175,365,-141,162,160,169,269,-60,-138,-76,222,178,-141,299,204,283,180,366,260,-144,91,-50,349,79,137,123,-82,173,-64,-74,-78,-83,67,95,-56,323,-149,343,398,-85,-59,33,48,221,-65,161,225,269,203,109,-52,8,266,238,276,84,244,-119,216,234,-108,58,132,-75,-138,200,396,386,-39,160,-115,4,245,51,387,3
22,369,271,88,54,248,358,-77,334,2,184,-114,356,330,329,297,393,249,214,149,64,195,-29,176,91,126,-31,-112,194,223,328,43,-43,234,-40,155,192,152,-134,369,32,112,-86,130,348,385,-54,308,198,152,22,262,-120,332,-16,8,91,37,33,166,38,204,297,115,259,-82,178,-54,103,363,147,45,392,318,367,-86,353,242,299,185,92,111,258,296,36,95,191,-109,232,-128,267,210,66,-64,139,306,206,295,117,-23,-71,-67,389,263,308,250,352,200,372,-120,206,10,346,118,93,261,38,-141,14,376,211,42,246,-95,337,135,93,-87,125,95,-52,359,132,-11,-42,92,-110,73,-100,202,-71,390,196,-100,164,8,-42,303,135,-61,145,368,305,-12,364,74,-131,246,294,282,-106,129,71,40,370,161,182,182,48,233,360,-23,-38,-109,362,-87,69,376,3
255,253,355,-62,17,279,65,160,238,339,15,-15,-10,-55,12,-126,294,-120,150,61,339,206,-144,350,51,66,303,150,-6,192,262,304,-35,253,326,112,232,11,366,54,239,329,138,60,38,-5,-9,8,-70,-16,190,-80,191,127,-64,-59,40,81,295,105,22,313,318,374,344,-9,142,322,196,119,299,105,-96,356,22,4,29,221,-93,-10,-103,278,325,65,-26,160,360,-14,-35,-21,291,127,359,62,334,129,55,35,254,182,-88,40,213,220,273,-76,78,197,44,312,1,284,-31,103,54,211,103,135,87,228,375,16,65,260,147,-12,-28,155,176,-118,303,370,39,167,195,260,160,21,176,285,162,242,203,113,371,219,105,-106,151,-69,75,-23,220,172,39,-142,12,-99,-33,-50,261,316,-114,-47,399,-136,-7,99,237,131,144,290,233,-104,323,14,-113,-89,3
-33,330,-143,-45,141,381,32,197,137,53,-108,184,246,-149,61,-8,-58,-29,243,289,105,99,79,318,341,314,223,-43,-89,-94,-19,-73,267,11,396,376,-131,325,-113,65,-141,-51,287,242,-50,212,129,-147,0,-109,225,-132,261,385,85,354,-144,-27,362,244,-121,-74,379,35,310,352,151,-39,-132,-139,67,187,155,253,367,240,201,160,330,-27,376,257,134,48,311,317,-58,398,-56,252,-80,367,204,130,-53,-68,109,65,84,171,247,395,96,69,330,93,290,114,-122,275,272,305,165,-45,-2,152,-73,136,-60,244,171,293,-120,27,165,-83,391,-84,35,-74,30,375,-13,311,23,142,236,252,56,103,179,201,273,-16,219,-25,248,341,-77,-64,366,90,99,-129,-123,287,-132,-38,375,25,56,151,360,127,-13,215,354,-107,129,292,295,-79,305,-38,282,80,83,-79,3
-65,22,-125,264,-69,221,290,332,95,167,-121,-90,109,48,-55,168,169,-6,353,17,-81,-24,356,-101,120,-79,267,92,320,257,-43,369,290,219,54,130,-133,-78,47,375,239,315,-48,67,-115,52,-136,194,121,-75,-137,-93,80,333,151,377,-22,54,-89,253,-96,156,-82,50,-54,267,260,217,143,134,125,238,130,131,43,-23,-108,-137,-77,-132,-100,241,153,140,47,367,204,85,116,100,387,-62,-68,387,336,309,129,36,250,340,-12,125,392,16,296,-145,204,-98,-35,149,-86,57,-42,5,-41,-121,268,239,207,391,230,-23,138,-75,148,320,336,343,-36,220,298,13,62,142,-30,245,271,-71,230,131,289,175,146,-100,317,300,350,373,-54,291,192,86,75,-25,109,388,387,202,-111,300,51,390,190,96,-34,231,91,186,96,260,-55,-45,70,24,326,387,228,245,1
377,-95,336,132,306,-85,-80,367,86,5,-13,22,27,265,-7,299,171,226,-5,23,7,250,-18,-146,-76,209,311,399,298,194,374,-83,88,-56,379,52,-148,56,174,371,-148,-139,309,199,58,-137,-48,180,390,112,-102,338,112,247,187,262,318,227,230,-90,214,136,280,136,251,89,-142,364,259,148,174,51,232,-104,78,207,189,-110,209,173,52,116,-86,330,300,362,74,304,-147,94,398,247,93,20,-125,61,14,-109,-113,391,276,-119,300,44,147,231,366,332,128,79,361,211,241,175,124,-45,277,352,239,108,345,266,231,259,133,20,377,-62,36,208,140,66,18,222,336,214,202,255,234,-105,127,137,-64,-139,188,304,260,-5,-59,390,59,5,260,18,138,149,115,257,-131,82,-96,90,67,276,-96,26,330,-27,116,227,55,-131,-79,-75,138,92,125,279,5
136,-31,97,188,167,170,116,132,334,80,42,376,194,106,380,33,37,-85,137,-100,-67,37,32,352,368,186,3,-33,200,203,59,82,-27,-18,64,-150,189,235,84,96,27,156,146,291,-74,324,161,227,77,329,245,190,-79,255,307,-89,354,297,-123,346,365,278,246,-53,342,313,109,-67,-43,207,199,289,140,330,59,-36,266,-50,226,202,-118,174,99,132,-16,291,375,218,196,271,-4,85,295,133,182,266,236,377,-24,135,-73,234,394,398,6,14,38,-143,168,356,371,115,-89,-65,50,336,-56,92,94,385,74,-38,49,178,145,282,130,-27,-57,-62,52,-63,9,-29,125,97,253,-70,-131,315,375,75,-119,19,-147,76,-27,69,84,339,43,155,-63,-20,-128,244,289,111,175,-116,246,386,172,363,-106,-89,365,-102,-75,395,-95,147,46,138,75,73,209,-107,5
290,-115,274,221,364,219,289,144,-84,170,364,232,-20,-114,253,244,47,-86,-30,188,221,179,9,345,270,-105,289,155,231,250,388,159,390,118,282,-126,193,-51,256,131,239,-77,272,-94,-60,43,243,345,49,-142,93,-105,62,146,267,7,313,106,83,7,255,-136,-128,58,-116,88,30,-120,259,49,30,295,-93,310,166,28,-26,200,40,-79,324,177,-65,17,178,-150,-55,61,-150,123,-56,221,339,-66,348,330,92,356,-135,4,338,30,13,240,139,227,365,-33,-125,-3,284,-52,-6,-82,135,-90,221,-127,94,75,-116,-33,38,308,141,-29,160,67,203,177,-15,-82,-42,270,290,130,365,398,-15,327,-142,92,213,301,354,-86,-137,-25,387,265,102,235,69,282,52,384,349,165,72,326,179,-92,8,105,229,379,213,72,304,380,171,151,69,15,6,196,104,38,3
300,25,-69,-63,172,230,-127,196,295,291,267,324,-106,6,-32,344,40,245,311,260,43,-114,-25,-106,34,-133,360,374,178,161,51,-131,239,259,38,-65,20,335,314,-22,50,387,347,226,111,-41,167,388,-69,24,212,11,280,-34,366,397,95,114,-42,12,180,-46,118,-90,391,393,44,304,276,281,393,209,183,174,112,303,399,275,236,14,378,371,398,-24,266,133,19,215,-93,347,284,215,377,73,-89,282,377,58,-124,3,305,274,210,-60,370,31,372,368,389,-89,-78,-52,156,54,115,227,387,300,127,397,305,323,30,104,198,206,-28,163,120,31,-94,-72,-93,282,355,266,-66,368,341,134,-102,199,284,331,160,229,331,-56,376,-117,63,-139,-1,89,-79,41,78,133,308,180,320,83,182,-108,260,-54,222,84,269,-54,143,101,217,-110,149,157,148,-150,3
-58,130,367,307,337,256,124,336,-48,252,-44,234,79,54,226,27,-53,186,26,-59,100,351,206,65,281,387,-16,-107,-99,-76,34,-99,88,-89,181,8,262,136,373,162,-124,327,215,257,187,257,-75,-76,108,206,364,134,265,-97,271,72,289,381,95,307,32,108,119,200,37,351,26,242,287,198,343,-88,29,383,160,-41,364,107,389,270,97,302,-142,137,314,-76,-49,360,140,397,-28,279,165,-30,81,-128,311,141,48,-14,219,-130,9,171,149,322,308,185,-135,151,330,208,-132,398,288,158,-104,-20,-63,191,-89,-22,-112,10,-102,154,243,201,-80,309,-112,-51,324,362,392,-54,237,361,-98,322,34,50,-73,97,283,-119,302,355,230,243,256,30,166,151,159,379,89,71,-49,230,207,183,157,-150,-6,-150,340,341,352,383,231,81,138,245,-21,164,359,351,3
-1,245,66,330,377,17,22,86,-141,-75,63,-30,22,79,-138,-87,379,386,372,331,-64,346,275,-95,174,390,327,165,350,-44,267,-30,-139,198,-4,-122,342,206,75,181,381,363,5,395,126,188,186,289,238,190,-67,40,150,188,320,-118,315,140,151,334,213,-68,212,-125,192,222,324,-70,189,339,-28,295,-29,-71,183,-77,299,146,-65,349,-28,278,391,16,280,-113,250,-49,340,314,291,255,238,37,-115,61,215,162,352,-61,156,-45,52,176,160,-120,-101,-64,-86,184,25,319,-127,174,-115,81,171,75,209,40,22,315,48,-22,191,-68,-14,351,12,-10,22,28,2,308,327,-46,49,164,255,136,215,66,399,154,-51,260,384,189,132,-20,-47,388,101,-126,38,52,357,-99,355,317,267,-31,341,106,307,42,-18,34,-1,276,107,306,240,126,176,-31,100,-36,2
245,341,-13,109,154,345,4,-145,370,393,271,-121,150,219,-1,378,-26,-97,9,5,244,272,220,16,173,39,374,361,134,88,295,48,48,-130,114,347,260,190,46,-18,120,228,393,-115,286,256,-5,245,231,-21,85,27,264,281,-82,-6,-108,304,-5,43,-88,133,242,-123,357,308,-75,51,50,222,171,178,216,28,-24,-7,42,318,91,-94,270,282,-104,273,247,145,153,85,265,263,-31,288,-73,181,-43,236,-144,243,371,77,19,-117,3,-21,-146,-125,349,184,258,-59,383,252,347,-109,333,8,204,349,99,180,63,212,323,269,89,299,-84,40,219,128,-101,170,21,298,-133,221,238,315,95,-55,138,65,60,-69,308,231,108,245,-118,119,316,318,274,278,392,-52,293,220,-19,115,71,206,348,-14,-2,-24,89,128,-90,227,250,209,288,126,287,-54,-8,73,1
164,-122,372,-122,220,194,190,321,30,364,374,271,225,256,306,346,-95,114,-28,227,188,76,325,5,-72,124,202,69,109,280,264,238,-27,138,153,9,231,-39,75,337,210,12,-104,187,122,-96,116,394,169,-93,123,183,-28,-3,162,59,123,-6,223,205,313,16,193,-2,134,203,110,21,39,-38,344,295,282,16,155,378,227,32,55,289,42,107,-139,34,64,308,189,213,170,89,-136,15,203,306,170,114,19,360,299,-73,57,-120,43,9,-51,353,52,-143,331,393,152,-143,21,2,131,242,152,49,-6,-136,159,246,355,344,-107,108,30,161,-97,198,233,36,170,201,305,142,8,328,-126,81,369,327,268,219,341,-138,-78,1,281,394,106,177,103,-29,-118,109,399,2,94,-10,338,79,50,15,-116,79,139,275,-85,-117,81,181,-24,-26,217,-72,-141,397,1
17,-14,30,303,-65,63,158,16,166,-99,45,55,92,67,201,28,236,213,226,129,-77,349,339,-54,-116,350,135,-68,-110,347,62,97,-30,305,274,286,249,90,297,280,-32,387,336,339,263,-21,390,287,9,-43,92,100,15,126,132,349,-117,16,-82,-78,150,-143,373,225,32,117,-67,383,25,150,-125,-42,216,-44,288,46,-149,389,182,312,30,23,230,183,172,350,335,47,396,125,-95,-43,-148,-89,328,-122,271,189,360,319,61,-41,271,217,210,240,91,213,-50,279,258,311,104,208,70,185,318,-1,-65,-14,192,329,141,88,110,67,-147,385,212,373,-14,348,15,-55,24,65,230,354,217,87,188,88,-5,213,-85,323,34,93,-87,345,352,158,292,390,-79,72,75,218,390,394,126,274,218,-22,260,363,223,-77,263,-22,328,332,89,6,-10,148,-110,194,3
247,-110,300,287,54,357,259,35,-20,128,-147,-112,307,395,65,-31,130,120,-22,225,164,-9,-46,353,-98,93,243,20,-5,164,181,213,128,-65,308,26,245,66,158,173,206,390,-148,-62,216,270,-88,128,282,-65,-74,255,218,94,397,243,-31,-118,228,-120,316,283,-32,-73,172,11,-100,316,67,245,-61,-21,-139,230,-119,-100,229,207,116,357,297,312,-97,367,-143,143,378,188,230,236,274,202,73,303,167,158,198,188,200,119,218,-102,383,-148,245,270,189,291,165,-110,65,93,-49,323,29,29,167,-81,-142,303,-6,-71,22,38,50,-145,314,51,12,-104,-34,124,132,-12,175,36,-123,338,278,129,206,297,184,306,144,-29,315,20,350,275,-29,137,-77,227,207,-74,374,140,-21,-90,274,327,365,321,-137,-9,336,-110,132,190,-111,-116,323,-56,-140,99,239,230,4
-130,97,261,328,308,100,182,212,316,311,-93,-14,160,150,5,5,23,131,167,45,44,267,181,126,251,-115,317,-3,329,72,317,-24,108,369,105,256,362,-149,142,-57,-100,21,1,9,33,41,7,15,-32,258,-106,39,-16,4,79,-128,9,363,52,38,-40,231,115,322,-70,6,59,87,165,-134,33,344,317,2,120,-72,290,33,398,-86,138,-20,154,-2,-41,-46,-124,237,-36,76,-22,288,385,-41,383,0,62,369,-71,332,-63,-61,130,358,-49,67,105,7,43,229,84,-98,332,27,-95,273,26,137,222,278,62,313,176,233,21,18,190,44,-1,250,91,8,-100,-131,25,-79,179,-89,28,-24,-53,-24,254,358,-8,397,-142,164,86,187,-6,365,374,148,325,113,253,-28,59,48,166,330,28,291,308,-34,263,342,189,371,251,229,130,329,11,-107,95,328,1
325,45,20,177,-37,347,4,13,318,64,-82,-47,170,148,-77,299,126,294,-10,-43,351,-123,7,-69,-45,60,-130,195,23,66,386,338,162,11,243,138,43,-104,-121,336,60,318,164,341,136,126,122,284,257,78,82,121,-102,275,245,139,294,79,-66,350,90,79,95,-50,-106,-77,106,-48,-59,86,-67,381,-128,10,-143,168,-19,396,-58,161,143,278,291,-59,224,312,168,336,77,246,-149,260,-46,67,124,-130,163,259,307,149,-124,234,-78,-120,240,-142,48,325,230,331,286,-7,257,179,23,82,284,350,391,139,124,261,-145,-6,-50,13,362,-7,301,-104,-128,44,295,-66,193,316,148,220,21,81,335,387,9,-108,-39,307,307,90,244,-33,311,328,-14,90,-24,332,203,84,187,263,-20,-90,340,108,248,136,48,176,-59,77,-41,130,399,-66,189,47,-75,22,3
74,-132,86,275,-58,391,-12,189,134,331,82,82,-112,-91,75,329,255,222,192,256,124,-129,234,-125,365,117,-59,142,236,-21,334,-40,277,83,-114,-46,188,39,40,-95,-37,-125,-41,300,2,350,321,210,386,42,216,12,121,393,88,238,-141,177,194,245,-61,301,296,259,293,248,-146,-55,373,193,338,57,377,156,393,77,78,236,220,197,-127,-138,366,27,309,224,251,138,35,352,11,307,-120,-72,132,36,388,224,234,-75,256,-28,317,40,104,61,133,129,127,319,17,52,-55,233,-42,187,-93,47,184,346,167,15,230,193,253,389,79,355,50,-131,-44,318,-129,54,-104,-126,-1,166,-32,-3,57,-131,207,-114,-8,-14,21,245,88,2,51,-101,-12,188,128,-63,194,97,371,91,294,326,223,-102,181,394,128,30,142,70,333,-146,324,319,54,265,291,-111,1
206,-17,-60,46,98,188,155,273,362,-13,154,-137,-105,-37,-4,91,378,59,81,219,306,42,-81,143,-6,-26,225,-5,87,-16,268,21,144,372,-26,115,-23,203,-75,242,207,-143,-130,57,-54,111,-92,384,178,308,245,34,172,223,65,-121,104,132,326,229,391,32,0,142,69,284,198,341,213,342,142,360,392,2,306,2,210,135,253,128,-24,234,-8,-130,135,104,372,-37,67,88,394,331,-86,28,312,264,228,161,53,304,-106,394,-45,352,143,-95,300,157,141,225,325,382,227,353,149,66,-43,210,203,-8,273,24,53,349,157,25,-50,67,201,23,-5,33,266,-6,-75,235,3,16,296,250,-35,-51,-117,380,265,347,227,-69,338,171,17,1,-149,192,53,-143,355,122,138,160,52,178,-53,213,340,-72,169,-63,206,218,17,35,-128,200,199,368,292,-42,1
219,335,-39,135,243,-53,374,16,297,130,18,75,167,-111,337,267,184,364,285,100,-53,174,319,365,351,130,101,283,104,256,258,175,-53,-2,-43,199,-28,161,108,254,60,26,231,136,151,150,308,290,161,15,111,350,-40,-78,14,267,232,-111,97,17,-101,345,369,194,115,38,180,3,-5,27,-4,120,-135,361,-4,304,252,193,-143,-101,-138,51,283,256,7,334,396,242,217,226,-45,220,-41,143,113,180,273,128,73,22,-22,95,370,145,5,201,142,304,123,-39,301,-74,-71,-73,285,38,-116,61,132,-13,334,54,185,302,335,286,271,-13,-145,62,-56,134,227,351,298,266,-53,-16,237,168,46,-27,178,-73,123,-15,322,173,220,3,266,-129,105,-116,33,72,-25,48,-22,78,71,297,313,109,356,-134,204,267,289,372,145,-51,139,-15,96,59,167,63,4
48,-24,231,-138,235,-122,337,187,363,166,177,153,251,155,52,4,265,171,71,191,1,-8,217,282,144,-64,-147,290,376,20,111,191,-121,-65,269,151,234,94,245,-26,-141,362,124,221,32,32,63,32,307,342,314,-69,162,66,-35,259,128,-64,-58,74,164,104,123,176,73,-15,291,211,122,266,37,127,-119,258,-15,-88,390,58,-111,363,89,392,83,195,242,-141,-100,21,-125,52,184,317,-121,78,-28,84,292,-67,189,349,46,52,-21,-52,-121,234,46,-87,313,-115,-70,385,341,228,295,358,83,14,-44,303,116,24,181,239,269,295,165,184,177,193,8,-91,246,329,398,100,-90,251,159,227,136,189,59,201,-89,-72,112,8,104,-111,188,-71,42,-126,144,9,43,365,128,139,35,178,124,384,374,326,177,215,-146,324,272,225,-1,255,295,285,272,-34,5
-26,289,245,201,238,351,284,85,365,208,33,124,54,-105,38,-106,279,-134,248,178,-101,224,62,-116,-92,373,389,225,-23,348,69,42,-99,367,14,112,234,25,284,85,-9,184,274,91,-44,295,162,-9,-76,280,38,189,76,132,293,303,278,106,143,250,205,271,-22,351,310,-144,212,-107,374,381,-146,-39,258,289,319,234,333,26,383,219,318,392,226,198,355,343,147,241,140,396,384,151,-72,332,-138,283,264,162,352,375,199,28,370,43,399,382,27,233,120,30,108,-129,144,373,395,150,202,108,24,373,182,225,359,-61,349,109,117,-98,121,-6,337,259,-122,357,199,345,206,351,80,390,-30,26,196,-7,186,118,-99,386,85,230,340,292,309,-83,-33,278,-79,134,364,72,129,83,364,-149,394,-117,-113,-24,-3,10,-106,345,-91,299,-139,-14,116,-2,5
-4,344,100,38,-22,89,227,49,291,199,-30,-110,1,20,186,223,-57,-35,299,67,9,68,274,-140,-35,123,351,-143,132,59,363,151,47,238,275,220,321,7,-99,314,152,397,249,-137,259,306,-10,346,385,238,138,346,8,370,90,-116,369,-6,-131,324,97,183,-129,287,308,58,220,-70,97,301,8,190,-10,-38,-122,312,266,-28,212,356,361,357,396,7,342,48,26,57,-17,364,158,371,385,-39,266,359,189,127,329,71,109,28,365,-120,290,50,-121,94,322,349,16,-126,98,78,13,244,323,151,346,235,51,-52,266,-120,237,302,314,22,16,66,349,-10,6,200,235,260,322,271,219,330,285,185,9,321,235,-3,-94,-89,336,361,60,-84,-46,-82,212,172,11,148,382,373,-119,218,319,203,160,298,208,10,41,325,-13,360,323,346,-41,-100,323,206,2
328,143,276,-123,225,85,337,227,170,-91,74,302,-99,209,99,273,-109,270,256,172,174,184,-34,-53,99,336,35,353,280,242,135,42,260,43,-111,166,226,146,51,317,19,39,-32,399,26,204,334,206,-147,206,-90,-27,373,133,96,67,139,42,280,1,-117,-79,-135,-71,121,331,-67,-9,299,252,347,131,66,282,124,229,343,154,92,391,-66,141,-54,306,59,393,-64,291,181,175,46,-64,27,393,35,182,82,5,220,57,144,329,-10,-93,52,182,-4,160,224,-112,-101,-84,-150,-18,202,231,-83,-54,323,-81,156,38,25,158,208,63,349,360,-16,-112,-88,288,120,-77,233,173,-41,-90,5,90,341,140,83,286,16,164,-86,216,-31,-132,282,50,-84,82,-35,174,-145,-67,-105,-109,38,-120,291,138,157,137,238,255,369,-81,371,-49,280,185,161,-95,358,-150,2
87,59,-89,-43,19,24,-33,208,-12,390,328,391,-38,325,-66,79,4,129,-22,-42,367,34,-137,-82,374,181,-113,359,159,-86,264,275,283,128,76,58,265,289,-95,-51,139,344,144,63,359,119,15,221,-139,289,241,326,272,307,-121,191,164,-96,326,47,155,268,247,46,151,396,48,-53,-132,22,353,159,308,250,228,131,174,21,141,-134,171,-13,345,247,24,69,1,40,168,22,82,82,-66,-127,332,166,88,109,70,94,240,234,302,-74,297,357,67,53,-91,346,360,103,191,-142,278,378,368,-48,331,290,130,288,121,143,191,276,155,320,34,-113,-128,-115,283,215,296,326,159,-72,310,-91,232,165,383,298,216,-49,80,255,-26,320,360,191,306,-147,219,66,56,321,112,305,204,207,71,198,110,187,312,102,-62,9,291,127,51,294,333,53,382,-136,3
372,-80,321,232,263,247,99,-111,87,224,-105,-79,161,124,-139,137,347,399,294,399,58,359,373,206,-105,68,131,-74,76,-105,231,306,-87,-26,275,335,-98,-9,-114,374,338,206,234,348,60,321,38,31,95,180,63,353,14,-70,89,360,145,-116,85,184,-10,-61,0,337,118,-103,313,-42,-73,203,69,388,-48,207,44,184,120,-5,-141,301,299,285,72,162,-148,311,160,-93,-89,-144,124,-70,281,81,310,34,254,129,132,349,-147,278,234,74,-107,44,-147,283,-18,372,-20,135,314,-57,330,-6,16,-71,138,299,321,108,9,-9,227,271,323,33,165,-76,246,-39,-11,392,120,-54,372,265,-99,18,117,-11,-114,-18,-142,34,-3,-81,81,246,317,186,115,7,112,-12,49,156,-120,362,-62,291,198,255,51,250,118,185,220,89,124,62,-55,-104,9,362,-116,-127,5
-111,349,179,183,354,231,-58,50,-31,93,-34,363,128,244,206,202,-115,321,128,287,-118,380,-41,323,300,-147,-54,308,-67,-23,-55,-39,322,122,267,266,386,375,-41,155,-121,319,-129,188,-79,-35,105,336,-37,389,35,31,203,-7,336,55,101,298,21,90,186,-71,96,391,-28,256,388,323,28,-21,102,-80,217,-64,396,262,275,184,377,-143,58,34,55,283,132,190,313,79,-32,134,13,230,-32,385,190,325,316,-4,277,131,131,-59,85,267,22,142,111,-47,309,83,23,-18,-114,-122,-59,-13,-53,376,54,36,90,302,51,216,33,166,95,273,292,89,78,-23,-2,177,158,-120,76,361,232,180,301,259,359,83,189,-51,2,208,179,332,41,-82,-38,253,231,-108,238,198,-41,276,213,-80,36,389,62,397,276,156,-98,-69,23,-110,156,-124,121,155,287,119,1
312,359,53,83,95,379,351,-41,-135,206,-2,349,327,113,101,379,386,305,123,-127,-82,259,-140,109,-141,-139,-60,74,329,-146,-128,33,65,-21,231,199,-150,-89,172,-135,311,273,86,153,-40,366,258,326,309,278,-38,16,-55,125,337,53,305,-11,79,36,-63,338,197,-11,79,197,112,173,230,-31,150,243,-66,259,-128,114,-126,77,137,202,328,250,12,163,390,296,222,59,-104,179,120,-31,162,-49,55,67,123,187,-110,-100,-57,-132,382,-97,387,245,-146,-125,15,-69,111,106,-25,195,272,-102,-69,333,-114,74,106,142,63,124,360,310,14,-67,131,23,329,383,-9,262,35,8,269,315,-21,227,117,377,63,332,357,-50,-46,-16,66,315,274,86,222,344,314,372,-141,314,160,363,362,-60,123,140,226,-89,386,63,6,319,356,174,57,-53,-141,-36,388,294,5
371,240,219,394,204,-47,372,254,227,295,59,90,19,206,285,263,-22,281,247,-64,83,226,253,-67,264,116,-145,276,-92,-133,223,-107,10,172,-113,86,121,143,-88,76,195,114,260,264,-8,73,-50,58,90,293,183,-112,-88,-113,265,111,-36,159,-34,-53,11,181,242,69,219,63,-119,252,221,-103,122,165,-13,-101,208,399,184,196,-120,-123,278,14,276,178,-78,165,-52,-115,42,-117,-57,176,245,-53,354,253,327,137,0,-63,-149,-89,-94,56,151,-78,-94,112,285,-121,-1,-146,173,358,209,-19,376,229,249,83,307,138,79,85,105,130,142,-133,130,225,248,396,-26,105,-139,-1,269,267,324,272,283,-90,10,240,-4,-18,71,253,-53,-16,308,171,-60,188,-117,116,47,256,343,371,330,52,293,-139,-30,366,177,85,398,-123,149,20,46,125,204,-17,174,69,1
-23,248,300,349,-144,106,177,68,157,144,20,287,-34,-136,228,128,60,185,53,28,219,97,-105,95,-57,249,219,-91,265,18,293,254,103,301,368,175,125,21,149,-11,-92,311,83,93,145,382,359,101,298,315,72,-63,-11,157,375,327,17,-5,164,-54,289,214,220,295,259,112,280,358,276,219,29,-36,381,-30,-115,-148,-104,-11,74,-120,98,46,-40,165,-74,381,372,211,66,256,295,-98,200,152,379,172,-42,102,-56,293,36,193,38,-27,9,311,127,145,183,206,97,157,311,5,277,153,-129,78,133,-84,343,399,-145,397,317,156,-74,-106,220,306,-41,197,240,60,200,76,198,-104,341,266,383,-47,374,337,337,161,-74,-139,-146,288,348,102,376,143,74,-53,-96,152,119,339,12,8,267,112,232,64,375,-34,241,273,381,-70,36,-17,16,-14,11,64,2
164,-34,374,167,-80,90,212,-129,-113,87,392,-100,236,-131,-16,250,323,347,-34,374,337,366,-86,14,197,108,94,71,-134,177,280,354,232,361,181,73,-12,122,-26,128,-118,63,150,-73,154,-45,381,-40,30,214,14,333,154,301,-121,-66,19,200,377,-80,92,-34,-42,349,138,-122,-37,196,43,369,-38,280,189,-111,-146,289,337,162,215,106,37,-78,80,-117,-79,333,205,80,330,340,237,26,-140,67,-18,7,321,-7,59,181,-61,-139,-125,173,100,91,388,-66,25,142,-106,239,311,239,6,10,378,72,-27,-1,279,396,376,237,118,390,155,-135,362,-117,203,313,-47,138,-8,186,225,53,-93,-112,362,182,193,-63,182,205,313,235,214,96,347,-88,89,-70,-84,188,-53,356,343,320,116,216,135,333,121,9,79,347,55,48,171,209,244,346,307,336,-14,2,2
366,159,300,301,117,67,51,209,-38,143,14,357,2,277,-91,-84,130,-143,130,269,391,184,37,302,-109,27,-147,159,-71,-90,22,227,236,282,364,-148,326,-68,-92,-116,158,249,225,28,3,218,-83,218,267,92,126,292,-62,108,86,161,39,251,73,-136,43,-121,309,16,84,95,168,-144,-65,177,64,384,111,375,133,110,-95,359,260,293,-19,390,112,265,169,217,205,326,-111,172,204,164,296,12,163,-13,90,148,82,65,208,-22,23,-24,279,295,132,-107,23,-11,76,210,121,254,-34,41,-28,118,283,-23,369,289,33,-15,313,64,203,1,-130,358,155,284,-147,-78,-46,190,-19,169,-126,273,368,366,126,281,-60,-90,184,54,323,-95,42,-125,123,177,-136,127,365,-130,-105,-62,357,122,-55,-85,342,67,282,140,-91,111,274,50,387,82,11,71,109,208,4
75,114,-82,-142,130,44,156,-5,343,292,36,158,331,257,91,182,253,220,-97,94,49,284,222,234,70,97,-80,332,174,-146,344,89,40,-145,168,346,264,-137,57,-149,251,379,-116,-69,332,240,335,309,377,253,-18,166,84,-23,-88,277,193,-26,-71,16,229,-136,-46,375,68,243,206,149,13,292,214,-86,365,-27,59,-74,382,146,-141,-34,332,46,36,79,129,81,-35,276,-51,393,282,-67,144,344,28,144,165,387,-100,173,3,381,54,-80,1,44,351,-135,72,55,354,221,224,-36,235,146,40,167,-67,-21,223,54,108,192,177,-118,97,116,338,199,214,-77,108,397,62,347,304,-126,295,267,2,306,369,-98,332,85,325,371,198,-22,311,335,333,82,-79,143,19,101,193,-144,-131,387,-62,349,189,-95,304,77,-89,90,233,295,343,251,305,388,200,279,4
146,-66,236,163,195,360,327,-31,274,52,79,138,-113,-5,287,-102,166,377,63,392,-56,349,323,-13,-94,15,54,-9,-97,3,75,134,-89,241,251,216,10,-103,235,98,-125,-6,109,-142,349,115,90,174,26,319,338,380,-114,74,91,239,169,392,-118,378,22,77,-63,82,-114,197,132,-3,312,-43,-81,-41,311,16,226,211,-121,-101,133,50,101,-104,22,-22,43,345,325,205,384,266,79,-103,249,344,272,-16,167,186,-47,365,131,246,276,-66,138,172,368,-75,292,214,-85,-47,-107,267,-11,-17,337,73,-71,258,327,192,289,-43,-38,24,375,-21,-49,87,127,91,226,102,123,80,145,-136,28,72,275,64,231,-104,199,353,-42,30,-137,79,381,294,0,384,238,50,383,60,315,294,80,355,103,57,372,-84,199,-100,165,293,-75,-102,-2,83,-70,160,298,-135,4
255,192,-3,233,282,177,210,350,71,225,-30,9,316,118,19,24,46,68,293,294,99,386,229,-124,36,389,11,-66,-104,366,169,122,-94,162,193,251,347,147,-66,138,17,14,337,389,-44,279,-60,102,382,280,156,262,-135,173,194,-4,391,-123,-84,358,284,175,-150,65,365,121,219,386,242,48,-98,364,364,176,-128,312,64,-109,-18,-110,218,286,326,188,231,257,389,186,-142,294,286,-86,303,120,111,222,344,223,335,-37,71,197,-128,321,-124,355,-136,263,239,-120,-127,-82,-57,99,300,251,-65,348,-123,-121,-149,306,298,354,-89,-123,137,35,-26,0,297,319,-132,-143,317,104,169,54,28,368,358,29,-79,108,-6,344,-78,220,-81,-15,25,-67,131,-93,223,291,-145,363,384,368,295,-121,362,54,106,255,92,-142,399,-129,107,-22,-141,27,280,-49,37,384,1
-19,4,162,173,171,359,162,-108,275,373,-60,287,-65,312,140,273,137,61,238,68,195,-140,-122,-108,-15,22,216,39,271,43,376,18,306,68,270,-36,350,-138,-2,116,309,-137,99,269,246,126,202,-43,41,-70,298,284,46,181,-126,-11,-140,153,186,236,26,362,75,364,303,145,-49,-87,-67,323,163,76,105,86,339,135,386,-141,214,162,132,101,262,204,-2,18,264,-4,341,143,-147,-73,-47,-103,265,113,26,158,-35,294,295,308,246,262,352,381,140,-61,220,80,212,21,149,-17,146,340,316,340,0,-113,18,-120,249,-71,-82,31,69,41,-25,380,167,108,264,170,34,-139,-63,-53,257,242,-83,208,167,-72,194,-31,115,-141,93,174,165,317,319,64,323,375,104,167,105,376,21,224,309,129,363,210,273,368,342,353,309,277,352,-42,316,301,-21,321,1
-106,244,321,100,50,-28,368,-122,332,172,106,221,279,148,359,294,-113,201,305,-134,235,345,349,-12,315,128,193,-107,96,289,25,-114,152,344,-93,-86,231,173,89,108,91,176,115,115,218,163,93,142,180,-73,143,357,166,299,-48,-122,170,213,98,103,-54,-129,371,3,247,-11,-131,331,140,214,63,335,261,64,91,333,128,-8,-15,311,-34,205,-128,-70,-62,308,388,327,172,328,371,-100,42,-48,85,188,39,-34,-80,121,80,300,303,-55,352,145,119,276,310,-91,-139,-93,179,245,205,325,305,381,384,292,204,394,220,-105,-116,-129,-117,-115,-50,335,3,-110,371,206,240,-109,-12,314,-79,-41,-79,-105,238,-39,119,-117,66,315,289,253,118,-25,83,348,50,72,-106,303,107,-11,169,-108,-100,216,246,78,259,74,255,164,52,152,-120,203,262,-110,58,123,5
-55,-141,221,98,-122,-131,178,301,-8,29,64,211,185,-22,252,259,164,365,69,346,37,140,213,273,4,24,159,111,10,353,35,342,-113,393,-92,23,154,196,-82,339,339,3,351,85,69,43,108,344,333,-2,279,214,16,399,-123,302,-89,358,17,80,-116,62,130,360,328,120,28,-10,-55,200,-126,0,-70,341,328,156,222,-13,305,288,227,130,35,-87,168,381,393,-99,104,-113,1,332,49,113,-17,20,348,310,260,-145,-7,290,-89,298,-5,100,-38,271,346,-149,130,300,99,294,-142,263,339,254,150,-11,-27,151,196,-91,159,104,-92,397,-93,-44,240,156,375,257,107,-31,222,140,3,201,-8,212,-13,357,132,90,259,-5,298,200,168,36,236,168,-137,28,-68,-38,-57,80,301,344,225,-51,167,316,395,128,343,284,-45,33,346,49,242,225,-137,-88,4
81,298,384,265,229,84,383,62,6,222,78,270,278,-25,-109,-47,11,223,92,-77,-71,211,157,166,267,-46,308,-148,336,105,309,82,142,227,118,344,-17,144,-77,-28,3,260,383,-71,82,87,-86,-58,-117,72,49,312,369,297,13,-121,-56,210,252,75,-38,99,294,311,391,-80,99,43,140,330,284,39,295,-119,250,348,-132,202,34,361,74,241,112,-124,83,205,-42,269,-132,-26,-60,289,185,385,1,7,91,26,12,-3,141,219,-42,194,219,-129,42,0,144,-64,-113,24,240,-48,277,70,18,275,312,227,338,255,40,290,33,267,384,-123,18,-141,-44,161,-13,298,353,-122,279,-110,-122,-101,346,-131,-143,-51,149,-82,283,-36,230,234,381,134,350,102,123,222,315,290,-59,3,116,382,46,8,-42,41,87,232,259,-103,285,189,-73,-18,245,374,89,196,5
324,377,284,246,147,48,87,30,-150,201,370,116,256,-32,110,391,173,22,207,338,-96,41,382,-44,291,-71,78,52,285,263,55,358,-102,10,-12,170,354,131,210,51,-139,94,101,224,333,-65,-51,85,5,39,60,351,227,386,320,-110,330,89,295,-32,210,-83,270,-25,173,-119,324,195,40,-27,305,135,54,329,94,30,134,320,5,229,51,26,353,103,-61,269,132,290,-41,263,352,276,-63,-46,371,-82,242,134,363,187,-137,-96,390,110,225,46,0,101,347,255,-11,-138,-25,1,69,196,-136,164,325,376,-51,251,-66,64,41,69,188,-138,342,394,-40,-108,294,-57,196,164,-23,253,-33,104,254,-105,350,104,346,-29,319,211,51,-150,189,259,-72,-24,-57,-24,-21,-60,225,-130,-96,-114,-65,144,127,259,-50,271,-45,170,252,-137,337,-37,79,-85,304,96,4
69,243,194,383,-76,-47,355,335,123,360,-82,-140,260,293,269,261,171,368,-55,252,376,192,151,-39,157,385,-97,127,83,47,280,109,11,28,80,255,302,-92,146,10,-82,256,23,206,137,55,-118,302,12,82,-40,335,-81,352,-53,-95,171,199,284,178,-18,249,323,363,8,191,266,-24,239,279,20,346,373,195,-36,-102,230,257,-18,49,95,332,42,368,-136,6,363,176,322,160,275,303,301,374,14,-15,101,-14,293,66,-64,346,23,251,-34,164,166,344,345,285,114,83,-137,181,81,122,378,156,289,91,-115,167,-133,350,211,228,275,334,115,198,92,329,356,200,14,10,71,-48,-141,297,35,12,354,5,-96,339,-14,260,274,-29,181,-144,-75,35,310,191,19,79,158,-123,32,329,-106,355,112,-16,202,-101,375,204,71,140,40,380,164,169,361,-134,1
63,117,160,257,80,-19,-64,358,365,-124,372,39,169,-28,297,397,325,-89,280,75,171,146,67,278,-72,385,252,345,-83,333,145,-57,41,210,39,288,275,292,-103,151,-31,169,262,-28,-97,67,188,-15,335,-131,359,298,163,-86,268,389,-135,308,169,270,-27,394,369,208,-32,286,395,338,-44,-115,352,110,-123,46,173,-20,29,172,305,384,132,191,267,42,141,370,213,386,-73,251,315,90,132,370,-36,-104,-77,11,207,302,-121,-150,387,48,112,214,-146,297,-128,280,57,18,308,182,43,235,168,224,130,87,358,390,398,86,216,192,396,-148,24,39,162,-131,58,-42,266,-24,-81,128,-105,-125,44,44,-27,-33,169,48,246,27,-108,-16,320,297,-144,371,-73,39,-118,167,-34,-73,300,391,-27,397,223,-7,-132,12,143,35,33,-88,25,171,40,-100,-34,157,4
184,223,170,277,-31,-70,145,-36,191,97,214,126,-60,98,-104,55,173,110,-47,334,49,144,188,115,339,16,358,316,8,-73,322,369,-18,111,337,-50,316,339,276,104,206,37,148,287,314,352,-78,-36,-48,384,108,-3,56,-121,265,264,-122,127,312,-66,-86,7,107,385,282,302,110,375,53,26,399,300,163,205,-85,90,356,-147,288,226,-107,-89,199,-146,-107,244,350,-78,24,-137,-132,374,382,84,0,41,176,220,-146,308,338,-118,-58,-144,278,98,-78,-17,-96,234,116,212,250,101,50,-60,338,207,113,306,-148,-124,-101,159,-3,-54,-45,189,132,-133,261,202,291,-119,368,248,268,29,-111,72,-61,87,47,92,260,37,109,366,237,326,-14,335,-98,49,265,393,-18,329,2,215,-73,-78,389,347,-115,80,339,382,144,-109,378,348,-46,2,254,-132,262,-96,5
28,49,12,174,-27,357,259,102,128,69,95,-82,344,229,-150,-8,-57,-84,303,-146,130,180,-89,-9,218,226,285,388,-99,82,-150,238,41,-50,75,229,353,278,220,-133,376,359,-118,93,116,390,369,391,-22,370,160,340,226,-148,363,293,305,-92,364,367,376,-68,91,55,-126,10,42,-34,315,322,376,-24,167,50,-62,395,216,372,56,348,134,372,234,314,262,40,341,141,-91,120,-117,-135,138,-25,329,-119,249,-72,389,-9,65,226,8,-129,-126,-109,394,356,195,316,347,161,2,163,51,-44,51,313,218,75,-47,287,353,295,303,-4,367,220,301,20,230,95,296,82,232,-11,210,-73,303,293,-88,135,323,-67,-146,276,-140,-100,245,352,222,289,252,186,354,271,29,256,-57,-145,56,269,67,351,299,30,342,-13,-147,315,213,275,-122,56,361,275,244,324,2
95,220,-8,-123,-35,286,-136,-111,323,-117,397,132,247,91,-20,-20,37,271,333,-26,-36,312,-51,325,-121,92,-72,40,381,352,-36,131,329,375,-65,357,399,34,391,76,203,-42,182,313,287,192,214,186,-135,-9,-85,-63,35,-112,155,276,392,-87,-66,107,148,-93,-38,-65,118,361,-28,317,-43,72,259,94,71,178,272,94,393,-75,229,-60,151,387,-44,55,244,-143,-136,42,350,-145,-36,-85,-56,30,-132,374,-27,113,226,-59,196,-34,143,211,38,151,267,386,362,308,120,323,15,10,260,285,117,227,294,270,-145,64,312,232,197,241,367,37,3,26,-24,-9,275,218,272,102,97,-135,246,-37,263,-10,188,4,271,341,-113,28,0,-105,360,-37,282,249,116,259,82,-136,35,187,-133,46,135,8,212,316,59,345,-20,379,205,285,137,14,-80,133,-119,18,1
269,-65,-141,378,201,-12,150,-24,378,41,324,56,110,-44,182,-109,197,-20,-54,354,134,311,27,66,242,-139,161,366,326,26,125,134,96,60,141,-54,7,38,101,200,234,316,160,-41,-45,392,-87,125,225,134,80,32,394,30,115,389,202,336,342,69,-108,394,-135,372,-43,167,361,-32,-150,162,-78,177,356,61,-4,-32,136,-129,-30,-75,-68,206,109,0,368,-46,52,55,44,172,65,-119,303,-81,-83,-10,84,204,341,-127,-111,162,215,79,168,349,-4,304,135,49,97,344,73,87,337,77,324,201,-98,306,155,109,346,-127,88,8,193,225,-63,100,-63,205,9,-72,319,164,331,373,272,303,2,96,162,131,45,-122,-72,32,202,366,349,-114,-77,-30,392,-137,139,188,382,257,78,77,8,-101,27,148,378,39,-114,-74,312,387,292,326,165,-27,284,169,1
331,230,41,-5,329,328,-23,59,-135,294,180,41,135,341,-81,-129,247,149,-88,224,-131,299,194,271,120,-140,344,284,-118,230,13,207,352,180,169,50,338,-118,244,167,-57,166,185,289,-127,111,-75,131,94,31,189,117,329,357,101,55,365,-122,-17,-104,288,95,258,-15,354,234,303,207,242,-53,-102,-90,92,221,276,22,185,-4,149,-125,398,55,1,311,306,17,225,52,28,287,66,8,354,206,-81,148,-28,116,273,35,4,18,189,268,72,363,315,-62,-138,-115,87,275,63,-136,-16,276,387,389,-106,370,-80,145,102,45,35,347,-4,-31,25,355,-123,277,-129,-65,331,17,149,345,-120,-60,110,339,262,46,-24,-58,119,292,78,265,154,15,-58,361,234,-42,316,55,128,3,187,312,77,189,347,35,-38,336,340,-34,-52,146,-1,-120,6,274,377,-96,1
-6,-133,134,68,64,194,100,255,186,-106,291,-20,-22,32,83,150,162,134,379,83,242,-54,-75,221,311,-142,8,235,-49,-42,227,-117,217,370,112,220,193,13,224,349,-106,239,91,309,-132,157,-104,102,332,126,226,371,-19,162,-11,-13,-15,174,89,-1,-116,-27,357,388,-111,305,304,211,75,391,157,66,143,376,343,145,-78,-18,334,338,63,272,209,229,161,184,230,-116,350,-134,-4,123,235,-85,344,68,-71,137,271,349,131,-55,88,-98,283,333,-82,-79,106,143,105,123,-80,67,-127,345,96,245,315,395,64,245,121,-132,78,-26,82,54,109,252,337,22,10,122,109,71,-35,14,235,194,146,246,1,-52,295,-86,264,-5,359,-127,64,219,381,199,360,-99,54,-30,-89,-140,98,79,-62,352,22,290,209,212,398,74,240,315,213,17,268,223,375,71,1
-14,-82,38,-101,5,346,45,325,78,257,340,68,362,-130,273,-43,184,199,157,106,286,266,-140,192,274,194,81,154,37,329,279,317,-135,385,-143,344,173,158,344,298,328,63,-16,260,269,161,119,234,-132,172,347,42,112,178,222,-39,73,213,201,-71,25,15,273,262,318,83,-71,310,360,206,-5,33,289,77,266,-75,61,228,15,-59,277,45,100,263,167,394,-32,332,12,-49,222,139,-68,294,-67,323,-89,-56,115,283,-32,177,162,88,22,-4,329,203,167,-102,248,205,-55,-9,327,292,-73,389,331,-14,125,139,-82,-30,10,5,30,88,-124,27,-119,-128,22,379,255,-123,120,125,265,320,305,158,276,-51,-64,127,-53,313,-43,-109,328,345,65,330,38,-37,172,282,1,-105,350,162,-79,341,360,-17,-90,195,301,-121,-103,93,169,268,-127,-120,11,238,3
247,205,-70,253,-12,-83,217,200,294,70,54,342,332,242,358,358,-136,129,24,313,329,128,352,-32,141,119,276,182,294,186,214,53,396,109,58,318,187,152,-48,-78,-73,31,351,293,-63,12,121,84,-83,108,331,-89,184,-120,-22,167,10,350,42,-7,270,91,-116,-79,204,220,-21,277,286,-69,181,208,35,127,366,-65,71,-41,292,-129,335,221,23,-16,129,-15,117,243,244,79,-107,384,127,-129,-112,-95,-27,-116,121,246,-129,-142,242,-133,93,86,143,-100,-122,-71,237,13,-119,73,119,73,131,-36,124,-21,-39,61,55,78,-26,-14,112,205,357,56,355,-49,302,63,175,342,150,203,107,242,253,37,209,126,333,219,185,200,3,48,-5,4,-77,-56,185,124,163,346,141,-71,-42,365,-27,130,256,-94,174,387,-60,-147,382,308,264,58,112,-36,246,160,2
370,-42,135,321,217,-45,301,-90,-84,222,96,287,272,126,117,187,302,38,264,96,383,208,86,366,-67,185,-88,53,111,103,320,-87,103,258,-98,233,-53,-26,-47,381,297,108,85,237,11,62,277,275,35,301,-11,-66,-40,-16,-36,39,292,-111,283,-41,386,204,-150,277,163,150,291,12,-149,12,127,-119,-53,78,218,320,220,-49,51,20,368,94,-15,320,-51,-144,245,328,308,3,-146,141,368,272,147,103,205,31,111,-86,-149,-48,119,98,194,-23,56,345,257,99,159,-45,195,251,379,-4,330,-55,-62,64,-2,20,163,-116,204,157,88,83,60,-13,335,104,216,109,-75,293,323,20,-122,351,7,390,324,56,333,197,313,296,-15,225,346,201,-63,238,-4,-76,-70,5,129,15,53,53,323,222,15,81,-43,282,70,356,95,207,387,391,-27,133,-1,233,1
309,252,-67,-103,363,315,190,238,177,-50,389,-145,381,392,27,317,-108,-34,328,98,-112,242,10,79,20,186,306,243,-5,114,98,374,-53,237,8,324,338,-126,65,-75,122,375,-83,-82,374,-66,119,-14,149,388,18,199,-141,265,131,-137,150,3,-144,77,43,134,225,81,-32,93,114,225,318,-52,7,-74,244,130,61,204,130,321,-35,346,62,25,112,-66,186,22,123,-70,82,122,387,273,41,22,-26,107,-96,1,273,313,43,115,102,-148,97,-14,60,90,36,256,372,390,-48,368,15,-147,115,101,97,321,348,115,85,33,330,381,191,-135,-53,364,191,236,394,272,275,69,133,72,186,-73,13,74,126,-114,211,306,379,46,-75,161,363,121,-52,-67,139,-53,381,86,220,0,138,-100,301,-103,232,-72,180,174,41,209,-107,382,66,-95,-140,206,328,-46,5
399,-144,-107,43,97,-114,162,-74,112,274,55,-57,35,-33,-104,-24,-73,365,178,202,37,79,170,335,221,-73,305,368,42,268,267,255,270,165,-139,228,141,-70,-113,49,121,364,-29,77,394,175,123,109,21,87,197,220,395,-38,14,330,249,37,-43,58,-117,-93,153,-79,108,-128,-68,-150,216,-146,-82,49,356,87,134,84,224,234,74,298,51,59,-129,350,392,171,64,108,277,226,66,18,374,371,239,302,283,272,190,228,238,74,166,376,362,179,121,200,-123,-114,244,142,271,98,267,320,104,57,33,252,-136,156,2,53,211,-79,-84,21,336,349,-105,-48,-119,252,388,318,139,171,-34,201,225,258,10,319,85,-12,83,389,-13,123,-18,239,187,342,39,211,25,1,49,343,123,10,370,-140,301,363,251,206,287,-140,96,299,136,-95,194,83,-4,137,4
269,228,106,29,11,-30,39,-132,248,313,345,177,-126,14,119,149,317,147,-118,225,377,-105,365,364,199,124,196,134,352,351,85,126,32,372,269,-112,-131,340,258,23,61,149,98,-142,222,310,-113,319,-27,398,147,0,-76,55,-112,325,159,-47,4,307,381,196,278,137,137,26,152,-111,-146,-47,351,352,304,-150,90,227,-17,355,85,382,217,35,54,-9,231,-17,253,384,82,-137,191,209,222,26,112,-51,-9,381,69,162,98,26,304,-18,279,370,-98,120,267,167,62,13,-80,75,270,274,261,159,101,7,392,-143,-52,77,35,-66,123,132,-75,-119,304,85,81,13,115,304,-20,-75,73,220,199,-131,-136,254,252,275,343,181,122,211,-139,348,103,59,-124,297,-34,276,47,5,-25,6,251,151,343,-64,-141,388,123,146,-138,145,192,155,218,390,-1,72,5
147,-128,337,145,224,259,151,209,77,352,185,339,248,81,152,-23,188,165,98,-85,142,217,152,39,54,296,-52,197,51,288,-106,197,208,-114,204,289,355,299,335,0,-24,92,-122,77,-44,349,-3,338,11,329,121,173,389,383,-143,67,199,-37,-14,275,-28,-97,180,258,-53,-60,348,371,312,91,245,113,193,24,39,64,269,-111,-80,68,214,366,34,-7,244,232,205,112,165,320,-74,318,-27,-27,13,373,177,345,-44,205,38,-29,85,-128,134,283,-1,373,42,-115,233,385,272,-113,9,115,-94,53,-72,231,-121,92,-22,144,27,242,282,225,68,-127,293,103,168,391,300,-2,273,126,189,160,271,370,-101,-119,-110,147,-75,303,328,275,285,-60,33,-143,52,108,234,-150,189,284,144,82,397,-75,396,336,226,392,342,-72,232,43,388,27,193,-36,-56,359,3
-125,102,-1,299,249,130,98,192,397,119,114,-111,200,219,227,-150,262,50,-132,332,388,55,53,287,-94,32,304,110,-57,-49,5,22,313,65,63,35,114,177,320,-102,-13,-46,-122,154,28,372,304,66,-142,196,89,324,-65,33,253,67,142,269,326,54,225,44,213,396,234,-125,300,193,38,209,228,22,218,-52,-73,35,242,-29,40,286,3,144,-121,-48,-86,224,80,-128,139,170,-109,19,272,51,383,321,-116,-107,349,345,36,-60,377,-24,277,-39,68,119,185,319,-81,-28,86,69,-4,-89,-95,85,240,-100,-23,76,141,114,137,195,162,-107,-4,-108,173,169,-56,87,-13,111,277,281,-87,231,312,-122,347,177,-142,70,384,349,160,280,85,91,273,-5,307,-144,83,381,385,-36,180,253,396,310,114,269,223,-137,-75,384,26,329,362,57,-93,52,134,-149,5
-71,4,269,3,-76,112,289,155,305,163,197,-47,-115,111,90,-72,6,184,-139,367,-114,-47,-112,16,301,371,-74,174,187,-144,369,-34,3,111,207,-141,178,117,-122,254,-130,147,134,91,375,49,312,4,210,-19,190,189,111,134,397,250,218,-114,26,-62,297,34,-140,207,-6,-74,-2,206,-147,300,353,284,-33,-48,332,-94,238,-100,91,270,-80,208,-148,-46,291,-141,381,337,-38,-122,199,13,-119,175,200,301,-11,-114,-120,79,-11,111,-1,146,23,295,291,-122,115,-17,-43,45,71,360,294,58,352,362,99,253,198,142,-30,66,362,331,-64,326,107,356,289,174,-129,-92,120,-30,-32,7,190,272,-117,338,26,399,351,335,-49,359,39,39,173,-10,302,-76,132,108,228,278,140,247,264,349,353,-146,251,284,-83,286,338,114,229,252,258,61,306,126,-53,162,4
95,-92,210,54,-42,36,78,7,-90,61,-16,159,-131,121,363,82,20,5,115,383,-7,-79,-77,297,218,221,263,-109,139,137,169,35,274,132,121,386,-33,-62,300,193,372,192,181,354,-48,14,157,11,-66,67,205,90,283,356,242,144,-121,236,-31,229,226,338,340,-56,-36,-96,-143,129,324,394,387,21,236,-91,-49,122,36,247,203,187,303,123,199,87,44,279,302,87,291,211,-28,29,339,362,333,22,-49,338,-105,266,37,154,-6,95,-85,187,335,197,375,63,216,16,21,68,179,267,23,138,14,369,-131,304,104,-48,-16,269,-54,320,38,242,-103,-95,239,143,-15,242,169,26,326,10,134,380,260,-142,313,246,-80,393,29,-1,261,333,322,390,211,-126,-88,270,340,166,178,-72,206,306,-141,335,19,-88,354,108,276,308,-147,90,5,146,360,15,4
372,265,-25,236,-95,346,375,225,223,221,137,18,145,265,322,159,175,277,332,67,-120,190,321,240,259,5,235,101,-107,-73,176,-6,319,9,347,161,-63,-65,254,14,-9,231,171,349,48,260,-143,45,-92,371,343,152,-13,377,108,363,-86,168,398,38,165,199,258,-104,284,192,85,-2,112,274,101,-1,283,100,153,-98,19,-142,347,57,195,318,-75,365,72,-99,159,157,-115,216,232,-73,221,351,392,383,269,370,169,-11,69,-7,206,90,354,200,97,-144,9,-44,159,-63,195,106,271,217,-139,319,4,118,177,215,123,35,128,-83,277,-65,348,-107,-86,267,264,157,215,-122,97,-41,135,308,327,164,-65,171,144,386,369,48,292,228,-149,90,96,-12,64,146,346,349,339,-83,153,65,166,4,-117,102,363,96,319,243,339,76,296,193,304,254,347,251,2
79,128,289,-36,254,383,-10,180,-81,295,-78,253,294,1,309,140,68,106,54,145,6,280,384,113,363,109,387,367,304,135,-44,-143,212,-59,153,370,-107,108,77,153,-141,330,183,105,-5,-118,351,169,361,33,283,261,-85,-50,-55,264,223,204,201,354,222,384,-91,256,-31,314,317,212,-119,15,-105,302,-53,-125,220,248,360,-82,7,-18,29,-135,17,3,341,161,-22,31,180,109,23,147,135,327,96,-18,183,349,308,198,172,246,227,325,72,335,-1,-106,-93,-111,154,395,358,335,79,48,362,201,-129,81,44,45,231,290,299,215,101,385,-85,245,238,371,383,214,-65,-147,191,34,-63,383,51,-129,388,-62,-129,362,376,7,-73,340,395,290,-118,84,-66,73,377,-82,259,-132,312,75,-9,218,-41,67,357,-103,199,-105,-64,88,131,-148,-122,238,-8,131,2
-115,365,356,134,93,383,325,208,60,104,360,83,239,332,-12,276,267,-16,-27,161,-22,206,3,134,-114,-37,343,-147,294,317,26,-9,351,-120,-21,-60,20,102,-63,303,377,-35,18,278,377,77,264,-140,60,183,312,369,-90,315,12,167,-131,-84,231,155,36,25,378,48,-100,299,-66,183,66,-99,-132,7,346,-77,279,124,-4,334,274,120,205,-96,-30,191,-115,47,340,20,3,128,170,204,232,-110,202,-70,249,-24,149,7,-21,54,399,314,0,-122,345,-94,50,70,203,334,-64,-50,229,-35,257,61,270,65,358,235,54,245,154,182,283,365,53,394,157,296,336,181,311,-1,309,89,63,202,106,389,281,214,-37,160,206,-21,154,93,331,-5,-127,-22,23,385,126,390,244,-49,35,111,182,217,122,364,7,331,22,266,349,398,-124,55,139,384,-15,124,5
245,-147,72,296,21,225,-32,-2,373,48,144,394,305,272,8,94,220,320,256,259,54,4,118,288,152,-53,-104,53,238,-145,195,312,114,-74,396,336,388,-51,158,-69,353,-145,318,383,-30,392,175,-61,269,236,34,297,350,7,273,199,-125,172,22,219,76,-60,-123,86,168,-28,95,-17,314,169,320,194,390,136,334,1,227,164,180,363,155,103,326,-64,140,226,140,192,263,357,193,260,286,112,25,97,-79,69,190,312,-43,84,14,68,40,-56,232,-148,-61,162,47,-93,28,18,118,315,349,373,131,-47,277,318,283,90,116,350,-52,346,6,-111,-79,213,-97,82,152,-72,356,-119,161,81,28,23,-116,-63,313,13,-75,37,-71,154,174,-40,381,271,32,116,340,-139,392,145,189,132,2,283,203,-116,351,29,337,-112,-33,-72,326,134,122,376,17,-76,3
108,310,224,-94,53,235,266,286,-88,-95,265,117,21,125,186,285,341,241,100,-37,312,64,311,209,132,340,54,144,212,67,341,-76,-78,212,-71,90,61,240,10,-74,280,-116,-88,-57,111,226,369,159,176,5,398,83,270,-16,279,35,360,-77,317,77,-41,111,-63,-142,-86,248,176,151,196,398,159,-49,83,144,165,107,-141,275,239,-20,39,267,103,-126,43,-115,21,339,277,307,92,396,191,215,329,-7,327,13,292,-9,-50,389,220,233,111,50,192,102,-15,166,181,185,45,78,114,370,0,332,81,114,310,221,-30,-108,-21,88,299,290,164,88,256,38,339,106,-143,344,215,13,49,321,-60,134,-69,50,104,-113,183,80,-73,200,205,237,83,334,368,-25,296,238,236,329,93,333,327,103,10,274,-20,3,143,93,82,395,44,86,215,338,26,156,5
89,140,28,348,392,349,270,-9,291,-123,94,-139,210,-81,173,-146,242,-48,187,206,206,-33,-43,118,237,-142,138,-103,186,270,310,27,297,104,212,-43,177,291,280,-76,271,345,388,-49,142,-109,-115,210,248,-90,-4,240,294,342,362,338,254,377,65,-60,89,-22,-9,180,105,-64,152,-34,105,387,123,13,71,286,45,188,-89,46,-13,-44,-108,-76,-100,-148,-98,273,155,-140,299,-1,210,-36,-38,-136,210,62,-41,259,170,-25,197,370,3,310,366,256,69,334,-60,317,77,-73,24,303,-142,52,159,52,364,195,282,215,321,-13,352,230,-113,326,369,66,-82,179,128,234,-50,-61,293,-101,-94,299,296,181,85,-116,73,-147,-31,369,127,304,81,230,58,-76,32,176,-90,-57,377,328,55,238,-113,52,223,322,373,-99,200,-80,170,-105,198,115,-132,125,262,127,3
319,326,384,224,345,201,-25,75,387,-33,313,79,90,-148,342,43,13,325,65,346,278,-61,170,54,249,-36,242,113,179,331,24,61,214,244,311,200,273,237,99,240,233,-49,298,-109,-59,129,-13,224,235,74,197,196,291,100,105,330,23,364,155,397,-107,328,336,119,4,303,-149,352,-104,37,38,145,-146,72,-62,181,300,91,0,298,-72,337,271,-14,197,144,365,187,-126,76,95,208,59,266,241,301,184,49,-57,152,16,65,93,-11,-115,375,329,32,183,5,-3,246,23,-70,-121,281,250,-78,20,-22,-42,117,-32,85,-123,-42,264,165,54,94,349,372,64,-88,242,-137,300,368,239,268,68,261,186,-89,247,-58,-125,-104,348,276,298,124,244,197,220,187,30,247,284,-119,266,367,7,-78,-17,-23,175,235,363,-141,-90,362,139,17,220,73,-134,165,5
319,-18,-133,-82,-89,176,247,-57,250,246,257,333,0,255,386,130,350,359,-38,-33,366,29,256,235,63,-43,282,314,17,38,-62,240,-126,-55,-29,177,-137,217,-17,-32,384,-72,278,277,242,302,-23,-139,-86,33,382,-130,363,241,245,-142,310,-21,236,259,-15,366,23,-112,215,-25,378,-23,336,310,21,184,150,25,71,376,358,184,272,141,-131,374,152,382,256,273,297,193,194,283,-3,330,-1,230,151,-68,-119,222,-125,149,113,166,377,100,326,366,-148,310,313,133,15,167,111,-89,-113,321,144,288,228,-21,-7,-16,-116,144,247,-135,137,285,-64,107,265,-108,-133,275,40,-41,-64,68,190,-6,247,220,306,190,332,3,361,109,-16,-91,103,271,-128,307,215,38,-2,347,-20,372,-14,343,299,65,384,347,55,166,-58,373,110,165,82,-96,-55,-24,20,-94,1
51,74,268,47,-54,154,-147,-123,-87,204,-11,19,93,271,123,-55,101,228,-133,-99,101,353,334,33,-137,205,379,206,90,-138,178,335,1,333,132,148,-138,221,342,159,239,155,47,112,351,396,-57,-87,-121,291,254,-81,152,2,23,374,282,220,268,-133,315,338,359,300,20,349,207,204,324,9,-55,-98,161,72,165,16,-144,345,346,-73,-15,18,351,371,355,369,-99,29,92,398,-85,88,252,102,106,-44,36,116,5,11,210,106,-8,-81,-84,-127,149,294,170,-27,83,108,45,53,-73,321,394,-130,168,340,231,205,331,-14,136,182,-13,-14,150,90,228,265,113,353,-71,87,322,165,228,392,248,312,16,8,137,19,318,-98,184,201,-36,67,210,0,234,292,24,-131,122,322,-126,173,-59,298,-26,-73,383,55,174,248,221,85,24,267,-65,377,-80,42,2
156,-144,113,106,-62,-27,224,353,46,142,321,168,84,356,-46,100,-55,-119,315,332,317,275,122,319,224,-7,10,23,97,49,99,-124,91,278,-77,257,-120,-49,124,104,170,235,74,194,-79,117,318,149,52,284,76,330,-46,-88,-46,390,122,-38,237,85,215,311,311,217,290,110,251,274,242,-43,301,300,-130,-112,78,193,42,5,60,-64,256,101,146,-55,57,396,44,171,-74,-17,-73,341,398,94,136,-79,224,30,227,328,8,270,98,-89,16,359,66,298,296,96,-58,307,-143,209,199,263,274,182,381,269,-138,379,-143,275,-91,163,-47,296,284,61,76,359,-15,321,273,266,-73,254,138,-96,162,175,-9,69,386,128,33,-6,8,-99,-16,226,-133,57,-17,253,192,363,2,276,6,-142,-9,185,150,41,149,370,197,337,228,63,229,237,147,-52,216,-21,4
247,132,-74,182,390,65,302,325,-85,318,307,274,259,303,361,208,291,304,-69,-120,248,383,121,10,146,237,197,52,274,-36,385,-83,32,109,-92,-37,114,-18,360,228,-98,-27,-90,238,307,234,268,299,10,184,170,221,370,268,166,177,384,295,344,277,36,168,116,45,186,369,348,-61,358,26,369,-36,-117,393,-51,-69,232,357,98,168,-84,7,258,10,377,108,344,119,84,86,46,222,-122,-2,257,90,133,34,228,314,95,-45,-129,123,162,347,394,-26,178,-133,-31,247,201,144,13,164,266,313,156,-61,-50,119,202,345,-49,238,92,216,197,-118,-70,-66,12,369,220,341,293,328,-31,-146,65,95,-86,-68,235,162,27,-121,227,-91,245,-145,-146,15,288,-87,-17,-137,27,122,397,-77,196,285,46,58,-120,34,320,-43,280,127,135,265,15,-21,72,261,5
364,292,-3,-52,295,296,380,308,-81,344,295,-73,-137,42,287,230,37,-120,51,74,-131,314,27,50,184,29,151,-73,306,266,-94,144,202,218,187,291,181,322,-124,94,41,54,255,-149,56,167,-42,152,-3,374,4,-45,264,383,-119,169,-129,339,-104,-150,313,20,192,-113,274,333,247,84,212,364,149,-15,298,-66,167,-75,-65,61,38,357,112,190,165,-129,254,358,-138,86,322,-107,130,201,-96,390,-71,178,358,195,352,248,173,-107,399,-39,117,165,63,356,199,-136,301,-61,20,124,196,-31,15,131,64,211,347,166,351,54,209,337,289,134,-136,190,-9,324,133,-115,243,31,242,69,231,297,-68,-94,28,168,166,172,-123,-137,95,383,72,106,71,-97,-39,324,-66,-83,-24,43,-50,-80,-85,53,-20,-150,-116,348,-15,110,161,136,-61,106,246,393,302,156,3
-59,240,229,-93,310,137,343,-133,23,369,70,131,379,280,339,291,193,127,329,-52,258,277,6,368,233,130,369,236,136,305,-83,-16,-9,267,46,373,-114,132,-66,226,395,-134,120,387,-52,-11,357,-129,77,62,202,-77,240,100,389,315,155,214,313,115,337,362,-78,61,14,292,245,373,53,289,161,356,-44,394,39,323,363,-99,200,229,-58,308,342,-19,-143,205,180,245,67,196,356,208,182,-70,-87,389,304,353,332,326,152,53,-103,313,137,-145,193,201,251,33,307,370,92,-124,30,-147,307,-126,311,51,26,-114,-68,26,61,59,-55,-12,93,70,337,144,234,-15,-75,-25,197,316,326,-45,231,75,252,-63,75,171,-42,230,50,224,-80,238,145,9,209,371,295,17,194,335,28,-12,55,316,-118,-21,-69,-41,-141,248,388,319,264,-23,331,303,118,273,4
376,292,72,275,215,-52,159,369,-54,340,246,19,8,-138,-31,155,176,255,331,-14,332,364,-130,98,202,115,251,337,106,399,-108,-100,-58,-146,-109,107,293,247,-116,229,378,236,-78,169,181,-144,326,167,-133,-140,-4,336,367,14,-30,-86,157,79,-110,-121,-63,135,-25,121,-100,-142,220,62,-61,351,203,75,-101,150,-72,23,296,390,-91,-82,185,190,219,382,325,75,241,215,200,-2,36,-26,190,70,3,374,363,90,10,297,-120,31,-8,189,29,176,-51,20,54,366,-17,366,278,88,239,324,377,9,130,-68,327,396,-36,-124,315,-138,264,300,-120,65,39,142,202,-8,-89,55,153,-27,376,353,387,138,-82,-123,-24,346,396,275,265,23,129,-57,178,-1,64,326,-30,201,-43,51,217,239,12,219,139,108,22,-47,232,238,-39,378,237,-143,-110,360,-129,-93,3
8,280,-48,20,222,202,322,99,-56,-101,215,-134,-36,153,255,169,263,375,120,148,162,252,286,145,-56,78,213,-129,71,89,49,392,121,-97,257,382,177,399,175,-9,311,112,109,226,252,20,199,376,332,-128,359,320,167,-50,147,199,-24,196,243,-3,-88,317,-8,120,250,317,103,154,378,350,372,71,-30,194,278,287,-88,387,94,-92,148,-31,-12,280,71,268,240,-54,388,-58,-56,24,75,398,-130,195,84,-82,-54,168,363,192,-23,28,251,268,243,83,-114,320,378,215,397,4,-103,16,271,301,318,235,-62,271,183,-10,21,380,-91,395,306,78,136,201,19,128,201,361,95,192,99,-54,232,359,338,108,-150,68,283,388,149,191,-57,59,-107,321,201,63,46,174,16,255,240,102,206,235,164,38,94,-6,381,182,-27,-93,-79,297,230,5,27,331,2
119,390,-41,165,6,-94,95,62,-38,171,-100,371,-100,92,201,342,-94,285,85,162,-139,310,322,299,274,358,200,251,311,151,-140,208,91,-106,-121,211,389,207,-22,193,165,281,-123,32,186,-63,292,390,275,338,85,-140,269,134,196,260,116,49,212,173,285,-30,53,36,-67,155,83,-144,367,60,115,-130,103,-53,82,307,-50,1,342,387,146,369,-133,24,253,-125,-37,71,-50,196,272,-128,195,-146,-137,-52,105,278,301,383,-38,394,177,279,50,-43,261,-22,-8,250,309,160,-32,70,-137,-34,-95,-26,-126,257,-58,7,68,368,-10,383,247,382,379,-103,-58,-125,-112,14,297,342,295,333,250,389,65,-120,346,105,33,262,-10,220,278,264,320,94,-15,41,155,-4,-108,214,184,30,24,-94,114,388,292,22,-145,-135,74,-69,106,-10,381,-49,-69,398,351,313,5
311,237,-86,161,49,196,227,199,253,239,370,-96,-119,379,40,202,-18,161,-11,298,47,58,241,332,312,-59,193,-61,-79,204,-71,378,288,-52,169,-133,58,9,-76,-75,164,61,172,136,110,212,97,33,-12,18,136,168,-63,357,248,235,134,146,-110,100,-12,97,231,-52,314,-19,-120,294,302,381,306,94,119,353,-32,-107,379,58,291,126,115,213,197,32,382,146,360,-39,-126,-86,103,83,108,-43,-87,65,-61,302,395,94,285,359,30,289,-134,330,85,85,204,-137,375,207,222,76,393,363,251,-40,99,-7,195,110,-7,-43,185,372,369,300,165,57,368,-120,82,-86,-90,-57,-11,307,32,148,-31,346,330,200,72,110,168,379,-19,-98,89,-123,88,-74,12,266,77,-14,387,-150,2,-63,-75,85,100,248,-58,171,376,3,267,369,-86,105,-8,45,300,-21,5
252,151,210,188,98,-67,97,35,270,319,53,-11,328,-34,205,3,69,-150,-13,64,268,230,363,253,18,-122,-111,-23,284,173,99,145,78,-2,312,138,90,53,45,315,311,267,64,332,46,67,-13,329,193,141,185,371,203,227,247,46,379,287,113,200,187,-10,78,-12,108,79,374,209,-72,168,304,347,234,-92,-74,103,-94,-88,299,255,-143,2,309,302,-124,97,20,31,285,179,124,-57,55,-93,-119,-105,38,381,308,-124,98,-102,378,-20,31,-15,275,170,-146,220,336,-18,-117,-150,-141,369,-58,283,166,398,62,-120,-41,1,210,190,350,300,329,39,-100,248,267,297,-75,102,190,384,-124,166,-31,6,143,-79,382,163,-5,-107,-79,29,193,370,326,-106,45,154,-21,53,193,164,-126,249,298,103,265,281,81,348,-31,-99,-55,222,33,358,151,-112,68,341,2
40,98,260,248,-65,148,225,-89,82,183,-21,98,-148,150,247,-148,285,256,246,357,277,-141,266,94,-132,-89,392,252,-109,68,116,88,145,314,219,272,339,192,-49,136,-104,-103,236,150,27,140,-115,259,-24,129,111,157,-123,-106,318,98,357,11,304,94,-22,-53,-37,183,65,254,232,307,-10,225,-118,362,114,36,-30,-63,387,222,-1,202,329,319,313,204,194,386,218,-28,286,115,251,-42,390,163,-83,-72,-138,27,-98,-95,174,-96,267,-16,-94,160,384,3,282,299,121,101,-78,155,345,-95,52,69,-11,397,283,239,170,338,373,103,362,-67,13,281,358,22,-3,177,-12,289,391,-91,29,-131,-41,135,150,53,117,221,-85,64,118,379,-4,4,350,-121,310,292,-15,-3,-4,143,306,155,239,-125,-51,381,210,-47,260,-130,52,316,-61,-80,217,1,-112,-67,1
54,165,0,-74,271,163,13,18,238,361,-7,181,8,49,118,0,110,108,302,147,130,-76,-25,287,272,165,230,-105,294,279,187,314,-64,202,117,71,208,84,-74,293,254,-26,360,59,347,358,19,151,256,286,272,41,252,-147,-144,262,336,102,150,306,110,179,20,-6,88,395,98,277,336,257,-21,-40,149,-147,-32,208,-71,-129,58,348,35,136,91,174,31,103,68,279,247,-19,339,45,112,144,141,-100,141,-40,349,137,55,269,207,-23,152,165,361,239,-35,39,212,354,26,-139,220,47,-42,-64,-62,150,231,333,-37,140,98,-23,-5,30,-49,256,155,144,-119,89,-36,-63,374,202,-139,266,-9,-138,-90,168,196,81,34,216,121,-112,328,67,-128,227,225,-39,162,15,366,57,-103,28,-114,-2,241,55,-14,245,386,23,75,387,103,-33,2,273,9,-89,2
-122,-53,-132,27,175,191,139,18,142,-83,181,-100,-92,21,327,-58,29,378,396,-138,-105,-147,42,335,-108,-62,299,156,191,187,33,-97,-7,73,172,342,293,343,149,397,-142,-16,392,159,45,175,178,231,-125,320,-100,39,238,-13,280,-111,252,14,53,337,190,32,189,-29,27,149,174,394,-121,337,356,-29,243,17,118,-96,337,284,-64,-97,-128,274,104,-19,-139,260,-137,-135,-58,245,286,120,-150,201,-75,-17,72,-29,370,157,322,-72,-23,259,372,-88,260,-112,-12,264,-68,329,67,20,395,121,12,77,192,-26,153,109,-91,316,339,-118,281,270,-15,8,-116,288,2,216,215,364,-130,141,-105,82,243,-56,344,281,380,81,249,73,-81,284,179,292,71,-143,-58,364,284,309,294,-102,-8,228,-47,-28,-120,15,281,246,356,-23,88,18,99,248,259,306,-52,278,1
141,-119,44,-18,165,-69,225,156,312,66,304,127,65,-116,383,235,99,259,240,60,188,88,314,179,141,92,155,102,283,-115,108,42,346,159,29,-129,-118,254,-22,-19,-17,389,309,320,84,-139,-45,25,35,138,-2,-46,98,163,-101,201,-150,393,44,-54,234,385,-4,-55,277,239,58,-139,-48,41,-85,253,280,160,-94,156,201,-61,53,50,323,110,50,343,203,387,162,104,295,-52,298,-83,382,-55,194,176,278,192,-122,-30,-2,330,132,264,113,12,180,-44,-35,263,119,304,-54,-149,23,-146,229,235,321,2,255,188,39,39,233,34,138,104,394,161,245,100,-91,170,1,-82,290,-116,22,302,9,388,364,168,229,-58,-65,-28,-139,-8,-26,143,167,140,89,-42,121,73,-87,100,162,253,80,393,249,-95,-60,148,293,-92,-67,252,-43,360,211,141,238,-124,5
159,301,-136,134,50,42,368,11,344,115,-81,53,208,-73,244,69,-98,-52,-128,-71,351,-130,17,106,78,-135,138,-129,44,308,-88,213,386,143,319,243,288,358,344,208,189,209,311,162,231,61,-135,-83,171,152,49,-39,177,212,273,176,123,386,-62,254,-56,154,275,157,169,-36,-26,279,-108,234,-62,-91,148,112,239,277,-149,246,393,390,-18,358,201,315,378,248,293,343,138,115,24,212,-129,-125,140,394,371,271,45,-16,265,290,159,188,-36,222,368,183,-114,155,230,238,-97,114,84,-121,183,37,108,1,58,-69,348,210,119,318,116,132,-147,139,273,-80,123,357,380,-8,-11,397,91,245,-7,69,21,149,292,263,-135,-142,-26,-105,123,277,63,347,291,172,-67,278,281,-69,-139,56,203,-106,296,41,229,250,166,262,-62,-147,63,1,-132,-110,344,210,5
-10,-85,-87,305,-11,390,262,63,135,-138,-21,394,289,290,107,-26,-7,-91,76,289,-20,29,377,337,308,79,23,136,-150,288,391,377,-83,-63,17,-134,225,312,248,260,177,94,-34,305,109,298,130,332,-15,282,250,-123,367,-84,29,-111,-77,-73,-136,371,245,142,119,258,286,7,72,348,231,300,-146,-62,56,-110,-65,268,132,117,266,1,3,221,203,325,125,27,-33,89,135,332,242,252,11,-7,184,-120,29,248,299,319,103,245,-35,139,87,125,-73,187,-116,-88,22,-120,390,130,73,72,111,398,-6,136,-93,254,-21,112,196,-1,-147,348,150,-52,-59,351,219,162,345,186,25,65,-93,234,206,43,30,111,-89,-115,305,388,-73,-41,316,68,316,324,162,-10,99,-37,6,155,-95,-6,-122,-95,81,-99,363,138,36,396,309,8,-125,154,165,90,-29,236,4
-149,80,214,54,296,156,-81,113,-77,33,-86,20,297,396,45,236,-63,160,186,2,164,317,156,391,48,132,-18,33,256,347,56,94,185,356,-55,-125,-82,371,-76,202,185,277,-149,268,-18,53,-26,73,168,133,67,-124,-44,112,212,152,153,-28,228,148,-125,181,99,-101,149,-24,362,140,173,145,283,373,-36,49,100,18,293,264,137,-3,-68,24,71,-78,37,344,29,7,392,-132,248,171,192,20,199,360,82,282,120,-37,58,-142,286,-46,198,220,275,-93,106,67,-69,274,221,153,316,19,-43,-39,73,7,-91,333,377,108,-66,276,0,271,210,269,222,233,24,135,-75,-109,271,73,273,86,168,-104,235,28,73,-149,14,290,-1,-87,68,294,155,294,295,233,-111,212,377,161,-32,-99,65,296,9,285,187,116,180,234,1,-110,319,304,223,154,300,-40,5
-134,-17,161,382,43,125,-56,13,167,385,35,-102,58,75,30,239,26,345,-38,-30,-102,17,67,282,29,343,245,342,169,224,-62,225,396,198,283,83,-7,-84,257,-55,258,256,-96,-144,110,-145,357,101,247,374,105,-80,254,244,-145,269,-117,327,-58,190,3,-34,72,156,354,201,168,-91,267,163,45,305,-37,293,43,-129,-147,-109,322,103,265,-81,-44,106,335,79,381,-37,174,398,209,28,-149,250,-6,264,-95,166,265,186,193,86,337,174,349,360,349,-110,234,275,384,118,166,177,263,23,-65,148,-136,391,293,-38,-126,363,-86,21,3,241,-68,8,184,227,326,243,89,-105,-66,62,84,118,284,185,-68,35,-89,128,241,64,244,-106,-64,-26,94,-26,280,333,75,25,-76,369,-143,354,-99,-70,319,369,167,-82,196,-64,-27,135,-15,337,171,46,268,-72,2
-45,235,224,40,-16,125,37,113,216,-61,-93,-42,-97,105,229,-120,-147,262,149,-57,232,383,352,-55,391,-146,43,47,268,185,-103,319,337,-103,-22,230,377,381,265,235,-92,292,319,110,43,90,16,-107,18,-76,-100,312,245,154,180,218,325,127,143,386,102,-48,396,15,295,365,262,-16,307,42,211,189,304,393,133,69,-89,-149,102,175,369,-11,70,5,20,218,-139,-120,240,6,52,126,-95,384,-77,238,101,167,102,48,325,251,323,-53,80,78,184,-71,354,128,317,-13,27,-47,79,284,156,298,187,256,360,152,19,148,344,-9,-125,229,161,212,6,59,55,-23,95,110,-102,-47,26,154,-53,-82,-83,-6,-22,-90,115,283,394,275,65,348,33,212,-59,31,43,292,22,108,304,-62,-21,-145,-30,139,-26,224,-129,285,70,90,375,346,-8,-99,334,226,1
197,-50,195,152,49,151,383,-68,137,247,-127,123,352,231,173,262,-20,-70,44,358,68,335,310,-25,-65,22,-112,279,-57,213,69,-83,110,249,-61,-3,-19,-55,220,-42,289,222,69,46,375,-106,335,106,101,39,208,130,391,225,72,322,87,67,-87,36,255,-7,97,186,-6,-21,-32,269,128,197,323,-44,181,186,325,244,342,259,262,259,128,221,358,83,294,81,-118,288,-143,319,199,-30,37,-128,41,261,268,-14,399,-68,165,112,39,-34,387,-73,329,7,363,133,390,-107,353,85,-56,-116,345,30,-144,325,348,68,355,71,1,135,234,129,58,-56,394,-35,-91,-68,183,234,93,-32,-48,121,291,86,396,205,220,151,-80,-75,23,314,85,109,176,-115,211,289,-128,69,-123,394,383,38,301,353,57,91,-90,74,327,46,16,331,18,226,46,27,32,237,4
52,348,4,330,374,329,337,56,-72,64,278,163,169,11,-74,326,178,-82,317,321,-3,134,66,398,-24,203,240,-142,369,60,-50,305,-104,129,171,-122,245,-102,170,-74,-48,-143,371,379,-141,-142,399,240,-35,-111,206,-33,-80,326,287,-2,83,-82,17,286,280,89,-118,346,60,-82,-97,123,211,-36,108,-15,-132,71,33,175,166,25,-120,19,62,288,184,126,148,311,163,15,-23,376,-114,-57,-52,12,-109,-99,389,82,243,52,-149,235,343,-70,337,310,171,34,-99,260,270,74,-122,217,327,271,-30,281,354,-30,34,320,116,396,315,213,158,355,300,136,248,76,111,70,0,-124,364,252,260,291,348,210,278,119,26,-95,-13,15,5,374,354,325,86,104,302,124,75,232,41,200,258,42,63,271,89,-46,211,250,13,389,-34,242,-12,-104,285,318,308,-146,4
-71,-75,53,30,-81,-101,265,62,33,43,-39,324,-64,114,397,118,339,152,340,-34,367,-126,61,178,386,146,-95,316,-107,215,367,264,348,201,50,-30,195,-145,-114,340,75,220,-2,83,-60,-84,-117,28,-2,308,261,-147,153,190,78,-102,-44,45,155,33,114,209,-31,-122,368,251,299,390,250,8,303,344,260,253,151,-82,298,253,184,103,180,393,133,-6,43,-60,114,188,13,224,326,372,-119,-26,321,-87,132,-55,-42,213,-28,228,-28,25,204,-34,139,198,-5,47,68,16,160,236,125,-30,-85,-18,83,-98,54,-84,159,84,-132,-14,32,100,-128,180,370,-109,-130,-39,228,371,39,-51,204,342,-139,-108,-149,181,6,-79,120,-125,281,18,97,-83,-11,283,350,52,-98,27,391,330,264,158,59,204,33,10,8,301,128,-50,22,-42,209,222,79,-141,349,71,3
-29,133,-71,365,-34,45,384,209,101,283,-74,385,277,150,347,214,354,33,28,135,366,87,270,-2,75,-24,-107,189,298,264,102,-84,185,311,370,338,-85,148,293,172,182,-120,17,-46,-129,-26,268,-51,176,283,-111,217,372,-110,-147,322,-148,225,46,11,143,312,190,-147,227,152,260,-44,133,238,253,-57,394,41,302,38,-93,92,-72,155,129,-139,134,111,-40,250,162,-119,-62,230,396,388,12,-133,199,377,166,226,79,231,-22,-78,333,341,278,163,381,342,21,151,231,209,354,213,121,272,202,390,145,176,-42,160,-125,244,95,130,19,25,363,106,-17,352,-111,141,106,346,376,42,-126,192,295,-80,116,185,143,242,-147,-47,0,223,-147,273,-55,29,79,203,136,265,-115,278,396,293,376,-95,206,92,-128,84,176,-1,397,16,-59,214,-113,269,-2,127,5
256,103,112,382,21,-16,-4,-142,234,84,188,120,40,255,39,374,349,311,83,215,266,234,52,375,398,350,375,-39,-1,136,179,1,206,-117,225,320,152,354,193,-117,-104,381,121,283,242,213,236,307,362,288,112,72,82,355,377,127,111,-34,-150,-149,309,-81,43,-114,-134,-145,234,61,393,-6,252,352,-102,-10,362,399,-113,397,51,153,17,32,253,102,-149,361,325,198,350,-61,-57,166,291,162,-86,261,374,318,244,46,-138,53,394,-57,300,328,180,142,86,272,220,59,285,372,83,46,-127,-85,75,211,363,93,107,212,-35,-44,10,31,136,380,130,268,398,236,-93,83,-20,182,104,162,-127,0,21,-28,123,104,17,-67,175,91,219,122,297,-28,102,-126,327,340,361,-107,281,290,147,-12,133,21,381,-23,235,394,243,-68,258,196,396,84,395,-15,3
-62,66,96,357,-9,29,84,91,92,88,29,141,-100,265,333,276,333,-146,245,316,81,12,233,389,202,276,-52,378,52,13,398,-5,136,-86,8,-35,-111,132,349,209,-136,-4,-83,-8,78,352,284,-138,-92,303,199,-51,136,118,198,346,-95,151,349,309,38,211,45,378,-3,-58,322,255,307,58,217,291,61,363,134,-145,-3,316,-129,284,-137,226,367,126,255,31,215,150,353,159,34,-71,52,-103,318,147,128,31,328,281,241,-101,242,174,278,2,200,3,189,-145,330,317,165,-140,115,316,260,331,225,-3,-105,-82,-88,9,17,-59,127,171,140,-124,296,226,-122,12,-114,360,-147,218,97,371,391,240,-33,-150,150,231,146,173,363,122,337,242,149,289,-72,280,37,394,-149,-91,253,-29,-69,141,-33,-6,230,10,-94,75,31,265,164,369,219,-146,19,211,2
29,30,-138,61,-36,-115,388,78,-54,-60,66,-31,-18,-100,-111,132,356,336,58,31,227,52,370,116,-81,-121,72,320,182,-33,270,309,181,100,333,222,58,-10,135,-31,133,0,154,263,50,217,-125,229,186,107,353,306,247,180,194,321,316,-86,210,225,249,203,154,268,382,6,87,220,365,-60,142,-41,227,312,249,309,322,-123,-91,222,94,272,91,-122,378,-51,-140,272,307,116,260,32,-46,367,263,-133,144,183,155,30,77,397,-142,-50,52,281,101,197,221,392,74,-8,43,208,104,388,-7,296,388,268,1,-68,16,361,369,-85,17,371,322,313,201,320,12,170,-67,57,334,396,398,160,-130,-137,-5,396,298,95,88,377,215,353,207,382,-125,24,349,208,-133,274,65,85,125,314,318,91,-37,-85,78,148,268,81,331,289,201,115,175,310,175,394,2
335,360,68,-6,-137,261,-79,146,42,-97,50,237,174,90,-110,355,335,64,36,235,44,-123,101,-35,50,73,29,343,-77,346,21,289,-3,38,370,130,114,86,246,-10,64,132,264,-87,161,125,-58,-38,47,-82,204,-11,317,201,215,295,224,96,362,93,-69,-45,-45,342,175,-87,-120,327,-49,134,66,-112,-117,-1,-93,-88,36,-80,-25,-145,397,86,352,287,-81,-117,6,111,-86,241,177,-1,-42,377,342,177,-37,346,-43,-91,136,231,-126,92,171,375,155,-63,-126,-40,385,145,103,295,367,15,263,242,81,138,95,216,12,-53,-55,59,359,76,281,-38,-97,98,-113,310,184,301,160,79,264,231,134,391,60,127,346,286,290,-20,391,-135,348,299,82,262,-81,207,379,-111,-13,-65,129,-144,330,-11,203,34,30,376,50,-79,169,69,-56,-88,368,83,32,98,2
349,-98,-1,208,-66,254,195,231,179,194,303,295,96,45,379,-114,111,-118,397,88,251,250,-19,65,308,65,245,45,209,125,367,150,-70,184,130,-44,-9,197,291,214,260,-110,285,29,359,358,24,-35,317,-32,11,-117,-135,277,140,163,-121,266,201,311,-103,189,360,339,326,397,277,149,25,205,160,330,64,44,-108,35,290,347,-135,165,-96,-79,148,106,350,230,-108,-63,326,-10,35,-73,51,365,104,344,313,10,-10,113,297,177,200,353,179,126,160,342,-88,-120,-75,150,-123,187,394,133,-111,181,193,-93,374,-67,124,-125,28,123,330,20,296,-128,180,239,175,84,308,-51,193,340,115,1,-34,304,281,238,345,24,-32,-89,-141,-70,17,-137,-141,216,-105,199,-9,365,-83,98,237,-81,271,292,235,167,270,126,-25,357,217,-79,-80,42,364,351,399,136,4
177,-36,222,-126,352,322,102,221,106,185,358,-29,236,-103,119,19,90,184,197,40,80,196,183,288,-134,160,289,235,165,7,134,361,189,234,332,303,316,-141,246,201,71,47,310,-30,40,77,261,26,-7,258,373,19,134,196,313,138,77,341,242,-35,244,194,138,75,164,386,260,347,330,72,-74,-110,71,59,254,201,309,-94,-107,99,-71,40,72,-21,334,-5,-9,167,-127,106,-105,376,241,356,135,106,-47,-20,298,176,223,116,301,-69,244,-44,287,370,381,202,29,359,19,375,-136,-118,351,236,112,151,273,-110,93,-98,-82,131,221,334,107,155,-26,-83,225,-93,-93,-13,-8,123,-11,49,175,-105,-7,208,-35,262,-21,225,154,-102,-15,31,-149,338,23,394,371,290,-69,29,208,-99,-67,-119,233,285,133,131,272,372,84,-89,268,-39,-137,-14,-144,-128,2
162,304,42,-3,204,399,93,-143,-132,395,313,112,-130,-107,130,-21,177,-45,298,311,241,-116,328,0,151,-80,363,60,-59,399,-115,285,330,230,379,271,-13,56,164,314,-33,173,68,112,13,70,153,368,88,325,370,92,98,23,-67,-42,-61,-20,274,-130,390,106,-2,-40,162,21,205,332,278,-89,256,-82,172,114,-95,191,-131,-91,173,-8,314,147,-51,-138,249,125,39,316,102,16,73,280,225,-99,240,-50,109,15,187,211,-9,-99,266,145,218,8,260,30,186,327,290,71,-69,237,329,370,-84,388,172,-105,324,33,34,310,-137,206,162,390,321,206,-9,328,230,131,42,130,-89,156,-53,218,287,112,372,328,91,316,-3,-32,179,-31,34,383,-48,-138,182,134,-17,394,134,122,316,-91,223,192,203,250,118,111,40,275,345,-84,-136,296,151,379,371,271,3
318,21,-22,6,275,292,31,-100,159,333,105,361,38,373,106,129,154,330,122,130,-88,-149,351,212,-37,55,14,-76,281,-78,77,-129,20,79,221,338,32,-142,53,11,308,168,58,224,209,373,64,156,329,281,385,-97,-98,154,-27,17,299,-117,193,309,-79,-22,-141,-51,146,368,339,9,-32,-55,352,208,-65,120,82,-46,334,-10,-129,-65,198,-132,85,-51,284,47,119,264,323,-36,147,364,242,-70,132,375,206,337,25,49,244,166,-65,-118,211,21,284,172,89,127,308,-9,83,123,184,59,308,-91,138,190,-34,10,142,331,313,105,23,237,120,84,233,311,196,43,98,6,366,-59,363,-1,-89,153,238,-19,334,-70,-101,-36,281,246,131,284,140,85,88,132,139,345,-57,70,-32,1,-134,101,273,57,108,128,193,305,318,314,98,260,231,148,181,66,2
159,144,200,19,-121,19,203,268,-67,348,265,-103,310,88,52,105,385,301,269,43,71,47,-99,257,-109,395,320,178,360,187,122,104,367,-117,158,14,353,352,53,36,-37,-41,64,343,172,265,-147,336,259,179,38,-6,-98,369,7,351,251,369,313,-125,-2,-103,295,-108,254,-147,-102,100,-75,-109,181,17,155,247,338,229,-67,145,-77,-36,-124,287,333,58,276,-44,292,357,387,-93,241,175,99,-101,175,59,111,307,246,-114,348,-96,337,116,76,315,-98,-125,232,41,146,-29,-59,226,186,-78,322,276,-61,127,346,123,296,346,80,375,89,324,303,265,-71,-43,354,-140,386,308,188,-77,239,136,-135,-49,174,-140,-146,-11,55,243,-148,189,-9,124,216,185,286,-45,51,-6,326,171,1,139,5,248,220,159,-67,194,-61,359,141,101,95,19,214,127,63,27,5
140,-14,81,325,189,235,-106,-110,-149,-143,343,59,162,63,347,57,20,140,360,365,182,151,376,214,396,195,293,-96,-111,174,380,-35,245,284,-117,143,65,56,129,-87,277,119,8,-97,-18,-51,135,36,55,395,93,211,132,289,53,126,330,8,-91,7,46,362,230,157,250,69,346,133,-3,-138,-41,-75,35,97,141,197,367,-30,25,161,256,127,276,53,206,-26,294,55,-28,-57,128,139,-104,364,389,187,395,215,-108,373,139,215,62,105,335,103,50,123,317,-149,397,217,-29,-34,329,-126,151,189,298,-63,83,-141,113,359,10,199,249,12,225,212,-55,215,-95,13,229,-130,-83,-88,166,20,300,-85,99,65,-112,10,-6,15,34,321,-145,256,-77,81,256,365,205,-40,248,157,190,55,149,-145,-128,331,232,22,-132,-89,200,169,-132,56,346,23,-146,383,5
224,394,18,222,59,319,165,393,196,110,-26,115,292,244,57,350,90,328,187,69,147,-124,237,-35,250,299,135,10,72,-2,343,112,18,195,90,228,389,78,107,291,305,21,269,19,296,120,-60,107,-15,271,116,255,-111,158,351,-132,241,367,-105,272,232,-83,308,43,55,314,-42,-129,308,-23,67,213,146,247,-13,323,-129,-50,56,-37,153,222,69,196,314,258,109,-14,397,-2,205,173,352,89,21,-96,239,232,284,183,178,-52,-28,-76,62,-23,144,372,59,379,-93,0,322,88,188,292,-124,313,-45,288,-76,229,302,37,-130,17,165,-75,75,104,361,125,35,268,272,-43,380,283,-114,-51,282,82,-40,342,162,164,98,50,331,289,-128,27,163,-126,135,-12,326,328,-113,228,-104,237,269,-36,77,322,197,355,255,-136,-130,382,373,31,375,-3,-32,386,1
43,-32,64,-42,306,0,365,261,211,286,112,206,40,89,176,382,334,113,-21,382,-3,53,236,-85,-41,247,38,261,177,98,391,250,97,135,231,-135,-133,16,337,-106,-115,350,296,66,-4,74,-91,-145,-124,37,-95,187,116,-126,-62,307,279,130,345,367,150,128,187,394,-76,35,-45,389,236,358,125,-59,281,125,187,346,193,135,-48,389,299,348,184,138,388,-121,-67,218,99,399,193,-86,312,249,238,-94,308,-4,83,24,68,-132,224,-110,324,142,214,-31,151,-101,342,101,220,365,298,289,345,331,335,178,102,16,101,105,379,-80,35,345,10,85,11,124,353,9,-139,55,182,74,261,-2,217,315,269,184,246,220,323,-141,85,307,58,333,-71,-94,359,176,281,-62,270,116,-80,-1,371,-41,-68,57,32,169,-17,-145,-133,140,-38,260,-122,69,69,32,5
195,-67,249,54,141,93,222,348,390,287,34,11,185,392,218,223,228,-64,325,-49,179,296,-48,-19,350,290,-144,327,-145,-114,66,380,165,70,186,-52,301,-22,-71,-62,-111,109,-32,91,128,213,80,-40,-70,25,374,340,175,45,67,126,307,289,-67,-67,194,240,112,314,132,315,-67,235,86,379,177,384,232,292,341,-102,-28,205,397,-70,275,-39,88,203,247,260,26,-34,49,-50,317,147,230,-69,394,299,240,152,-45,158,268,-46,328,-28,355,-53,0,35,137,-72,221,335,79,220,328,222,365,355,323,-27,112,204,11,133,332,366,-8,266,-123,-123,222,225,169,301,-124,-141,119,283,148,152,-106,-58,-86,378,21,-94,359,60,301,100,348,30,193,176,-61,-137,230,53,150,228,170,268,265,394,174,138,257,-10,-116,124,31,40,115,331,306,292,170,-80,4
38,59,41,37,-36,375,279,335,60,116,48,-13,56,52,-121,156,246,-61,252,386,127,22,66,265,-96,41,-115,-31,330,264,112,87,212,150,-111,174,279,85,-107,346,45,101,362,-36,68,62,66,65,389,176,180,37,-71,259,-8,-117,375,302,-35,-114,351,265,-14,-114,350,-87,113,377,236,244,-69,330,384,-139,350,69,166,396,-22,71,227,51,82,90,189,309,28,174,-64,377,215,-60,-137,-122,200,-16,277,183,293,331,179,249,-104,270,8,361,163,191,230,-54,-1,-120,18,-142,25,266,316,138,302,296,352,158,220,137,41,274,316,-105,255,-51,2,333,-74,-55,-32,91,-132,-73,-130,-101,-90,185,206,-79,198,284,283,-94,46,385,104,31,116,74,-58,-53,160,-103,18,321,272,62,243,158,-42,350,-73,361,-101,-39,387,399,378,221,349,-98,-133,117,3
303,244,104,18,320,218,-18,45,14,101,-104,239,-129,390,-4,55,-104,209,273,260,334,374,341,103,351,56,184,130,-66,276,-96,322,90,-123,262,194,317,268,234,23,208,-127,252,-132,-98,-47,192,-99,218,69,206,274,277,117,100,305,280,43,-130,-76,-118,374,56,384,359,-24,-91,-38,-131,316,-49,77,148,305,43,359,319,-81,327,73,131,53,49,127,36,50,-49,53,158,-105,32,-5,122,392,360,73,-132,158,19,333,397,195,61,183,286,-114,78,-76,265,266,279,186,331,271,40,85,329,-128,133,-7,374,232,346,1,335,-55,156,387,276,-72,-71,-150,-123,377,72,249,-108,-127,-94,22,118,149,390,0,350,39,326,10,-24,382,135,246,366,-87,14,181,117,163,317,-57,240,232,-25,-38,251,50,399,-87,-101,111,30,348,354,231,309,216,164,255,1
270,371,327,-93,323,110,-4,221,-35,272,-28,-150,186,-43,252,388,-6,288,-70,243,-57,7,387,302,-130,161,113,9,297,277,202,291,-145,205,252,212,251,-91,17,-114,-118,125,273,-11,-102,208,-91,-85,133,316,285,-140,20,25,31,-109,93,-118,226,173,297,40,241,209,-14,-11,-93,149,-40,15,206,-41,217,44,204,36,240,350,-30,259,309,313,42,289,-88,259,163,-124,174,-113,-104,346,89,382,356,245,-26,180,214,-29,-62,385,-142,166,170,-9,339,-58,-131,22,189,7,310,319,-78,197,-128,137,186,-89,342,278,279,284,64,175,-83,-128,297,138,77,55,368,88,398,311,146,336,281,307,294,116,163,60,-8,366,345,214,150,121,141,-106,-20,-45,270,113,-150,316,-121,301,232,-66,-123,32,167,-136,-54,198,356,-108,112,-16,-32,69,83,252,388,-3,3
8,363,62,203,179,161,13,-36,384,-112,175,14,-42,43,46,119,-68,214,97,-55,-62,196,179,203,257,28,-64,106,311,79,86,116,-80,-60,326,36,373,-60,29,-86,-97,202,173,140,-146,-143,-100,-117,-110,125,4,-78,-135,-73,50,112,4,304,-138,104,354,252,211,87,35,243,-13,148,-100,283,362,381,192,40,159,-105,247,-75,360,352,31,-19,205,296,126,-128,377,375,-33,-74,235,316,-81,-73,-11,263,365,70,81,271,337,-107,130,-77,-53,352,-71,109,41,278,226,-138,124,114,67,233,71,10,102,330,136,53,52,218,27,92,383,165,50,233,389,166,189,-16,73,137,38,356,-27,-122,132,153,158,120,201,-149,120,21,116,300,11,285,173,-12,147,206,26,-140,103,-140,302,320,328,-10,-127,-133,296,80,293,309,113,79,264,205,281,-55,186,150,3
-64,364,-128,325,323,-79,33,244,219,-144,114,306,172,333,371,346,-128,-133,-18,89,195,57,-71,342,397,134,-76,384,158,341,-73,-76,374,262,-2,203,241,350,61,-112,-70,272,142,48,278,234,159,264,-32,257,364,359,395,-141,175,-140,390,209,7,107,-10,195,85,14,-2,302,295,-80,-28,384,194,376,150,246,290,217,-49,270,378,316,127,219,383,248,-50,-118,-116,58,224,208,325,64,-64,383,30,110,247,-59,113,140,172,249,166,142,-40,351,-11,-1,-35,-19,127,99,357,-44,313,341,204,96,150,164,-13,-116,284,-12,319,307,183,39,78,306,134,-124,21,319,121,112,-146,105,112,-133,246,182,26,121,188,129,158,324,369,-117,356,297,25,195,274,379,93,105,-122,141,-124,-47,112,351,27,3,-40,113,94,270,262,30,-122,226,142,-135,364,334,5
128,117,-118,247,321,51,149,0,177,74,-17,22,-10,-61,-38,-52,-81,208,136,268,-132,365,367,354,358,211,-82,32,21,200,352,200,-30,-45,391,33,117,143,-3,122,86,359,240,369,262,-119,81,54,84,289,294,-11,343,-78,172,-31,-24,-49,79,291,65,-13,309,213,219,230,-100,-115,359,53,57,-18,57,-20,273,224,116,-105,346,-124,133,-90,270,-116,124,158,59,334,17,147,319,-46,140,-57,293,223,27,337,-96,33,-47,-1,192,127,212,298,302,58,331,328,267,184,371,86,-17,174,279,197,-68,14,56,341,-35,215,134,-96,319,160,272,-132,396,361,90,-95,141,376,31,-143,374,174,323,-84,369,-125,337,200,-68,24,-3,-106,262,-140,362,106,302,-96,344,385,78,-31,135,60,16,-111,164,89,158,-66,128,50,-9,392,367,308,85,318,123,193,1
-29,175,395,49,136,229,107,47,-69,-74,291,113,138,287,180,-16,-126,252,165,269,42,-48,339,332,372,151,-59,-80,-73,190,111,333,8,-37,68,-128,195,-115,34,396,-101,300,95,19,-2,7,-113,-109,-125,320,-58,341,253,308,-17,388,71,-71,266,56,329,190,-47,3,-35,324,297,165,-118,372,357,19,-140,237,-104,114,19,19,-22,-18,-39,-53,331,-39,-134,207,12,-49,-40,267,221,231,92,225,207,46,-139,115,263,308,181,260,-3,-124,51,196,267,211,256,-135,27,385,169,68,-75,330,203,85,74,389,-56,71,-15,344,35,108,-4,118,46,116,199,38,153,356,-57,-98,19,-119,-33,87,312,-9,-113,215,39,262,125,150,230,-8,-31,75,-120,-126,353,363,-21,30,299,72,394,321,-33,234,-61,215,254,157,-91,366,198,-124,389,213,-137,124,234,97,3
167,-122,17,96,112,-67,100,179,200,314,175,-82,264,-20,123,288,-132,39,119,188,294,205,99,355,15,146,-20,336,375,125,-123,-75,141,230,247,-6,-143,118,305,-110,284,182,122,258,-76,89,-117,354,-122,-111,299,-28,288,156,57,317,312,163,320,213,136,20,-115,197,106,297,194,120,87,318,-114,59,239,334,-97,-127,110,-38,91,306,81,381,-119,249,90,357,-110,307,-142,12,330,260,224,195,-141,258,37,197,71,31,-83,99,174,-83,192,97,171,-140,-40,-26,314,129,79,205,310,-61,210,286,334,-68,-68,72,-61,336,89,-143,359,-87,218,99,387,377,-91,394,174,-86,305,124,3,397,343,157,-22,-51,247,-1,141,95,-39,237,29,147,201,184,328,119,-137,186,300,125,-121,11,-27,-55,50,339,202,-32,-95,334,355,361,193,298,-70,215,57,121,4
-103,-18,279,321,144,147,187,-82,140,302,-41,352,202,22,75,-78,56,154,27,35,362,307,174,19,58,-10,221,-72,-101,-128,200,-72,-8,-123,211,117,-25,137,206,136,145,158,397,182,-36,227,269,-33,316,314,158,89,164,211,-73,282,37,-148,144,271,17,-127,169,-123,241,373,316,333,133,81,69,253,256,-124,334,76,23,124,-62,-23,357,14,57,100,127,-74,47,-117,213,215,315,103,60,33,-96,-71,61,55,147,1,54,-109,194,-55,138,335,141,86,210,-21,159,374,-141,347,-83,262,349,198,40,-150,80,364,-139,-125,252,353,133,398,293,97,192,343,319,398,24,319,192,395,188,254,343,167,295,-126,154,379,-114,-124,380,-113,28,294,99,136,88,307,48,331,-135,382,59,78,-125,81,265,272,19,38,389,-102,-87,106,397,-128,37,-100,-144,326,4
351,181,285,227,-150,246,229,164,163,151,205,206,-73,1,29,30,81,136,393,344,-98,82,-53,47,-104,-44,180,392,-89,143,-115,157,211,-8,106,-35,165,385,8,260,380,78,-139,192,-130,-29,-132,-134,-78,39,315,126,125,42,7,-1,158,81,111,143,171,334,-16,-55,-119,264,159,253,304,383,303,-75,221,-97,98,133,101,306,260,16,73,270,1,129,391,4,-42,300,-17,368,224,190,304,107,306,44,-8,-116,62,-8,373,-138,231,379,203,161,326,278,-121,289,-127,-91,281,377,-83,-84,44,143,170,117,60,91,46,-108,272,307,-13,78,141,219,76,194,228,205,60,242,322,0,355,372,204,267,116,271,247,48,-90,319,74,-11,127,-27,-81,342,-12,78,288,78,-59,40,-145,234,-114,330,251,-49,-58,336,235,360,120,244,-146,188,324,-41,226,-40,2
-110,202,361,223,-110,-91,-87,340,328,207,350,-42,44,148,363,370,80,311,61,375,224,-65,132,56,131,120,200,247,155,-119,183,142,269,191,350,362,103,-24,77,155,58,102,164,105,-30,88,177,115,5,-29,219,337,99,-71,-37,-99,45,37,388,-49,-76,392,301,192,-107,349,349,385,116,-114,245,39,338,-141,287,-8,393,-111,304,85,312,334,175,388,-27,155,-8,-66,386,-142,393,354,214,174,198,-87,106,-81,188,145,375,367,36,370,96,357,-46,319,49,213,295,139,242,275,348,332,198,51,303,134,143,-146,112,-124,-72,198,117,292,143,32,-92,-107,214,32,85,-109,258,225,-110,155,311,-61,-111,-91,356,-8,-91,-34,-85,-33,246,-55,214,339,119,211,-77,-57,267,266,308,346,-60,314,28,258,364,58,-40,-109,287,-8,-135,-47,279,-33,171,364,4
91,7,166,246,44,379,267,285,309,-67,-80,359,-71,-96,389,397,18,296,-16,338,-88,166,-117,321,96,314,136,232,248,133,21,-127,-109,-2,124,-39,108,279,-130,106,-30,27,264,368,-108,-51,37,42,373,224,130,324,196,-90,189,-1,357,338,393,-86,254,183,-4,242,390,152,72,227,-137,72,143,57,-15,309,-137,42,319,342,-74,-79,28,-20,-60,215,126,41,-86,-19,197,168,300,102,272,238,-149,226,54,152,-41,24,113,160,-43,210,-49,21,393,-85,-88,-80,-28,26,81,296,354,274,354,176,396,291,47,-145,117,75,395,396,209,308,202,305,353,-144,320,-122,100,28,112,-133,296,-129,287,277,-138,116,61,323,152,-133,197,373,365,215,-92,104,-123,212,352,101,356,-54,25,193,260,-138,35,-149,229,198,250,251,293,195,301,111,249,276,24,49,5
240,24,148,317,188,51,108,-46,345,23,90,-56,-48,-22,-66,119,85,399,93,62,-114,231,37,8,151,-20,344,94,-55,245,-3,256,377,265,-95,106,206,134,177,-63,-13,80,384,4,385,168,-143,241,280,-118,233,-141,217,323,357,-100,340,311,139,244,-15,56,26,71,-104,127,310,335,320,-129,44,184,91,-74,-72,161,-129,-70,355,294,278,18,-101,179,18,-60,369,226,379,2,-100,207,26,311,194,169,369,-4,-89,223,158,210,222,-148,390,-71,240,87,129,71,97,221,308,312,219,217,288,-137,387,-146,53,390,286,-71,189,328,-76,294,393,89,320,49,235,260,146,217,246,328,327,-3,205,191,364,238,-82,276,311,346,16,368,-29,55,286,395,135,246,224,220,354,-60,-133,-63,208,131,11,254,389,110,211,11,-64,160,260,-28,183,189,-110,-78,1
-80,45,296,180,69,32,26,324,209,314,84,286,-11,337,134,177,-100,327,135,169,28,-19,49,294,164,-78,-149,-130,311,199,-36,220,-134,138,180,353,-109,78,-19,336,-12,-2,237,88,118,136,237,104,121,-47,-102,147,191,161,327,349,83,153,168,384,215,150,-148,96,113,336,365,68,397,178,-38,79,243,74,225,-5,132,-77,145,-47,-23,189,312,347,262,243,-101,103,370,193,78,60,390,-100,158,17,297,164,-55,226,77,-113,31,214,348,396,76,187,167,-109,84,-8,381,34,251,173,-123,119,102,99,219,143,208,47,38,3,69,310,23,59,1,199,-13,36,225,241,96,383,290,285,153,-31,-63,255,282,325,398,-2,357,131,332,120,234,285,323,358,243,-25,25,98,362,181,231,-127,340,219,295,287,-126,-150,-93,269,351,124,50,19,146,-131,1
306,342,290,77,372,342,225,110,340,79,35,78,212,180,-87,231,235,283,95,114,278,176,-31,360,365,38,89,171,-64,218,174,265,124,136,-147,-119,202,-145,203,-100,376,389,-71,-130,-54,258,-4,253,-57,275,216,226,253,274,221,270,4,63,369,265,151,397,279,255,249,230,-39,-123,-34,281,313,66,53,99,35,-103,156,333,154,-93,-32,65,384,45,388,7,223,-1,127,-88,257,27,74,263,-65,240,291,306,9,58,259,-114,13,320,238,361,-11,-131,117,-45,322,221,125,322,89,199,-143,320,-70,142,29,113,266,-24,-29,268,2,40,145,-98,156,345,171,231,90,87,202,290,-29,-56,-89,-57,118,-77,214,252,-60,167,285,278,360,9,126,10,229,100,-148,-64,288,-141,393,85,182,316,144,-142,117,-145,317,-45,277,-15,50,126,369,140,339,-125,5
-101,233,259,293,-130,30,57,394,-47,-96,-108,-3,-1,98,30,216,268,150,110,-147,-8,193,93,-55,313,-74,-70,-82,22,-79,152,117,271,-28,353,346,-101,396,238,263,248,188,-49,143,83,61,189,218,-74,-61,-57,109,-65,245,-132,235,232,108,-35,-130,-55,298,-65,-44,43,295,336,149,179,-11,-109,-35,318,-121,163,32,325,214,132,63,97,246,18,250,17,343,167,377,112,154,55,332,243,298,52,-110,-147,142,148,399,-27,192,-127,310,346,191,-49,-102,-55,211,208,-48,-51,382,-29,301,194,185,179,258,178,133,110,79,-113,133,307,317,41,355,247,113,108,-147,296,310,303,-19,-130,276,-100,320,237,-119,-122,200,27,18,151,371,317,0,233,-147,33,-43,-105,-66,-18,18,315,159,237,182,173,3,55,159,230,-71,139,366,200,186,66,-123,-6,337,2
127,189,314,23,237,244,-93,144,-9,93,-28,58,260,319,-47,-21,353,175,320,126,294,52,131,224,150,206,89,-136,173,-106,258,-18,160,-90,110,60,190,49,253,350,225,13,103,-145,6,-83,29,-4,215,-133,355,136,-150,-145,-114,107,-93,84,281,320,149,149,132,324,398,7,-63,209,-8,-140,212,-39,-101,391,379,171,225,33,-86,112,-40,324,186,156,181,157,61,74,48,270,82,117,-54,291,132,1,162,278,-101,55,387,309,75,226,-50,-71,336,117,-104,-21,154,-7,369,357,-48,398,216,340,-114,270,341,293,-53,232,-43,142,217,98,281,-91,292,-136,156,187,57,140,165,-48,116,240,110,-85,362,252,24,15,121,-137,99,111,109,242,96,46,-69,7,-91,-52,-60,-6,28,103,-11,-140,-126,-55,383,84,44,257,214,218,-25,-54,293,-15,-69,88,2
226,307,388,51,60,340,66,243,261,-78,339,213,-10,355,45,-149,10,335,104,-119,-89,173,225,-37,-73,-133,-12,185,-8,52,324,288,292,-88,34,3,211,-66,35,358,308,195,274,-8,310,289,224,-100,79,-4,341,-76,181,362,-112,149,-130,261,244,-74,94,147,149,-67,73,64,40,128,314,-79,365,225,0,-117,330,119,318,365,323,-105,398,39,269,384,393,-28,-112,351,166,-8,-143,-61,189,-85,26,250,146,380,80,309,-140,-91,-130,277,0,358,374,158,-140,-8,17,88,118,216,94,-103,291,97,-141,282,-47,-52,20,152,-6,-65,259,262,52,-15,359,-48,-141,-71,352,157,284,-81,-129,227,398,-43,236,22,-61,12,339,341,399,299,-27,315,327,85,-135,155,353,269,228,38,187,48,116,53,-27,102,40,244,394,-139,237,28,82,-108,-79,322,361,193,4
101,380,362,148,-96,18,40,167,162,381,-34,101,366,-100,353,89,-110,295,-64,274,124,390,-29,-19,46,51,275,33,-147,216,253,247,98,210,207,72,-1,356,-28,368,-41,198,16,-117,195,341,292,134,-81,349,-124,173,213,276,142,27,389,331,75,174,294,184,55,86,128,282,377,-100,185,-85,263,337,-116,349,292,-26,388,-39,13,7,42,235,-139,176,-144,-38,-135,36,88,329,5,94,89,-1,-8,162,-136,181,247,-85,132,-107,58,-126,-108,212,2,206,223,218,249,-15,-123,-44,197,291,7,102,236,-82,33,358,-126,306,152,18,349,-146,16,-27,177,388,-43,332,257,156,132,17,-43,305,71,193,-149,-119,99,281,-54,358,-58,23,137,-102,-39,70,117,95,399,235,48,-89,-15,252,31,351,-136,41,245,52,-63,114,-130,265,61,121,156,197,191,99,5
148,320,117,124,223,-87,386,70,328,83,399,-51,205,254,-87,202,349,59,283,363,341,293,114,-129,128,-97,-109,27,46,113,128,310,-109,-101,15,27,399,307,175,271,-70,-55,265,32,104,133,239,105,134,165,295,229,155,297,344,24,-148,346,323,105,-125,216,-68,361,-91,-14,8,319,193,253,-74,151,381,192,64,372,300,291,-5,214,282,4,325,-43,-50,-68,114,-143,385,62,371,164,-24,-47,73,-96,-34,-12,144,-56,7,374,-31,221,-52,96,101,27,134,60,296,141,-3,311,-132,368,132,-35,263,103,75,-51,-127,-87,100,331,2,194,280,247,382,171,252,-148,188,164,122,-40,63,-134,-61,152,87,-100,61,332,361,-92,56,207,371,138,226,111,8,-125,246,397,-106,-126,217,257,68,298,262,-58,150,148,378,327,386,-9,101,162,379,48,6,-85,4
-11,307,395,-113,-81,226,-59,178,62,211,160,217,137,-35,275,147,-33,351,134,235,351,41,156,28,357,52,44,-69,-57,254,-74,-7,387,365,-61,207,248,254,37,182,271,-93,-133,153,169,57,73,281,39,247,-46,322,205,359,-71,87,-80,257,-112,-92,-118,384,-95,150,-55,254,297,63,235,21,114,18,84,-93,77,318,227,0,-82,357,-117,259,-143,-31,303,139,196,56,187,-23,299,25,-142,302,237,216,-110,-26,124,372,-146,332,96,169,-134,38,-72,-64,148,44,65,356,43,317,357,391,31,285,56,154,278,-98,285,41,143,-147,154,300,2,-87,-127,-86,-99,28,91,94,176,-126,155,77,381,31,261,351,207,-89,220,104,173,185,187,328,13,163,-12,256,192,117,300,189,320,140,356,277,30,84,129,-18,51,156,216,123,225,209,6,99,182,138,2
-110,-88,338,-71,-127,360,-145,291,97,-5,218,-31,279,187,-114,-63,9,-79,22,335,-119,209,247,-137,156,211,392,-133,-127,-12,-100,300,-137,188,-53,86,43,341,214,387,-132,-73,147,-45,203,-147,281,243,-64,369,208,-75,-133,-84,-38,382,90,-24,224,-31,190,379,361,-85,-16,253,21,311,-101,176,-127,314,186,-48,-146,288,148,-26,7,173,230,254,253,142,355,186,346,0,61,232,67,-70,224,72,62,-60,168,-125,85,144,-8,39,-93,-120,60,-47,142,-89,297,-104,-95,89,243,38,-9,-38,242,57,-78,116,-9,-12,248,21,-137,324,-148,163,146,71,269,95,256,313,73,148,-94,10,162,-100,37,-16,-21,-103,112,310,101,-84,176,295,354,85,196,5,-85,-103,289,269,385,303,311,-96,222,248,-89,341,321,-126,324,294,284,-66,314,311,291,114,83,244,3
341,70,-98,46,107,192,393,298,-55,270,160,-96,65,188,101,145,-22,92,81,-68,-18,-130,227,384,115,347,22,-117,294,358,213,190,-87,-107,-40,147,368,93,29,35,307,20,163,282,303,-49,233,239,-72,-69,84,70,321,66,279,382,-47,282,372,43,88,131,236,251,381,-92,338,64,-48,319,131,-11,176,294,202,213,295,379,277,137,269,269,206,212,18,328,-20,25,-102,272,354,340,-7,218,150,305,293,127,112,-86,229,91,-4,101,38,6,-140,393,41,-104,324,35,325,330,279,279,-46,19,86,224,322,-1,369,70,142,-131,221,25,-105,-27,71,131,121,-135,227,-38,164,271,295,100,-94,30,92,397,-109,312,-99,126,249,89,-68,-131,-29,207,238,145,-76,331,219,-111,215,129,203,-111,-2,98,-9,125,253,-122,308,315,-39,379,242,231,-85,150,4
130,7,310,265,317,193,231,-103,37,152,-13,338,179,369,187,90,259,244,-140,29,7,23,-136,389,40,-93,302,83,177,342,100,399,285,-105,158,391,237,168,294,311,197,274,114,-53,52,-4,225,-107,79,136,-15,-143,97,73,229,-64,359,-51,371,-66,12,-103,296,246,158,56,204,114,-81,44,349,85,209,375,298,-61,-13,290,379,227,-81,174,306,44,34,-104,25,241,307,219,205,172,337,192,72,-34,346,152,334,-98,58,387,64,100,302,245,344,64,99,95,241,132,133,241,277,303,255,80,81,-19,224,315,140,220,222,314,212,-32,203,337,-77,222,77,29,94,223,187,217,138,376,85,277,396,-93,8,-119,-43,340,211,77,-104,300,346,-143,10,80,188,76,-125,213,292,207,368,111,-53,354,166,92,-135,375,-30,240,136,390,292,313,91,261,3
359,87,367,-17,132,-53,-73,-134,218,167,171,126,197,93,296,397,22,-42,69,253,-119,252,66,343,385,189,301,-135,-4,392,353,-96,220,280,-44,-99,234,9,226,-79,380,195,-35,87,-140,258,266,200,378,77,346,90,221,83,391,213,-2,-21,110,22,41,128,311,251,308,165,120,-66,302,315,369,297,94,360,-12,174,358,42,283,174,359,197,0,366,192,65,357,186,-28,85,-97,221,-62,384,129,122,292,58,-33,-132,174,122,202,-48,-17,24,353,-12,-123,-45,96,-18,135,-61,-95,-38,318,350,-139,-16,80,374,360,311,69,-69,-19,-111,97,-100,32,10,144,1,188,168,83,165,215,203,327,-99,328,353,-94,-41,111,330,41,275,247,-54,-139,16,342,183,140,-52,17,343,382,40,85,84,-54,33,-36,242,-86,-90,64,353,-74,326,158,-107,161,199,3
-128,208,246,164,-62,99,-66,-81,175,20,272,-149,318,368,362,-142,322,-56,165,-29,175,343,291,154,383,93,109,-58,-85,391,185,386,4,198,-27,224,326,-83,228,291,329,214,213,11,11,69,344,362,355,-64,276,292,170,-138,216,106,22,-77,-9,279,-50,61,99,-104,245,313,-86,-43,390,-108,222,-134,-111,103,-60,205,36,233,-67,307,-136,-64,-141,309,260,295,-140,73,248,48,113,174,43,-21,307,182,370,313,-75,-147,-120,73,-110,43,27,152,189,255,127,334,-122,108,387,314,29,336,99,-100,13,119,-101,333,230,176,268,399,138,180,75,239,-5,8,-18,145,361,280,363,181,253,218,129,-78,215,328,-106,152,198,228,-100,134,209,-28,98,-137,-93,-118,209,-79,234,173,390,140,-49,160,13,209,96,30,-28,-71,-81,195,362,-69,84,388,-4,332,3
-61,229,157,56,-88,75,102,90,215,227,172,189,-21,-114,30,320,74,233,-132,-28,301,216,395,226,163,390,34,91,-17,-105,-80,-124,-1,299,47,198,160,58,-40,73,149,-114,301,366,128,147,1,275,350,44,87,262,51,-93,326,236,-129,344,8,324,253,192,230,301,45,240,-26,8,122,55,240,384,-28,100,-75,345,-108,134,268,5,291,-24,171,5,363,61,308,22,382,59,33,293,274,94,380,-103,-57,308,58,-55,109,33,239,148,38,87,158,372,-42,-102,66,-41,43,89,381,221,21,121,232,254,158,-13,-28,343,111,378,117,147,266,141,327,384,94,364,306,23,114,383,-73,283,200,-39,233,-97,-98,94,387,169,384,-28,362,-123,310,88,223,-44,-113,363,175,251,181,-76,306,5,125,-83,-105,155,336,344,108,365,4,-114,384,4,363,115,4
195,388,350,142,134,54,-15,165,-23,198,298,386,78,202,-136,32,-15,104,153,298,309,310,223,255,290,82,374,159,-46,152,175,177,-63,361,143,215,127,-64,-150,63,40,-31,44,38,233,397,337,121,-10,127,252,251,361,-103,388,342,-11,86,309,-65,242,342,92,129,44,89,343,151,131,81,279,332,238,391,276,89,88,29,22,-128,-18,-93,17,-139,199,122,120,20,-84,361,308,-9,292,186,-116,-121,126,67,143,222,-81,173,315,385,388,323,182,169,162,90,-4,-24,329,248,35,388,-70,-60,324,-15,387,79,-73,114,309,203,214,319,-11,394,227,217,-45,341,81,237,366,-135,87,150,380,341,374,-20,120,68,394,360,163,112,-107,398,225,-136,364,357,-44,203,-91,204,217,51,320,-121,-48,-10,161,129,108,390,-63,90,172,-24,-62,-87,44,120,3
52,260,-74,-64,182,234,171,-85,299,93,365,182,278,106,34,-84,-137,-141,-150,-106,197,276,372,274,273,-84,64,219,150,-14,78,359,57,-132,340,-20,-10,387,0,230,-46,47,76,367,-134,21,166,-56,85,-135,293,384,-83,-3,310,13,203,-83,131,-116,253,115,-81,327,189,151,348,365,-39,390,109,223,224,50,52,170,328,347,-51,152,-133,3,138,193,23,386,248,11,284,-46,177,-75,381,153,30,168,250,72,56,265,-39,190,246,260,259,158,-77,91,-31,-94,-139,223,298,370,326,69,315,-103,380,191,59,31,269,227,370,242,-105,92,82,392,224,32,35,106,305,318,-87,333,-57,155,108,303,207,297,-126,-95,-110,266,102,-45,-24,301,174,138,94,383,340,109,163,210,-116,349,91,240,254,248,299,-64,96,245,-102,295,138,36,389,-74,208,7,1
77,109,-138,234,229,385,395,16,351,-108,37,300,-58,5,162,162,392,66,7,351,263,9,-103,332,298,254,269,240,361,5,117,177,37,216,288,269,279,-57,351,140,-57,375,270,69,285,-110,-18,126,288,282,166,-17,28,-89,129,240,67,382,-91,59,-2,29,-17,252,-4,313,130,5,-85,271,-118,100,231,150,36,41,97,-63,-67,212,270,-38,-15,87,392,6,-133,-131,-36,221,-109,336,276,236,254,302,-86,311,347,173,380,-3,-39,242,336,267,19,118,194,119,-146,338,99,74,-75,33,-145,170,340,-138,162,151,-37,158,16,-131,253,-53,-9,120,251,131,188,105,297,45,-45,324,218,149,232,-11,235,104,-27,-109,355,11,174,253,143,361,-62,237,167,210,142,276,325,295,156,362,297,107,-21,340,-134,63,57,368,219,167,382,328,-108,18,343,-49,3
131,101,343,66,56,382,-109,-81,384,290,158,309,56,49,252,-116,-130,379,326,145,-77,30,110,255,-31,33,106,310,260,282,163,305,131,188,-9,13,5,369,154,74,106,-25,-18,241,193,224,18,-79,207,-148,144,377,-86,47,174,122,126,198,-20,143,293,-59,181,194,-15,283,306,71,59,134,315,108,221,197,238,109,4,-17,89,316,116,271,42,36,382,76,113,-34,347,38,156,274,55,-6,272,381,144,47,303,-74,204,215,4,6,109,301,8,278,186,176,141,382,128,-117,205,-51,117,281,63,221,55,372,327,143,19,-16,-20,184,218,7,104,78,157,58,-3,110,361,59,60,79,250,212,363,28,98,234,172,13,163,-112,-43,333,270,247,169,387,241,312,366,74,98,-115,-38,292,333,103,236,271,320,-31,56,-130,-131,61,222,278,169,166,2
158,45,33,-58,204,71,291,142,366,394,-50,299,-43,339,281,-111,101,269,0,-135,-79,370,31,299,-104,-68,-79,58,174,307,-20,44,-113,261,293,257,46,-81,32,130,-16,8,-148,59,-87,326,170,-36,360,145,138,344,-116,344,202,45,396,-77,307,-107,58,199,116,374,384,-77,133,250,383,187,259,22,118,-113,76,105,-68,282,119,204,-23,333,-85,326,129,120,305,-148,91,116,366,201,399,276,251,235,35,266,170,-88,322,-120,57,-138,4,162,-9,-99,-71,306,71,242,16,196,368,340,336,313,-34,249,-48,-55,312,394,-2,328,272,-135,278,-80,-119,20,263,-13,-10,163,384,303,265,53,-52,298,85,258,138,-99,-88,389,177,107,-20,269,58,-132,-58,39,102,316,77,-121,-34,-53,-3,30,54,-13,86,-43,341,171,231,104,288,343,-85,306,216,257,3
306,279,70,-15,-139,-21,201,322,394,-7,242,32,-37,-9,-137,106,321,-103,351,18,94,34,-8,104,-6,-47,-42,280,-141,-116,210,48,203,298,174,314,-103,125,-105,-53,397,88,362,-101,-122,-131,-122,-135,185,333,86,273,193,250,-3,-127,275,318,58,136,-138,198,-72,119,265,296,51,188,172,393,362,207,-42,265,299,205,188,97,-146,-140,-124,112,26,-109,-130,358,134,12,398,280,202,261,45,-38,386,61,160,-107,82,99,314,-103,76,350,387,-13,45,-42,175,-13,91,-75,-127,-78,182,-26,-2,318,162,-149,58,103,92,-121,160,-140,386,268,-62,172,-65,-24,129,-7,-13,299,330,122,290,52,302,-5,151,78,89,-21,208,388,212,197,-123,358,-102,358,199,-44,-60,-62,-147,395,155,129,227,-119,221,165,-96,213,265,214,229,-60,-83,5,-104,214,115,102,5
187,-66,377,13,-132,-114,34,126,89,-54,335,283,30,-14,-65,-32,-94,196,-64,-57,44,189,254,248,224,27,280,-67,127,356,224,197,98,310,228,-4,-63,82,170,287,-123,324,330,257,42,213,113,342,-149,-5,312,-26,38,273,-147,169,16,310,115,227,78,213,267,347,278,-36,-141,225,54,60,364,218,-14,222,-84,-147,-122,-120,293,-129,-47,299,21,245,383,354,210,66,9,370,-49,41,204,25,9,287,210,12,302,71,-22,370,227,154,173,279,270,213,182,-70,272,120,97,202,305,-97,81,362,-119,-137,133,273,4,229,120,322,295,-22,83,-19,388,8,-44,-63,314,7,208,240,164,-45,305,-85,211,262,11,286,-70,17,35,105,317,222,47,111,368,-49,-81,327,-129,147,393,137,111,305,244,234,196,182,14,-36,198,274,19,-91,-20,-138,-12,162,2
46,298,75,118,62,248,248,214,216,114,-75,107,161,373,100,161,350,312,-52,47,292,116,236,11,326,244,102,300,276,289,10,-123,-35,361,-94,76,-6,140,-109,78,281,-6,203,49,-86,-23,81,274,91,43,93,33,-133,168,-71,255,73,279,388,-68,-118,-26,2,-145,281,101,-58,-91,295,376,309,143,248,8,-37,253,262,306,313,124,395,1,218,-10,-64,357,117,385,129,58,376,27,201,44,358,221,-131,126,245,-51,213,252,206,107,270,115,137,105,314,263,119,-146,182,163,313,356,198,-48,302,25,-148,-42,-24,-100,-109,-122,350,-65,210,75,47,282,183,-67,4,236,-70,45,310,31,82,-84,194,211,-92,234,119,75,231,300,258,165,394,110,-48,121,81,-31,380,244,318,306,-133,-64,335,17,310,268,290,-123,295,-52,-64,376,-15,-136,42,140,3
-93,272,202,200,327,20,-88,60,11,231,331,170,35,367,125,196,244,-49,95,-149,-9,51,-73,75,58,389,-113,200,10,349,-97,94,237,355,-2,130,156,183,-138,91,294,-130,232,-90,385,66,-116,128,45,-96,-49,-23,1,166,-143,94,75,-135,-2,298,176,339,253,267,23,-35,5,142,2,266,10,206,144,245,334,55,210,91,51,-87,261,334,271,-44,104,170,-148,89,-42,347,358,322,206,12,334,116,279,5,-4,-31,123,369,110,-79,135,113,13,-77,210,189,-113,59,352,144,223,309,148,218,-69,-60,-79,268,-55,-142,-143,-22,-126,371,342,319,280,33,146,249,2,391,294,-102,323,181,147,-88,200,387,271,5,303,362,196,369,306,157,372,365,357,233,-114,196,250,114,367,106,-137,245,-79,175,317,320,96,-98,-102,-103,278,259,372,-54,246,373,5
120,69,-110,70,249,182,75,280,80,39,7,376,93,-133,163,160,384,-58,-43,193,366,192,139,308,326,146,113,-21,-114,-110,305,-115,55,-75,159,182,113,38,-29,301,240,278,-149,204,-71,137,93,-139,-138,391,216,63,313,150,330,320,-46,23,137,188,-121,-114,203,96,185,109,112,-69,14,-105,353,248,220,97,4,181,-98,44,144,-9,345,320,83,377,220,240,388,-119,281,340,243,251,327,348,-123,231,313,383,221,297,232,274,272,334,-77,2,255,-3,366,184,199,235,80,236,149,183,-115,270,-73,256,286,-72,295,176,-93,394,351,26,181,28,-93,1,230,70,-31,21,159,112,110,330,182,334,-50,54,296,7,303,172,164,316,164,-101,45,352,282,288,-14,98,117,-59,86,223,124,369,-133,387,-108,259,338,-137,-16,194,47,33,211,-144,73,337,2
273,-10,237,225,131,-64,199,34,57,220,365,50,125,-55,-86,178,145,17,77,331,256,298,269,-95,198,64,192,19,196,176,190,278,224,225,-119,287,-87,239,145,19,54,305,39,307,306,-150,-54,-108,-138,-12,344,89,326,345,100,-40,399,66,-47,376,247,-137,229,1,139,-43,197,-105,310,-135,-129,64,309,18,383,-62,88,-106,-57,290,44,361,288,77,355,287,375,-1,248,177,385,275,-111,176,242,331,-23,276,73,382,323,-90,139,-43,47,266,312,-64,176,311,-98,287,105,203,149,-16,199,84,-105,11,151,346,380,340,-121,113,-65,123,-63,-43,-99,215,369,246,12,43,197,322,234,28,191,48,-125,200,324,26,279,-6,293,318,38,-90,-103,239,374,262,-88,267,189,-45,179,86,129,236,-123,249,106,230,339,76,377,50,264,154,-35,342,-51,29,4
134,-32,-47,50,-66,337,116,-3,-77,34,64,277,68,164,86,96,-102,376,300,191,-12,369,-114,381,105,-129,384,-117,83,27,-104,321,285,356,321,-126,35,63,-78,-97,40,-135,368,4,-16,191,-90,167,118,164,60,-134,104,377,290,46,75,-132,-75,-31,354,302,294,-128,-29,89,-44,153,87,119,393,217,-51,33,-74,27,39,114,27,-46,104,-31,263,-1,-96,-65,1,-107,256,42,-114,-51,147,62,120,43,318,-37,-133,17,-133,56,103,358,309,339,393,-88,243,-11,-60,380,256,-140,154,230,52,281,129,144,114,362,-40,-128,370,343,248,236,106,74,167,57,-20,-135,9,323,261,196,25,281,117,268,-4,361,242,394,6,44,35,93,-48,76,-51,182,73,-88,59,85,215,185,264,92,286,262,-71,-94,270,188,94,-29,-55,-8,33,189,124,286,-41,141,2
253,304,203,325,144,191,274,292,286,296,347,391,160,62,306,246,279,224,362,363,141,22,327,16,-96,292,109,372,345,-129,42,-97,364,329,373,-143,149,-30,145,191,396,273,171,-28,-133,-117,-139,126,-91,323,115,377,254,-90,148,-135,-140,61,226,249,10,-65,322,10,353,-8,170,-35,393,141,-51,161,-20,-9,329,309,96,-56,395,72,-115,393,362,344,81,180,-76,169,-26,40,332,-75,-99,279,54,44,280,267,125,-83,-110,276,-80,152,-110,341,54,262,130,108,-121,-48,-93,365,305,252,-137,210,60,339,228,-85,241,-112,-87,-28,59,-45,88,352,321,344,184,153,223,28,-118,289,109,207,371,23,44,-122,37,36,-18,-148,199,-111,369,-43,33,223,287,-67,111,-77,158,131,-98,321,374,336,259,-95,384,126,-9,339,85,245,179,280,258,341,-58,-29,2
48,91,-58,-71,177,292,-131,-89,134,197,186,365,-99,-53,-121,169,148,201,75,342,59,108,273,-36,28,260,270,-125,205,275,-55,308,163,105,172,-4,212,202,346,-18,43,370,18,245,170,321,186,-96,232,-98,279,242,128,395,335,81,140,-103,314,382,143,158,140,119,163,-83,-113,287,371,-12,-36,331,355,186,45,142,123,144,94,-111,-144,309,-4,142,113,176,197,18,-108,298,70,96,63,223,-1,280,391,48,353,175,-71,-122,288,363,231,65,259,159,351,-142,79,-51,280,199,-61,392,70,338,-87,154,9,40,29,16,-75,-103,-20,92,247,-125,140,64,365,278,78,297,195,-36,229,-55,-9,30,7,-129,314,-57,102,-51,-65,152,128,182,347,79,30,213,294,-137,127,173,-70,236,271,368,246,201,288,215,85,198,-3,337,155,-32,-147,-120,373,217,3
263,-115,386,226,255,397,-20,-73,388,333,368,270,-107,-79,164,-19,340,-21,94,77,61,212,260,238,-140,330,-132,82,123,-144,-147,-2,-23,-110,239,310,-5,320,227,328,-108,-101,80,126,346,138,69,-121,-118,-76,98,-56,62,-62,-5,332,297,134,182,-67,107,117,179,141,240,123,281,-50,243,-19,-25,-126,38,-82,302,-104,132,166,192,305,263,249,197,42,295,143,320,104,-58,-4,114,-66,-94,229,54,30,286,186,7,45,365,14,-115,319,358,-135,97,239,89,-29,-36,61,93,101,81,94,-44,111,84,-146,43,-103,47,-9,-73,199,17,-76,255,262,-103,87,369,-16,257,-87,-18,47,325,376,-61,382,190,370,280,213,274,281,167,-66,91,384,83,-49,378,-137,-54,25,-145,153,337,94,392,-134,118,90,24,318,367,-141,375,146,226,192,90,-41,230,72,4
367,54,-7,378,23,328,-141,8,83,-17,215,2,272,397,11,177,-137,-102,192,193,310,83,288,134,176,326,-9,357,-144,10,-129,119,-22,-110,390,-106,-15,-17,284,85,312,-91,146,-137,44,-11,-44,-86,378,371,232,292,-1,211,-110,113,220,312,239,201,-28,242,189,-85,-87,38,15,171,244,108,320,296,206,193,-119,-83,-48,22,262,-87,23,364,338,-59,61,19,295,-121,136,383,-78,-142,8,-7,-33,-10,346,28,-23,-80,355,281,-86,-101,279,140,180,315,-120,-91,142,-126,-123,126,-98,354,-7,92,-137,191,359,44,-121,170,-106,-36,289,-94,-81,-75,198,-42,246,22,222,-15,251,259,317,138,369,-85,-7,360,148,-12,314,-107,-81,233,-27,170,-28,308,64,54,381,204,110,158,274,-102,87,206,52,48,173,128,-125,249,331,384,208,22,185,116,72,65,3
259,171,162,-72,95,-50,383,26,173,111,-129,399,-128,-87,194,354,44,-131,101,381,47,309,60,350,-39,386,90,248,338,-44,337,334,184,371,356,302,393,195,132,-75,-119,141,-43,27,-5,144,187,153,280,3,104,-33,-46,350,123,-129,340,222,40,-101,4,-136,354,62,360,-74,9,302,82,350,265,-30,158,210,197,-75,67,314,39,-61,185,73,247,220,130,276,-71,202,344,325,105,-21,-36,-88,-45,216,14,137,320,-128,202,47,25,394,125,317,192,3,-21,-77,-136,336,324,-50,272,309,119,-120,-78,145,377,235,-23,258,160,335,204,364,4,394,-13,314,324,17,331,-13,154,5,21,132,-76,85,311,62,145,-16,56,206,355,386,261,361,-71,303,-8,107,-36,91,276,261,268,-135,143,83,279,110,23,54,96,-149,219,251,113,389,-69,177,163,296,5
268,-114,40,34,357,213,125,173,118,209,328,32,147,188,387,298,-37,-77,195,338,-111,132,-86,161,30,119,60,-102,-9,36,-18,-56,-119,-90,394,312,-8,108,161,-89,210,177,-68,289,238,342,323,146,37,155,-88,-86,68,379,-133,28,70,397,395,120,-29,330,244,147,335,355,40,7,346,220,99,163,297,-36,226,-66,255,218,56,190,352,-23,297,-17,106,-136,250,163,176,-47,361,44,-53,135,347,59,320,76,50,-86,328,-137,197,-40,397,321,389,109,329,-6,225,227,270,295,323,-37,69,261,30,3,-65,76,-123,233,383,187,222,-82,102,372,65,292,22,377,12,40,365,397,187,338,198,51,115,369,164,105,90,252,88,107,37,-136,-52,217,-28,233,112,38,140,26,-149,11,341,396,149,83,-16,144,190,354,92,-53,109,-67,380,-30,-108,-87,2
186,120,-108,-77,381,384,306,348,179,286,166,245,381,386,-123,377,17,211,59,244,361,278,123,63,36,319,111,199,97,223,354,135,279,343,250,70,308,219,340,359,61,113,27,-6,291,319,388,-93,-50,-94,195,134,129,40,173,343,311,-74,256,-22,99,40,-124,242,-124,195,218,212,-105,281,275,86,52,238,-119,140,67,-66,67,50,-103,98,350,-51,177,364,-19,104,-62,26,-60,-128,-125,-36,258,362,13,200,220,127,238,342,-34,217,320,166,191,162,-2,172,-98,180,48,52,42,128,174,161,-82,359,-81,186,-18,165,361,-75,202,-111,129,379,-76,188,301,315,120,43,210,13,-92,258,288,-130,282,-139,369,274,-127,107,262,359,-138,368,333,205,360,-134,-142,-130,4,-96,-116,273,-62,360,262,-18,274,216,216,123,36,-64,337,7,317,210,18,292,5
-106,172,378,51,125,0,41,241,298,223,-91,368,5,380,387,223,252,90,366,250,167,338,-35,8,387,303,392,-139,295,-92,67,-114,385,-104,-29,397,341,354,-68,161,79,-71,-134,-140,227,242,-77,333,343,16,-70,-41,280,-123,397,202,190,182,-23,0,-129,275,-61,110,270,284,315,198,252,305,132,341,38,-83,-125,-92,-74,52,144,-117,386,-66,43,66,201,202,239,143,191,146,304,-132,-117,49,323,173,256,74,265,31,-74,326,303,119,-61,-75,38,15,221,-17,85,21,-56,73,389,-16,74,-132,-20,-49,326,159,-53,311,131,-117,114,266,252,144,-145,128,-42,301,-40,183,-127,374,42,-113,314,-7,280,-75,-128,337,239,99,-121,383,362,347,-27,300,334,-51,281,214,144,231,-132,126,-76,-132,110,373,342,384,100,154,-140,-56,-93,358,-39,273,115,28,5
308,-110,54,46,297,333,258,96,-45,-66,308,153,146,179,20,339,26,239,104,27,63,191,0,53,119,178,-42,83,195,356,134,36,-74,-5,-80,310,38,214,217,69,271,358,-33,5,287,359,150,276,-44,266,354,290,86,77,81,-143,149,276,186,-19,-132,39,194,186,-12,-93,-71,80,87,-148,-35,52,152,-73,384,355,127,129,4,-134,176,-26,234,227,93,203,270,214,248,-41,-95,-108,229,76,119,294,85,61,-51,38,-142,202,65,257,46,278,125,73,207,216,294,325,154,-84,225,-140,214,-19,137,285,84,203,-110,59,177,231,174,-70,336,-112,27,-63,154,304,345,314,125,324,150,307,94,-27,-15,100,-107,167,-43,188,-68,268,261,111,-54,-90,-75,221,77,80,348,185,287,-84,319,-93,204,276,45,198,61,-122,-9,234,58,120,-35,-62,118,330,2
385,267,244,334,-126,-46,265,-86,-122,308,-129,-135,80,206,77,364,76,285,136,396,-33,283,53,218,384,-86,338,-42,104,268,-88,-141,-104,-28,228,-118,-145,382,263,323,382,219,22,223,236,-75,-118,-79,152,31,140,368,109,98,52,-142,-8,-59,135,218,149,128,173,311,321,278,77,101,22,-136,-18,295,317,179,203,-64,266,331,267,263,1,377,218,-148,136,-11,15,23,337,295,175,158,139,306,-124,245,217,379,19,135,-114,147,-124,-45,361,4,-134,-28,311,-68,-31,22,289,102,273,-148,24,346,217,257,52,92,392,152,-22,181,-149,185,331,-85,326,-45,178,69,277,106,19,310,278,196,395,-44,-119,166,70,111,-54,140,387,145,103,-85,-1,274,164,76,187,-81,237,199,369,190,-129,-118,-133,-121,225,-137,-50,71,62,104,374,349,343,230,69,-70,5
54,340,74,330,-53,-24,62,55,272,281,170,191,-148,155,204,-99,15,97,371,-63,88,157,113,237,139,265,99,94,243,310,225,205,-36,356,169,25,228,30,241,24,388,178,-131,243,389,29,-21,35,236,-82,-33,-143,317,69,231,-108,24,193,107,82,-118,302,21,-63,261,281,74,291,-62,134,29,166,182,-74,-3,207,-48,247,394,186,315,212,-139,131,-25,34,154,261,-139,255,376,313,208,-85,27,187,70,148,356,250,259,20,114,126,93,170,-78,343,260,55,397,292,200,279,332,59,122,210,314,157,-37,280,197,356,204,247,397,12,399,114,-138,88,384,329,394,173,-90,332,-45,279,308,14,-110,-1,-93,-98,-102,39,397,14,339,-127,168,333,-19,-126,-120,254,102,-146,173,329,249,42,-30,299,305,75,-42,2,203,23,294,262,225,199,174,320,5
361,-31,204,-80,328,347,233,-64,213,259,126,58,-24,165,160,-26,212,50,353,216,173,-43,-134,359,104,148,-142,378,355,-100,-99,373,-57,44,5,-30,152,277,296,302,253,197,141,230,-39,-26,-69,103,-109,-47,155,-120,344,-71,-126,-116,-40,178,22,384,-60,-147,200,344,247,-40,227,147,44,32,43,259,-132,222,-118,-40,153,158,361,282,311,-9,6,228,380,324,-29,36,324,323,78,-20,273,299,-94,224,308,-25,179,-113,333,216,34,155,145,-111,69,-131,-149,101,256,18,34,254,-112,-56,156,382,-93,-128,147,147,260,-55,-3,19,232,196,95,-111,307,357,301,-19,-59,70,245,127,-83,-62,219,70,-80,241,379,-91,306,294,392,-38,367,312,-5,159,17,51,305,331,-145,384,-103,253,-64,288,141,215,150,191,192,-109,134,-130,79,295,270,14,44,138,1
153,276,-71,-131,-77,92,214,-143,-48,170,250,246,82,383,184,-104,359,-115,104,-98,-65,44,-122,17,254,200,-6,222,194,365,-91,208,271,300,254,143,55,-35,-107,64,71,306,-82,248,-25,-27,12,-140,219,254,-106,88,369,393,-80,78,200,-24,96,-44,283,91,362,114,-45,153,-106,123,290,376,12,275,258,-10,204,191,59,190,-34,276,147,237,295,258,343,-82,103,-59,341,-67,7,-35,229,44,133,72,-120,171,-56,379,-141,9,62,20,72,260,-14,-140,176,-18,82,266,-68,-39,137,114,244,12,-11,-101,-30,13,274,241,208,339,154,-78,67,383,266,-82,371,258,317,-100,139,-135,-83,-94,30,179,65,153,239,142,115,77,18,285,114,6,-110,215,362,-37,-11,72,271,-32,276,195,38,-119,5,4,-22,113,-128,265,367,175,282,292,355,33,316,182,4
-110,263,197,275,141,-95,316,-73,247,16,133,21,150,123,391,79,47,303,-20,368,395,-86,-72,-108,-89,221,-32,-121,277,-136,155,-105,145,85,135,135,262,248,-6,-77,23,162,211,67,-74,392,156,221,183,134,55,-137,225,161,-74,-115,394,284,154,304,123,-92,256,125,333,-98,-97,-3,130,199,231,25,204,249,52,-52,46,208,338,149,15,383,-70,382,196,-35,-10,-57,184,251,148,-96,52,-49,-46,54,228,31,395,190,381,181,190,-47,73,339,242,-28,-12,-34,-12,79,133,314,330,-38,331,-116,270,116,353,137,251,355,381,79,395,-60,222,170,44,-28,181,351,28,282,120,234,398,371,283,89,-48,264,218,365,-46,308,-18,255,274,244,-103,-29,162,273,101,154,-99,92,-74,147,183,12,203,-142,112,162,-115,-116,231,348,-70,179,9,257,-117,104,5
272,273,-8,26,-91,248,373,102,251,239,97,113,226,72,-50,324,150,16,68,262,229,-150,-22,86,-111,258,386,386,180,74,240,180,238,258,234,10,-108,-129,204,-49,364,-150,-12,-36,-134,263,-42,49,180,236,281,158,245,-85,42,198,384,111,210,60,214,199,-54,-40,208,42,105,129,100,-37,-126,120,-124,248,357,167,231,289,-129,42,116,-21,198,35,214,-59,342,170,-43,228,99,-133,23,387,385,217,135,113,23,37,66,323,362,328,279,252,364,319,-48,168,229,-82,277,86,73,26,348,356,94,1,273,292,338,-108,-48,244,-65,-52,264,-134,187,84,-105,55,258,-26,67,19,-139,399,366,318,250,350,167,395,-82,-42,95,177,175,58,212,66,237,247,37,312,-100,246,76,-47,-121,59,379,126,-107,209,72,332,302,306,298,-132,18,96,-55,-85,2
250,291,204,45,42,-9,182,217,394,289,104,398,216,398,187,152,240,-128,207,31,-120,276,-141,208,394,341,30,292,332,180,51,-54,-133,184,110,120,-106,322,330,356,151,350,111,306,149,183,197,350,187,136,140,-116,333,394,66,357,36,301,-44,357,2,80,349,206,30,-126,270,-22,9,312,153,240,172,-85,34,222,141,-77,118,336,93,-30,188,277,-89,7,50,12,156,334,107,214,200,176,-100,-35,235,180,60,-124,361,282,138,-128,293,250,-21,144,119,-83,350,390,323,380,-5,8,245,256,35,-29,-6,-129,167,241,211,370,359,204,399,212,87,18,364,385,133,231,166,160,-78,365,196,52,24,12,38,330,248,285,33,363,176,205,371,392,-45,-8,31,77,-9,350,-79,85,-121,18,358,373,332,287,46,366,-46,2,389,282,65,192,-86,55,2
-68,143,-54,-50,139,96,-9,63,-73,319,-106,308,53,-62,370,278,396,311,-58,151,-70,203,-76,263,155,120,272,314,4,-97,-149,-81,109,25,290,170,341,35,-33,152,182,313,201,149,56,-35,173,243,299,193,121,97,-111,314,88,395,95,357,314,-128,-12,384,174,285,336,166,110,80,-134,139,-57,324,330,213,-99,-28,125,281,-55,-53,278,70,282,326,289,364,81,62,-52,390,212,5,64,230,372,170,-91,294,16,106,81,62,-77,236,79,-109,210,-57,1,-148,113,-106,76,138,228,185,372,130,5,-18,-80,320,285,389,385,105,310,26,331,-56,225,264,363,309,159,354,104,380,-81,178,-35,-19,125,-20,-89,301,-4,57,-2,289,293,46,313,329,-2,293,45,-45,307,279,121,32,-12,-118,-65,-34,-76,-89,-29,-144,184,110,169,248,239,64,213,284,5
353,198,306,56,-127,158,-145,52,39,63,-91,371,-58,175,110,-124,12,122,368,120,335,35,352,308,-99,148,84,33,-74,217,54,-40,-103,-17,255,-64,98,-106,332,73,344,301,340,135,16,56,272,177,111,262,272,-40,277,200,-38,265,-54,-146,-104,250,138,155,6,169,-147,240,-2,121,175,330,295,-128,102,-97,107,-53,298,46,46,-47,-42,305,148,341,127,199,82,230,253,219,113,175,105,388,180,358,-92,-132,284,-67,82,324,153,-131,306,300,-111,379,202,138,291,34,243,277,4,29,41,31,-10,8,26,52,374,355,276,93,205,-132,353,60,-138,193,399,268,394,-68,196,394,48,243,-62,200,358,72,390,-111,242,72,262,-19,186,252,220,44,330,219,315,318,163,44,41,138,304,-80,8,-88,311,56,-116,203,-9,-128,227,286,-36,-52,388,-53,3
359,318,-60,-43,-89,-73,135,-105,-25,250,33,205,205,-84,12,252,180,142,-55,264,288,-80,234,201,159,11,80,177,260,148,-64,249,230,360,357,386,364,52,292,38,191,245,385,-138,220,-42,360,212,350,-15,-100,213,398,-70,20,34,149,298,144,53,-121,185,239,36,-33,-49,110,183,236,-36,321,135,-11,283,315,152,-88,277,137,199,22,336,167,390,-27,241,-120,171,167,270,7,188,183,124,-147,87,-2,1,-45,253,27,-46,-25,39,248,-140,-114,45,143,294,294,198,79,-64,382,121,148,1,392,75,190,-138,-36,111,-108,-69,328,284,-76,274,-62,59,-46,-107,-137,342,289,276,292,32,142,11,80,67,-131,275,-79,204,368,-131,99,65,35,194,388,54,191,269,293,384,263,97,358,-25,316,214,-85,139,62,189,-43,217,354,362,107,-116,-77,-141,4
40,387,346,208,208,56,231,81,192,-4,109,272,-74,180,49,-53,398,337,-36,-133,134,71,279,27,0,111,324,12,142,273,-116,17,90,18,-96,-86,-142,207,291,303,-62,139,396,318,353,245,-54,263,21,351,-57,71,363,307,205,100,26,245,217,-145,-125,302,-102,179,274,152,247,149,-40,-130,53,387,90,306,-20,146,-132,224,-11,207,363,298,275,318,156,55,-27,-4,109,-16,-110,170,32,-131,398,187,127,213,232,131,-103,269,376,294,23,-136,95,-1,29,21,153,104,147,-110,-48,-121,-26,385,149,158,-6,50,258,373,-67,150,95,388,135,258,337,-59,353,186,-125,-104,340,241,261,-8,314,196,83,288,-131,58,-62,-40,-66,369,122,139,213,243,72,-76,134,334,252,-65,257,-47,242,198,147,324,395,278,13,-119,-69,3,329,276,-17,165,-67,195,3
344,-29,-80,172,-61,258,71,87,9,62,128,297,373,301,188,72,20,-21,43,52,394,-128,341,353,51,-92,57,105,132,276,-11,288,-41,-14,340,151,270,188,343,-78,383,242,286,-105,23,-88,290,-45,112,181,178,-145,124,-96,169,314,-73,170,88,-38,313,-46,244,92,206,-117,-124,369,-22,328,-51,300,371,-72,266,230,96,262,62,-72,364,-70,-17,-74,146,-74,-2,302,161,305,199,257,382,182,219,18,320,-66,226,151,-98,128,383,-53,-29,-120,372,154,335,287,386,-107,255,-10,223,-132,291,69,254,3,146,103,353,19,112,195,290,291,-127,378,119,-19,57,133,-98,354,373,334,-38,46,211,35,296,372,274,287,310,24,-121,195,-14,287,188,174,-28,-54,33,64,-139,271,137,3,327,16,204,61,293,354,-92,238,319,-23,363,-85,138,302,-29,399,2
-122,-46,213,335,-101,-80,235,296,24,390,294,-48,215,-118,119,139,8,281,303,131,-35,-119,231,178,-6,399,42,254,-137,60,49,296,-47,130,379,321,-14,67,-128,331,81,16,79,-60,227,276,258,134,-1,-74,-65,90,-57,5,-40,18,274,-3,-100,9,166,-48,190,63,193,318,116,-139,202,-114,298,186,-9,-111,353,129,187,121,-135,-93,45,75,10,-94,52,-83,122,174,329,107,54,374,9,206,18,253,36,106,280,-64,54,-18,204,171,-97,311,182,50,121,245,27,-54,312,244,-5,66,97,-67,290,259,307,349,352,-47,-57,-145,331,161,347,-132,-148,-10,-23,224,274,-144,383,-120,-132,-104,-8,305,-101,358,378,395,147,318,134,221,367,-127,-3,188,29,-60,96,369,354,117,220,290,45,206,109,264,9,273,208,162,-33,282,103,276,135,341,287,51,5
130,229,177,294,-115,392,11,369,116,320,-81,-84,-11,372,391,86,101,-17,1,55,360,300,6,64,221,-23,155,173,184,0,-43,337,81,155,207,-103,105,120,355,239,-92,82,259,177,4,68,274,137,71,100,38,-6,290,368,137,-53,144,-37,175,81,-119,286,2,-94,378,24,268,258,-141,59,339,-23,3,186,146,-90,150,-123,253,-113,199,-10,-119,-96,116,372,-42,-115,87,-126,283,388,397,266,7,338,-85,33,95,359,115,273,162,254,161,86,329,367,59,-107,-42,-23,-71,-131,264,24,46,-147,4,304,-37,356,57,81,189,256,311,-105,109,168,11,187,64,354,340,61,262,166,-28,132,-133,370,60,209,122,46,134,395,145,356,7,389,149,393,142,-102,71,75,265,37,270,-62,-107,-32,203,380,-127,212,127,-84,42,47,147,223,280,-90,361,144,3
18,218,155,8,340,387,331,282,-70,363,195,-41,79,-4,-78,78,263,10,3,153,-30,-8,212,248,66,327,41,87,-148,264,147,293,-137,262,252,-80,343,101,260,227,266,306,-137,315,283,84,-44,170,308,176,11,-15,169,-58,227,49,-116,221,-4,40,68,-28,-109,361,279,18,250,157,240,31,231,-146,51,253,94,117,362,384,219,-11,109,-96,164,34,149,56,-79,-128,-40,-93,27,67,50,159,120,101,266,224,26,-99,294,-63,211,198,72,330,285,272,60,6,250,266,-108,317,238,151,233,234,13,167,-36,126,376,-101,-28,47,261,-6,226,104,343,-93,143,41,313,168,-140,232,327,-137,63,193,-86,60,-9,110,210,232,289,-83,174,172,154,-58,143,153,-121,255,295,1,-140,218,318,191,292,17,79,-62,147,305,100,257,146,-38,-61,395,177,251,2
139,87,345,271,219,-82,226,6,13,-145,-99,328,-31,-9,218,343,278,-27,243,119,-46,230,19,-24,335,83,-100,327,350,64,-21,-89,-108,-43,234,133,-67,-132,172,330,-73,-143,359,-91,289,291,-107,67,332,281,128,28,-61,120,190,122,105,-56,-67,-98,258,240,-60,235,150,-18,44,387,294,114,369,274,238,-43,84,-131,366,384,-109,278,398,-88,-38,-120,143,51,23,354,224,293,345,189,-150,216,262,-108,-61,-68,170,313,-110,353,-63,-52,272,296,81,34,55,127,369,362,244,36,89,184,222,338,213,132,-68,172,31,-111,-36,-68,102,-41,64,168,304,-15,-82,-58,95,34,296,396,-11,164,312,64,380,31,134,225,314,220,332,143,-1,351,-39,270,394,354,-90,112,133,207,-46,80,320,14,350,76,-17,149,-81,223,-52,89,145,31,257,-150,-104,-108,5
137,174,17,146,219,269,187,305,376,360,101,-123,225,-107,397,351,16,301,35,16,82,58,186,-7,-55,-130,-74,206,100,-6,-35,127,398,297,230,-26,150,84,379,109,333,17,27,107,28,78,331,77,176,72,-54,181,88,45,308,122,228,247,326,196,-148,-146,310,287,-18,203,345,370,133,96,-49,-26,-23,65,171,-89,39,86,-92,394,30,385,-54,331,314,356,-105,317,189,-107,254,79,378,124,-90,-99,-142,144,-104,142,235,201,186,131,230,184,208,-46,-83,-14,74,291,336,-124,236,42,109,-86,-51,147,-95,-149,360,278,24,-80,188,-22,164,-41,331,349,262,30,95,-24,65,-140,-60,127,180,39,126,269,94,341,250,-3,288,372,-53,228,157,386,-10,350,250,137,152,254,10,292,-39,-65,326,-28,89,16,-136,392,-28,19,167,36,347,264,-101,132,1
-144,183,71,362,250,166,-106,381,35,325,-101,15,-26,335,17,27,394,-87,-41,270,-139,171,-145,169,345,228,332,283,-49,355,-141,180,8,8,335,256,344,385,-53,-90,226,-136,68,68,-6,191,62,15,372,387,312,-94,10,361,65,265,1,268,351,-104,347,-6,-31,220,274,275,122,21,250,-32,261,130,272,200,209,346,216,53,-112,270,-137,172,158,104,241,391,88,-50,-84,59,230,302,362,191,232,78,34,279,334,332,250,89,158,116,161,-55,98,201,351,51,316,50,374,354,-72,224,50,295,157,27,-72,259,307,265,101,270,338,24,38,176,-35,320,327,-64,-112,378,31,326,259,235,278,117,-141,-138,130,219,-114,169,132,228,319,-51,112,278,214,303,314,304,218,-136,-37,308,-66,-22,320,-88,197,-143,-99,396,26,59,29,233,11,316,219,196,1
-55,17,238,13,310,7,-112,309,385,-147,364,40,241,99,2,244,341,346,324,366,-33,-135,182,142,154,43,17,-43,-138,-26,-125,-120,-96,105,169,-76,322,-120,-9,-94,65,-75,104,127,27,-52,16,321,302,89,334,-15,-69,-123,37,257,315,191,69,257,189,154,-71,120,-138,339,-122,248,372,116,-123,99,189,-92,219,-92,119,-116,364,346,-112,334,73,176,-134,-2,155,-109,-64,240,237,23,47,362,-26,136,119,321,222,150,36,316,39,-139,111,-119,-15,383,370,364,41,-78,44,347,45,367,181,203,98,-123,65,341,255,39,334,-53,260,222,5,208,-5,239,188,185,79,282,-57,58,257,-139,308,80,329,244,57,243,248,368,316,341,-52,-72,223,95,252,328,36,187,313,-132,0,20,173,368,-105,23,245,-30,127,-86,60,319,214,185,-145,-59,303,230,5
262,9,-72,-141,392,-27,251,110,125,-125,-6,-109,-69,160,361,-44,138,-67,363,320,1,392,118,341,132,145,150,-26,317,293,141,16,106,-29,346,-85,341,0,93,-36,190,396,-3,36,-49,285,24,-102,249,129,-58,117,-91,-81,317,198,157,-89,12,106,146,0,-36,283,381,116,176,237,34,345,331,-89,-24,-117,-33,-145,-57,132,-77,399,-117,-96,218,22,300,29,-145,377,20,42,151,293,358,31,63,11,286,398,338,-5,356,188,32,109,388,305,-34,-111,315,291,18,305,299,-137,152,180,192,251,-77,228,-104,-66,358,245,-48,310,2,-127,-88,10,304,-145,194,-35,46,-37,41,167,128,-105,47,330,259,296,79,-25,-79,140,220,353,156,3,9,220,-1,-34,265,375,309,-150,20,-128,-1,26,-28,294,137,96,279,-6,218,283,-37,-89,-127,-94,239,-68,5
342,-75,9,-87,365,16,-21,256,-67,397,286,-134,100,349,311,179,298,165,314,145,55,154,186,227,59,12,243,-131,250,-101,-59,317,50,25,266,-105,-62,77,-136,198,14,307,165,118,-4,345,154,128,-96,314,371,33,-35,209,34,123,164,-19,-8,10,279,101,283,-3,299,170,385,-9,6,-2,36,353,55,-70,-117,73,238,-109,86,61,177,357,258,151,-55,-139,-16,214,278,-19,261,-105,221,132,244,362,-2,64,189,340,46,-78,-148,-52,237,-135,197,219,118,45,73,-65,110,9,-63,206,280,59,-78,348,214,107,191,8,76,191,314,212,79,-16,142,326,-148,381,19,251,-22,-64,310,79,8,-85,185,210,103,254,-2,361,157,141,248,-50,178,361,234,-135,-112,345,-140,-121,17,239,340,229,285,313,-130,173,196,140,249,392,-92,379,142,-13,128,380,4
218,352,146,213,59,303,309,-59,315,317,-127,-8,62,-48,363,-13,334,178,-34,214,125,140,-57,120,-5,332,165,-141,-108,74,58,-10,336,-132,215,-112,286,-72,116,-54,53,249,255,58,35,-32,169,360,-135,254,-128,320,-67,200,-110,55,239,-114,213,297,106,364,-129,375,40,9,-19,226,-113,144,222,381,369,132,-45,347,66,-75,243,-90,303,-24,247,59,332,-61,339,-11,177,45,119,96,233,172,117,46,118,240,27,-114,-107,-140,316,370,225,-107,228,48,9,19,129,239,368,-13,-20,308,-120,-147,171,29,32,-105,72,-77,307,-12,310,87,-92,-124,99,300,320,-120,342,101,-43,133,-129,-40,-29,264,337,278,334,-39,189,-122,-69,51,-82,-117,209,60,195,-81,191,365,169,99,173,-149,320,388,374,76,210,-4,254,178,36,111,382,155,16,150,-39,39,1
51,358,-62,117,374,4,-68,193,208,-2,385,-48,246,89,-53,-117,324,80,325,-80,226,126,260,149,90,67,325,318,89,12,99,-2,367,393,299,-69,286,223,-5,-149,-34,95,29,-42,79,33,-85,-135,285,-44,91,-135,36,216,321,372,272,373,-17,237,159,182,281,10,225,356,146,-115,97,298,123,17,215,16,357,386,277,209,-82,29,102,165,-125,116,362,375,247,33,-52,-34,189,-101,199,221,109,189,81,-117,-111,15,252,229,169,62,-83,382,136,287,-35,323,-35,-28,299,26,218,-106,209,119,228,149,42,-72,75,13,349,54,136,386,345,144,-28,174,104,229,142,260,176,121,120,-90,37,-22,379,194,289,73,73,274,339,243,-94,136,336,-61,-12,180,204,289,262,108,-4,173,150,316,-41,-67,52,387,94,176,-150,102,-131,79,26,15,176,330,4
374,-96,237,263,44,175,289,80,226,305,243,202,139,386,-129,208,211,-49,-8,286,-150,-110,-68,314,240,87,-112,66,130,-34,253,143,338,-43,300,230,278,227,388,-84,-96,392,-17,257,79,184,-148,-117,-104,380,135,11,285,172,-54,11,81,-53,60,-27,-22,176,319,398,175,-148,347,12,-7,152,67,396,146,212,23,-18,37,287,-101,-133,26,-136,68,-150,100,244,307,-14,250,76,12,10,-72,158,306,132,86,286,-70,49,246,-18,-19,-45,213,180,-108,-88,98,343,279,328,375,379,278,323,2,-118,292,-23,190,235,111,303,70,256,-40,-93,203,110,95,24,99,184,305,57,56,323,340,26,198,217,380,-78,393,295,165,11,-55,-98,26,272,-55,-83,31,102,13,-99,-52,-27,382,312,277,9,302,239,94,212,120,-150,124,-1,387,293,102,288,24,-105,1
283,387,204,45,214,30,-122,129,-85,33,-141,-48,381,271,-51,205,85,31,228,236,-87,-58,389,-93,298,360,-76,49,-71,68,325,-110,330,-70,-39,62,223,150,349,112,195,57,-65,393,258,193,-50,-14,70,278,-44,298,-142,218,205,217,93,116,-5,-117,111,-126,-28,305,93,252,215,102,159,219,327,200,-7,-100,3,-120,294,173,113,-71,-102,-43,166,329,10,265,77,364,81,-57,-116,-125,48,299,88,-34,247,47,243,323,265,94,29,321,150,-147,323,115,330,333,57,-2,238,25,367,131,-4,27,276,226,146,104,316,218,123,254,194,-70,120,-137,13,233,-135,250,356,398,65,305,301,361,-84,-113,65,-128,318,-84,188,145,-25,-150,254,371,135,134,-148,85,-11,61,-107,364,251,-8,-54,121,-109,93,-87,-31,-147,255,227,175,312,302,-31,134,61,188,1
393,-118,105,-52,106,3,388,-105,130,-132,88,278,-12,70,268,334,-123,-53,182,-130,172,124,395,156,19,138,330,178,-130,-41,88,67,172,116,258,165,362,280,-101,-80,74,71,392,260,-39,-5,-78,48,281,-125,318,222,-39,-55,134,163,173,103,-120,-53,86,23,-117,136,324,39,-124,-109,199,370,136,17,-148,361,-6,348,19,210,276,86,299,-140,-143,-116,198,178,-21,255,-90,314,107,355,65,195,300,10,122,394,272,-39,218,2,163,279,-17,199,-117,153,-92,337,310,206,-41,160,-40,146,-48,308,388,294,283,372,199,-37,163,42,99,-142,339,179,-60,56,-72,309,136,-38,275,295,76,286,256,65,172,44,-125,120,288,-11,-97,200,-104,393,130,-34,233,14,317,317,387,158,303,240,-147,-33,384,-76,-57,222,220,284,15,125,341,226,70,391,272,-130,2
380,194,273,109,-89,-95,-37,-12,-88,-39,-3,203,-90,311,111,-15,160,-73,383,-1,259,116,-87,375,-5,159,340,59,245,300,126,267,311,58,57,33,196,252,236,137,-30,-74,259,148,243,320,223,361,212,-35,190,181,363,241,218,207,-69,1,243,15,278,117,-20,315,-32,295,199,194,-22,24,-50,395,119,-145,142,-17,72,53,-116,60,111,107,-128,224,32,22,127,13,363,372,-1,222,-142,-149,278,-140,158,63,14,-126,303,172,-32,-95,131,44,262,188,14,175,-150,307,272,126,261,30,150,12,-147,197,87,269,382,-139,47,68,303,-63,-70,12,336,-135,315,136,279,221,35,189,-37,-96,378,-105,11,143,377,295,105,365,315,-13,-85,72,209,-44,143,-57,397,59,182,117,216,244,244,20,-128,166,247,42,155,306,395,387,63,295,118,351,133,82,4
356,23,315,188,163,-27,269,144,-4,-43,206,-100,253,259,236,-75,10,1,312,0,192,92,-99,-77,352,341,365,253,-78,380,360,92,68,152,397,14,13,210,193,56,-98,36,56,365,93,-63,131,-146,-88,290,363,271,-112,7,-123,-82,274,4,49,69,215,333,122,-50,181,176,74,296,-65,65,293,9,128,327,18,92,-8,-100,387,-35,40,199,-28,-124,270,72,390,304,342,-52,-133,-102,302,-118,368,276,166,-65,67,-60,106,-44,246,0,229,120,373,-38,323,89,123,204,241,-35,46,-123,78,246,18,86,-6,151,166,350,-45,-144,183,120,273,304,-115,-54,22,35,276,303,362,41,371,-136,-139,-119,235,-110,147,239,3,323,271,122,-71,22,215,66,2,137,343,63,280,185,342,210,-90,300,100,211,307,137,62,392,47,354,-42,12,374,181,-20,-6,2
319,151,262,-83,340,116,202,12,64,-135,-64,321,-8,-37,370,241,259,72,-63,-73,144,340,171,45,29,227,346,244,73,60,322,-101,157,-101,288,374,210,285,-8,333,340,-112,33,290,160,328,293,-47,397,262,328,207,218,116,284,-83,395,399,-40,-25,7,125,313,-136,388,316,209,254,147,158,254,-126,186,-90,132,165,104,-6,378,57,176,50,-137,-7,-125,341,162,108,48,17,39,247,62,225,364,165,11,300,339,284,-70,80,342,268,296,221,316,126,18,355,199,208,290,145,-89,374,39,-84,275,323,-57,87,270,163,280,223,206,-120,259,227,227,-92,359,63,73,105,215,-44,258,-95,287,311,42,-130,208,347,388,304,-88,389,328,359,83,76,70,277,19,163,339,314,175,25,345,21,323,240,185,43,345,-64,272,326,120,-97,367,309,388,28,4
-76,5,176,204,-32,140,125,107,382,196,19,355,-7,93,254,170,36,97,82,-42,197,0,158,338,382,-44,264,279,344,120,311,377,387,-39,-106,300,44,56,-83,-119,263,330,270,392,335,-20,-18,67,273,282,-55,349,43,-43,128,319,-22,12,-58,92,-129,390,39,-65,-12,-35,84,-147,-11,83,-58,-101,176,71,243,14,7,279,-86,384,84,258,207,310,396,290,206,110,389,151,377,61,112,-44,122,95,91,260,11,-93,154,83,-119,359,-98,-113,248,325,169,-114,255,179,-71,119,156,-12,240,17,11,1,67,274,45,335,-67,78,108,-36,227,42,200,45,289,269,-84,-97,262,187,51,53,182,-50,39,64,394,268,135,-131,323,156,-105,65,250,99,-53,343,-67,78,367,113,68,25,-14,64,321,191,375,309,222,231,16,-51,74,287,20,-37,352,355,5
27,93,167,-73,287,388,280,185,386,41,2,264,192,-45,117,196,132,287,97,-43,150,50,305,154,353,-138,101,298,290,-86,275,-96,395,109,166,-8,-147,247,113,151,-77,339,246,249,6,286,217,390,-5,186,-50,12,277,70,205,-124,127,179,175,320,72,-1,236,14,269,-6,-31,319,19,344,175,-127,249,218,354,269,139,-100,-16,26,95,383,-2,-70,62,-42,338,191,274,195,52,258,365,-11,-148,-16,143,39,-94,383,166,266,-51,88,110,-34,278,319,-29,184,8,29,-17,-58,2,-140,-87,-65,279,49,32,111,118,-126,245,-79,-59,236,101,179,-90,6,-46,223,375,149,-110,48,17,-29,258,213,90,-66,18,344,398,249,10,112,348,-77,-135,-69,44,261,112,387,232,-14,-61,31,317,389,299,302,-64,57,38,234,249,292,141,40,252,316,-94,144,3
11,-36,346,350,167,-135,399,40,312,242,-32,283,-17,48,-95,-37,-8,385,-127,380,-64,-83,322,-29,334,-45,238,80,226,298,356,287,-67,328,37,82,98,210,245,172,72,397,253,-85,-57,-71,-53,212,-126,381,344,44,-107,91,-47,-70,-95,339,230,-35,33,226,71,66,-79,-133,-77,254,203,86,-69,84,346,136,185,323,220,163,319,182,11,312,-107,277,-27,283,-78,15,-61,68,-117,277,9,347,199,301,-150,334,269,-144,79,78,-118,194,-24,386,311,163,-11,57,46,183,171,-139,302,266,163,26,12,-48,337,84,115,162,312,-88,271,166,43,395,-129,309,187,213,-25,63,194,333,60,-31,374,338,168,175,46,270,127,355,226,-46,219,274,151,325,174,35,133,-59,388,3,197,271,252,63,253,128,5,130,318,212,-9,35,23,190,172,-51,319,-40,1
16,-96,220,173,124,123,-137,-18,340,142,147,259,132,208,-114,-41,337,274,-82,266,-35,161,112,162,-84,304,23,5,-106,376,288,162,78,102,-113,375,45,356,95,388,71,374,202,-116,-107,9,-45,46,-31,76,2,-35,101,167,-15,178,231,-97,300,229,196,139,97,25,135,-115,307,384,198,-94,342,72,273,-18,2,-28,-74,180,17,251,200,235,-42,-12,269,393,229,-39,79,119,-39,157,-54,375,355,296,376,-96,345,321,-71,35,282,9,315,244,121,180,-6,37,-88,139,28,333,132,215,25,214,312,-60,55,143,239,250,288,165,-127,284,-136,349,-12,362,250,159,-48,350,220,365,342,277,-27,279,-56,-94,-140,398,113,140,-10,110,125,275,57,222,201,110,-16,310,-129,296,-21,209,-17,60,309,338,205,142,337,157,370,396,145,64,227,-143,-8,219,1
-64,90,-36,206,-139,33,187,-93,30,27,69,305,103,74,311,350,170,164,196,49,307,125,40,-91,-50,-62,-98,391,-61,-87,167,123,-13,47,324,230,-96,134,272,30,256,38,-18,302,91,10,247,397,383,327,298,367,348,393,332,101,-91,385,185,-77,245,345,-46,144,334,158,380,171,-1,356,209,109,-60,169,272,231,130,-79,138,-118,-57,376,-43,165,-126,333,-102,-112,265,-79,154,-58,284,327,-38,293,275,149,-145,153,-94,173,110,378,-2,76,12,157,-3,201,131,362,292,3,397,368,81,-143,255,394,148,85,177,220,363,344,146,-131,187,-101,-143,142,-33,-97,169,201,131,280,-141,-9,54,125,257,249,195,46,23,144,-106,71,322,251,-14,-133,297,0,-11,-76,42,110,304,-95,59,88,166,271,237,274,252,218,358,45,-133,18,78,30,389,250,1
377,58,260,234,-116,-25,395,4,254,187,290,274,315,344,22,-144,123,322,393,170,40,371,-142,317,258,325,160,249,253,-25,383,-49,-144,45,-51,-114,-64,30,46,209,-52,216,154,259,-117,287,-113,-32,-37,219,-93,354,336,127,387,-61,282,138,-128,0,388,119,212,-60,214,81,159,293,366,235,144,385,62,-114,95,-145,-135,81,47,63,356,206,208,228,-92,169,304,142,79,66,28,83,228,272,17,300,-44,40,158,354,216,20,36,-132,248,12,51,183,46,-41,72,355,69,181,40,288,-51,-132,8,363,114,208,-21,3,63,-10,59,260,49,150,351,343,-109,150,-150,33,368,112,366,284,361,-100,145,-79,188,-93,325,-126,354,10,399,392,112,35,263,237,130,39,346,106,184,141,183,144,371,354,347,-149,109,142,-31,-3,251,50,-5,-121,-103,-61,4
20,391,261,386,97,93,-75,216,-27,175,40,157,235,72,-17,-85,-89,323,230,16,62,321,-8,267,53,-121,374,389,-70,303,55,228,355,1,3,-94,-104,-47,83,15,222,34,-94,320,347,-42,-15,178,-14,336,61,-94,311,66,-25,251,-34,87,344,384,207,376,79,309,-53,225,166,-46,163,153,185,-139,9,255,-63,167,-95,340,-107,374,302,354,309,345,391,213,361,212,239,294,51,377,302,213,302,-113,381,220,327,-107,361,316,293,-38,-86,194,318,-87,223,272,125,399,-37,72,395,-76,132,346,295,363,23,82,32,-46,130,33,56,43,-129,103,-77,393,-92,333,235,339,-119,205,262,144,19,308,-31,333,388,324,106,-91,-143,237,-56,103,290,181,-70,75,281,245,146,67,267,54,172,-92,38,143,345,164,-95,332,97,264,206,332,-145,398,342,21,2
115,225,-47,-82,38,187,136,137,-2,370,-64,-64,224,120,157,88,210,-113,57,387,291,150,140,-106,77,300,217,112,32,-10,239,197,-71,-128,167,344,60,182,62,-24,49,394,376,93,-144,-87,253,-32,384,56,240,364,-57,291,388,-43,105,375,34,214,-32,217,104,-78,215,7,-70,-97,73,188,-94,-147,-113,163,-120,254,172,-125,-123,213,-10,42,80,399,318,-79,387,-59,58,-90,-130,-59,394,72,373,164,-105,330,-57,111,134,30,94,12,387,128,270,0,143,156,212,83,379,71,-68,-87,276,-150,22,301,14,-47,346,338,-30,143,127,62,319,-36,12,198,39,122,-87,357,384,260,253,15,163,303,287,67,43,-23,301,-57,295,367,298,-45,-64,98,65,118,302,252,315,-75,-41,308,366,-28,305,136,289,375,-128,176,-130,301,-46,-76,-127,-14,314,-2,2
328,-70,254,21,230,397,75,141,4,353,170,58,-107,50,59,199,353,83,345,-87,205,88,-145,-42,299,256,109,339,352,-132,91,174,-47,-16,221,-145,341,272,-144,281,324,394,35,272,365,357,-82,278,305,9,185,247,281,-81,-23,248,-140,122,264,363,384,398,67,68,374,220,321,378,144,-51,77,174,107,228,-33,7,147,23,184,-4,368,95,13,-137,16,388,91,305,8,165,-15,276,393,22,319,210,78,-120,-17,138,-81,-104,51,97,40,325,275,-29,187,-145,352,67,-104,392,70,4,164,-64,1,25,52,354,375,182,383,125,382,194,-59,-50,-51,-115,235,145,6,-41,249,178,353,209,-42,360,-18,34,86,343,-102,-146,73,-4,128,-67,183,171,259,270,214,-43,129,148,230,253,392,-86,-109,214,348,-71,146,-114,99,-108,92,-15,185,-142,-20,215,2
280,24,99,26,-110,-42,108,-52,185,-39,91,-17,-135,139,-55,358,202,-5,158,-150,345,247,51,-135,-56,242,-132,249,149,30,324,316,20,228,-140,-10,58,320,159,283,-62,160,-35,144,-14,83,66,115,229,-43,28,364,-63,355,370,138,-137,-71,268,295,-138,117,-77,371,99,-54,18,319,315,-6,107,306,-74,-73,376,-117,62,105,246,-144,140,220,32,88,83,210,-67,252,-2,100,98,294,-133,80,-120,126,153,185,-110,212,-144,310,362,298,322,-142,37,126,10,5,283,-33,-130,288,143,-20,244,190,352,-143,9,-50,-148,243,351,44,-113,26,-95,116,-12,36,281,252,73,-120,-42,315,-101,74,-20,-141,212,106,266,317,203,188,350,-8,334,385,190,200,168,383,260,224,-4,-138,-127,258,216,96,-1,383,108,286,66,342,-69,155,179,-53,205,321,74,-143,2
329,-94,33,44,363,-77,46,266,152,163,-31,-132,315,358,-48,307,317,349,-9,10,-31,335,-130,159,350,-83,152,310,51,-88,266,-17,84,31,285,-111,282,221,-28,354,359,397,148,-74,181,68,-61,177,125,317,-63,83,290,129,99,50,-55,37,108,335,-142,-150,374,-130,180,182,158,-82,380,318,36,297,93,-85,173,56,268,-97,334,43,311,191,-127,-131,135,188,221,-53,139,368,-93,66,65,200,208,109,-89,67,352,297,49,253,137,-113,231,-48,65,162,2,91,159,17,180,67,-26,117,80,329,210,-38,240,219,165,350,74,31,-95,343,229,-4,-92,197,132,321,288,63,78,291,-100,271,204,167,294,-100,105,86,317,58,-64,397,301,-90,-150,-68,345,359,206,122,361,85,115,141,48,50,295,14,-30,135,-40,218,383,19,-7,289,-84,279,122,-76,4
325,74,64,122,-45,266,-43,52,238,338,372,262,-25,-94,-124,47,52,399,370,315,142,-97,260,-40,57,-28,399,158,322,292,281,-150,-13,-145,338,1,10,376,-113,333,241,219,371,-125,49,315,88,365,-143,-149,-16,347,-33,-51,106,89,331,166,-81,298,136,17,-99,167,102,-98,57,68,-94,320,313,-147,250,136,144,328,191,-87,30,92,56,33,-13,-105,-85,-141,-46,382,-59,275,261,65,334,95,104,224,55,-100,-124,173,-40,302,374,92,264,343,-91,251,-47,90,-133,261,133,295,-133,252,103,363,-58,126,14,248,390,316,-112,16,361,130,186,258,279,269,223,110,145,304,341,309,-72,280,323,284,21,158,-129,162,283,150,64,257,-95,-82,248,139,6,-50,12,103,130,158,288,-83,387,101,-49,-19,360,359,223,98,280,377,95,-98,253,159,27,376,3
323,160,218,-87,263,316,280,-18,73,44,130,294,-56,-43,346,-42,-91,371,-26,146,-138,101,-55,259,34,1,249,262,-139,238,-43,-77,284,234,147,195,75,290,154,187,134,287,12,92,125,114,308,308,341,-95,175,365,-146,367,47,348,313,364,345,32,-10,-120,256,35,113,-85,-100,45,-26,271,136,284,-22,348,-67,-123,268,37,49,134,22,136,-107,245,398,-79,97,-27,64,77,-37,280,-33,395,-52,84,-10,212,184,-57,388,387,389,63,-117,-77,5,81,-119,297,-125,-3,295,273,252,-71,335,165,9,41,-27,274,306,375,276,179,-124,-60,158,-32,99,136,-117,-75,17,390,315,-125,164,-10,312,335,370,186,203,244,227,67,242,111,-29,363,221,248,-94,37,-89,236,-58,151,31,192,-48,67,-27,239,117,-67,274,174,186,361,-147,59,390,352,168,150,5
334,234,239,-23,289,129,-138,-89,-71,11,390,210,118,-14,194,-148,365,320,15,150,254,316,39,35,53,263,-25,252,-109,69,-40,351,67,-92,0,-107,-46,-76,197,-65,9,41,63,301,233,87,102,263,-68,-123,121,254,-101,18,-119,-85,-38,8,212,-91,257,-39,-146,66,92,-75,13,268,93,333,86,385,345,-76,285,-111,-73,213,87,267,-128,24,389,331,-24,329,-123,302,344,29,317,378,-18,34,267,-22,307,-138,255,72,88,14,152,226,54,109,85,263,-97,135,150,378,57,329,236,261,194,374,356,68,-128,177,290,268,-52,53,121,166,164,-79,344,-86,175,-80,-108,170,-112,-9,85,397,11,293,2,385,-144,2,200,270,246,-58,257,278,292,348,289,204,374,99,17,-10,295,158,86,149,301,294,287,26,398,-133,289,283,46,233,373,-135,123,-124,5
216,68,372,-126,65,98,278,347,310,38,11,-8,303,211,158,383,340,354,-143,117,1,346,-15,108,-35,-36,215,180,-46,395,-3,225,-92,50,148,207,375,387,-26,328,3,43,-87,253,-46,81,269,37,95,-51,221,-58,348,-77,224,-84,-68,-48,354,235,347,10,-123,236,30,19,105,163,120,243,-44,353,-53,147,-47,34,375,-67,-52,377,57,311,220,-103,-21,110,82,85,-21,-54,254,-111,96,72,-126,32,-67,21,-7,44,-12,87,-70,361,323,81,259,-99,201,196,-88,38,-60,211,132,6,210,281,171,216,-7,-25,396,46,52,66,-35,389,-59,290,-145,109,221,337,18,-76,-87,39,231,-139,76,-22,367,-131,-30,373,371,232,369,267,364,-102,-37,16,395,251,-99,116,129,368,-80,193,348,393,314,-119,277,85,156,-32,-113,13,287,185,-126,-122,-124,363,5
370,261,252,357,120,107,-77,328,-130,168,48,367,170,212,-20,59,-136,228,247,398,351,122,-36,121,134,65,-131,-2,221,232,-40,244,160,-114,243,122,207,1,299,139,73,-63,90,71,311,163,-27,231,105,105,-58,349,347,-67,49,65,297,-147,371,55,-77,328,323,318,-73,-112,47,249,173,-13,210,374,148,-34,373,-28,329,187,95,152,225,208,198,-23,301,91,227,-92,-114,333,-43,-40,373,250,340,88,321,10,245,11,44,262,-18,399,382,-92,-108,81,167,16,43,364,222,79,188,212,310,269,195,321,17,229,-52,317,168,0,369,151,251,256,187,-114,-71,67,-69,140,-131,-28,-76,203,349,176,202,-65,4,273,262,201,343,32,174,19,144,220,56,43,-120,71,-53,88,282,-122,-143,-7,-62,340,293,17,266,336,-148,-138,54,-125,11,138,192,62,4
144,23,308,314,-22,172,329,338,-41,287,-42,-131,-35,102,94,-31,51,300,235,-39,84,382,38,-135,399,121,92,288,241,365,286,92,-37,321,77,-64,67,-93,125,150,-136,-21,280,178,146,15,89,-99,-30,-101,125,378,-89,-88,218,242,266,-28,49,-32,179,51,327,362,252,218,-91,168,-102,180,332,-91,389,29,159,11,377,189,140,-115,-64,-116,32,170,-24,355,-148,28,-72,-53,-126,-70,49,-85,0,-101,243,140,82,191,302,-81,245,26,-44,-104,-5,385,119,-113,-110,395,-83,51,172,262,147,197,200,380,6,64,59,14,-10,250,150,396,250,308,-74,331,-67,269,-120,379,69,383,283,77,177,255,-20,356,278,50,-26,338,-98,-5,16,-120,-105,106,-22,193,288,161,384,39,-15,171,366,143,97,-19,16,113,-58,198,105,-114,327,216,49,216,124,172,2
273,128,-7,245,149,321,90,55,165,17,192,248,287,-24,44,228,160,201,-78,296,-90,191,73,180,353,-125,7,377,322,321,-13,6,-23,-23,149,114,395,187,124,186,272,-66,377,267,152,143,265,21,229,306,-137,140,171,234,235,-97,-19,296,16,279,240,124,-18,-57,18,265,237,-145,-21,96,247,-7,342,218,-27,346,237,290,-135,-12,40,333,307,143,85,-113,-52,-54,177,-97,-49,318,340,258,339,370,254,-85,206,-81,125,54,236,210,2,-100,-136,-45,5,84,173,335,150,60,-45,134,-138,284,342,-137,43,183,108,-147,278,29,325,-134,28,236,-139,-86,92,-81,157,169,217,139,306,-143,333,195,126,97,197,331,260,382,267,250,234,-14,-65,-150,389,313,-77,215,-31,279,253,352,-133,259,173,226,336,357,278,-94,171,-74,-31,94,-114,134,358,196,5
183,114,116,0,2,59,209,112,70,111,-147,67,341,378,82,206,-56,60,242,349,163,349,346,323,333,-69,104,-117,58,199,260,263,358,-40,358,-92,11,-114,-135,30,172,107,-114,251,233,264,26,222,281,99,263,221,156,354,293,-136,-109,121,19,-36,149,-150,-101,346,228,91,12,123,281,-107,372,142,-110,-96,-55,295,217,10,155,271,-7,267,376,58,290,-63,372,173,393,239,252,-27,-103,51,196,141,318,345,-108,-53,90,184,-21,-48,278,175,324,267,-129,369,381,399,242,-76,226,39,-33,197,13,382,77,-66,82,-74,-10,13,318,104,387,399,31,328,247,250,93,-89,39,-13,-8,256,0,62,51,19,356,-6,-128,277,122,-53,387,291,-24,-143,112,371,4,94,263,73,200,309,140,157,251,37,389,217,49,293,37,-5,140,301,-58,-71,6,328,2
202,274,-55,123,113,358,-126,273,-39,304,329,169,40,-121,141,-92,131,-94,-8,-116,53,-19,-75,137,233,146,-54,371,-108,148,250,275,349,278,264,-140,180,347,121,147,-111,-55,123,115,302,166,195,69,-40,20,-90,-74,377,115,160,-108,290,-49,230,111,385,82,70,106,-146,358,99,241,-80,297,345,224,-35,-103,5,117,355,120,-85,187,-34,230,39,149,20,384,-145,35,154,44,170,115,-10,-59,58,-6,334,175,331,-37,326,225,-13,-149,161,171,-138,264,-111,-7,182,222,24,344,66,-144,-134,340,321,361,-49,314,223,322,178,236,22,-119,172,-47,-143,76,68,288,-95,310,-123,214,374,350,114,106,289,-70,-82,-31,80,286,261,241,64,39,113,22,64,-40,380,380,243,-141,341,177,21,1,112,87,333,345,-132,116,363,146,170,211,-8,155,122,251,1
218,37,78,179,11,-88,-93,-3,19,-69,125,-84,74,158,314,76,137,187,-35,162,-90,212,115,-120,210,124,177,165,239,349,283,386,111,320,-96,86,74,385,391,259,92,85,-22,313,380,-89,69,366,153,260,181,292,-22,339,5,370,-99,213,183,313,232,117,272,61,158,-97,-105,123,112,-134,310,178,-30,343,291,-118,23,187,237,-60,363,117,-25,353,124,190,-105,191,-48,245,141,354,170,368,245,38,258,49,104,184,-49,313,240,-105,295,-39,10,85,93,267,307,289,130,344,270,-112,360,174,66,171,-3,367,266,-73,220,269,167,185,316,52,228,250,-61,367,244,182,-135,180,329,260,-71,206,132,386,269,60,143,17,373,6,176,-30,88,67,39,359,203,345,65,327,350,285,360,371,140,-76,288,150,-86,161,333,47,-90,327,38,374,-128,-117,3
185,94,297,-140,196,-1,-110,190,187,-54,-127,371,-138,328,-133,-12,358,-130,165,323,369,250,221,-65,178,342,366,289,-106,272,34,213,134,52,222,335,374,276,33,-89,-51,45,317,-139,215,182,195,-113,384,217,-33,199,-13,179,8,21,270,258,326,-130,-8,83,224,331,113,3,382,157,-101,217,73,187,-125,-99,290,226,317,312,145,-7,12,131,178,313,36,236,273,-74,281,84,304,305,260,178,201,86,-115,-112,308,13,-37,368,-2,-63,36,159,384,-15,155,88,139,189,201,246,336,-131,241,74,292,30,-7,-49,172,399,74,-7,200,213,2,157,306,120,158,110,359,374,172,-132,264,-55,-30,57,219,233,110,207,263,-102,-93,251,269,-46,10,363,9,373,-136,73,150,120,-48,117,334,140,20,8,264,253,217,178,310,164,-62,164,321,-78,6,179,2
-65,278,113,264,275,-101,9,347,348,9,-119,276,137,-46,372,-139,382,126,-14,245,379,338,16,302,238,85,176,332,70,212,136,123,-143,368,12,347,-115,-74,18,82,372,229,-37,102,28,0,23,357,-38,-109,-43,355,-117,142,332,289,73,-146,-136,-42,350,107,273,77,234,-135,111,57,209,280,-75,334,281,363,294,-12,243,-53,180,-23,-143,-55,200,352,109,108,278,391,-76,-117,96,162,83,274,-76,145,-74,302,97,94,-77,207,-35,-53,-83,-62,255,-128,257,372,-117,121,3,281,207,186,-101,147,-70,177,-64,359,152,131,339,-68,267,231,-147,-43,273,269,251,209,236,151,355,389,170,-99,-139,201,-126,101,336,104,87,371,296,132,-133,286,353,32,75,308,157,80,75,165,130,74,362,-16,373,243,49,258,201,159,4,92,197,191,300,271,169,206,3
-27,247,-87,72,302,-102,305,285,354,187,223,265,205,348,1,191,107,65,113,-50,-22,151,109,393,-120,-18,-15,-118,348,343,-1,163,203,80,332,-55,387,265,30,-90,-147,327,-139,-136,118,139,110,221,-108,330,129,277,394,107,139,296,57,248,309,342,-34,-100,196,253,196,-9,-73,61,277,73,-112,171,59,37,266,202,152,371,-148,-64,174,58,70,9,139,350,143,-66,135,30,319,350,48,162,40,-17,295,-56,397,-33,-4,-143,239,-40,66,95,-1,-95,-44,385,76,44,194,-112,-62,38,183,81,135,-100,215,285,334,-78,26,-144,106,218,-77,-52,36,75,-88,222,254,256,77,-136,-22,-57,252,228,-63,-141,379,304,371,-59,292,139,147,-38,300,240,-150,247,-46,93,67,255,141,204,87,249,40,111,-1,-16,306,349,313,158,196,-35,304,40,184,198,4
324,343,244,10,-45,262,227,328,-99,100,335,-88,-60,52,396,-133,124,19,100,-21,279,393,71,103,47,341,87,273,-91,339,365,293,-112,105,131,307,221,174,163,115,-14,300,-49,25,274,-84,111,-73,-135,149,-29,233,90,-124,-95,-50,60,199,-57,289,350,336,-11,-11,311,21,241,113,41,273,-77,344,316,-59,251,-79,81,-15,36,-115,-130,342,108,-135,127,360,245,305,370,312,385,233,278,111,209,248,135,260,75,74,-34,306,352,365,-110,-61,247,262,92,358,50,357,-37,-1,76,-30,72,-8,38,240,76,-43,19,-126,-147,-85,232,80,375,182,99,-28,11,3,161,195,301,97,-73,52,236,227,320,-15,311,103,35,-139,104,44,-57,-131,236,138,310,259,-144,-61,378,245,218,-49,50,315,99,384,-25,160,376,78,46,168,78,140,-132,69,-149,333,5
29,253,36,236,113,-111,-121,373,26,-48,122,-128,-24,132,-132,21,-29,171,137,20,102,375,57,34,145,-105,-45,77,-35,390,100,282,-98,-104,-70,283,176,121,142,227,272,381,-41,321,246,207,361,391,99,343,238,-48,127,-100,231,-22,-72,147,169,254,-72,332,380,376,28,377,158,-128,304,-62,89,85,22,-144,210,-67,62,226,320,151,394,-117,196,169,293,114,98,114,392,150,288,311,347,274,226,388,41,354,37,161,176,37,70,315,48,-63,293,191,-3,239,-23,-15,105,56,-129,-116,147,-58,-23,388,174,358,225,293,384,373,90,288,347,57,-86,156,309,305,80,377,-146,20,342,-94,-54,363,-11,219,272,296,-139,11,-134,-121,-65,270,57,131,281,145,205,327,-83,-92,59,328,337,-11,8,5,-51,131,90,374,315,340,146,137,334,226,204,155,2
-148,359,87,255,121,218,171,289,-65,375,353,-82,4,313,-64,-77,72,-124,-47,-92,-72,1,-52,-10,-99,-55,62,7,-97,228,36,152,-63,29,126,37,25,-77,-11,320,-35,288,108,223,255,344,99,-78,126,270,10,170,214,176,-111,168,338,9,285,390,-85,316,-52,389,251,87,129,390,341,345,-65,6,125,299,-83,124,249,148,-44,61,237,120,135,-44,148,-137,151,184,-130,181,324,38,52,-86,258,348,314,281,-44,322,-116,53,347,113,265,-105,246,138,106,-84,-71,283,-25,265,341,-141,234,304,112,215,-83,-19,194,366,160,290,-76,-75,96,-71,210,371,187,-122,105,3,391,344,376,-132,-123,346,202,-90,-113,204,137,146,62,248,-150,276,247,-21,-143,-140,-131,164,-134,94,44,-19,65,78,102,173,-72,323,-92,285,150,123,104,155,139,-97,31,157,5
263,-98,1,155,278,-61,240,348,-106,311,-117,-12,-102,273,176,-52,-32,81,361,-113,-22,-40,-129,190,50,333,-146,392,-86,-61,134,287,18,324,53,-116,288,75,394,147,192,-49,227,350,7,197,-77,130,119,170,263,374,194,373,1,175,399,175,-42,-116,-123,147,313,91,127,28,192,53,272,226,5,301,280,80,101,-79,95,382,153,283,309,39,140,-71,110,-75,67,338,178,18,-111,-93,107,27,-65,-40,-34,257,138,327,311,72,377,-130,235,-16,254,251,362,68,127,125,392,300,129,-136,15,56,94,341,221,399,-35,-146,363,-114,-13,-77,356,-52,1,-127,200,109,-111,247,-35,-124,388,119,282,381,236,-23,185,75,235,383,153,30,-32,371,97,151,236,190,36,376,278,238,267,296,-10,102,315,329,343,379,329,198,208,142,-52,132,145,289,81,-17,5
304,55,-134,-107,47,236,144,268,43,188,83,-6,337,-14,396,373,361,290,69,78,293,7,392,185,349,-86,14,109,115,-40,107,273,338,120,-90,-16,230,327,-131,-146,368,334,361,51,-74,-130,-148,287,-79,129,267,-107,302,211,-84,-146,319,318,324,65,217,113,45,269,-81,-17,-21,106,167,390,-64,108,-36,-129,228,-143,-129,-74,-71,139,292,138,248,130,387,-11,-132,-102,88,252,201,307,128,255,189,-16,-72,198,-15,256,202,-68,242,380,42,84,315,304,29,-123,367,149,217,-147,192,263,-106,358,329,-76,263,185,290,30,303,194,61,-13,-41,234,149,-92,116,21,39,323,33,235,21,-64,385,-138,-150,-112,238,-44,-10,28,154,391,326,-98,-67,-82,15,-16,-76,52,138,156,243,364,1,-21,-128,-109,252,-15,131,187,-23,-78,209,269,-54,359,244,339,2
18,-89,-63,257,-119,-118,314,-61,-149,43,126,192,-51,137,383,-82,285,-84,129,354,197,190,116,353,21,-141,309,90,394,41,27,110,373,135,-78,-107,23,296,-125,132,144,238,334,64,397,362,-99,112,164,172,339,112,230,113,-117,-33,265,374,211,222,-28,314,103,14,281,0,346,162,69,83,393,249,221,12,207,90,281,281,384,160,-39,-128,256,31,278,176,373,-74,207,25,55,36,324,215,172,0,347,-19,-26,-92,62,130,238,234,329,-3,-12,202,-51,60,272,213,22,290,86,319,115,147,-45,240,234,-14,19,131,56,-64,108,343,-27,39,17,311,342,203,366,-98,-36,-46,357,-106,39,217,239,-84,357,369,194,-99,-25,365,71,75,-31,37,20,210,-54,118,263,99,15,40,222,-33,-128,66,232,-12,-120,75,391,-43,57,201,345,205,54,315,2
226,4,358,21,-80,-71,-85,-108,83,280,379,335,253,69,44,205,-22,179,-43,200,289,-143,35,-80,284,76,340,-67,-140,-93,226,-45,373,369,61,151,71,145,8,-131,111,233,-73,259,194,-49,-114,69,332,48,299,169,-24,-139,349,123,-89,-135,94,147,-63,-73,85,-125,-61,-19,201,-7,57,-67,-70,-23,217,116,198,-124,336,-122,-29,334,137,18,82,230,156,129,382,392,368,250,292,145,-98,88,231,143,225,105,383,101,294,265,334,161,224,-8,42,192,-49,78,121,208,215,382,266,292,-91,-118,205,97,265,151,5,28,90,131,25,163,24,152,184,58,170,252,-31,336,-97,80,315,225,-64,26,388,-95,277,182,-128,323,147,297,73,131,-149,374,236,-48,245,97,51,338,223,309,-33,-111,-101,200,-141,111,160,-1,280,179,68,-91,122,117,-23,-87,4
231,61,4,127,46,75,300,346,120,-80,-20,6,239,-60,298,11,-143,-40,-113,-78,132,54,-140,268,192,12,349,319,57,373,377,354,203,324,351,-12,-34,84,158,328,116,152,-102,2,-96,216,220,-44,-21,-120,-65,47,243,377,-100,140,16,36,-75,-107,353,230,-113,-41,308,-53,258,320,169,212,99,-147,295,321,-91,168,-138,359,247,223,334,191,309,201,324,-82,207,-142,-97,82,235,89,154,-61,343,83,67,-54,192,-111,69,159,316,87,66,332,-38,-29,-7,5,-31,-6,-131,221,-96,387,-122,383,253,329,390,-26,-39,-23,105,250,360,115,-69,302,362,-37,80,144,23,233,253,239,230,138,287,-22,100,127,-82,-100,-124,340,351,383,146,215,-5,363,312,116,131,148,192,-15,-88,-33,331,342,168,193,146,-140,391,184,187,2,344,244,393,95,-40,147,2
256,-63,307,360,248,24,233,118,0,37,388,-99,273,-84,-77,224,-131,123,107,-138,-95,222,292,323,169,245,245,352,256,-133,257,295,-36,-41,-30,-142,395,132,293,99,386,-68,311,188,328,2,291,29,-137,368,-115,-100,-76,58,320,-25,187,38,3,192,369,72,383,18,-70,282,34,-60,136,122,378,-43,203,204,116,61,-91,365,-93,236,177,93,354,360,397,148,-68,359,-146,323,91,191,288,-125,361,-99,77,-32,-136,267,85,152,-87,347,47,87,99,-40,318,-106,235,-102,-4,351,338,-44,-42,250,277,-92,346,248,383,60,107,-131,22,39,289,-46,235,373,-69,-97,361,174,-130,-17,164,-61,329,128,-38,-133,147,-29,25,-10,133,119,338,152,158,18,-129,79,-142,185,-5,158,-15,252,347,180,148,-23,-59,9,124,112,1,128,-16,-47,17,206,184,49,2
255,253,-2,375,318,383,10,-73,246,67,62,-8,52,117,-145,-119,96,-6,102,-53,-63,293,-27,168,319,128,-75,186,388,298,337,-150,398,311,93,-33,152,208,121,305,122,368,265,376,-31,115,-20,392,177,10,229,148,117,266,92,239,296,129,-141,-3,255,22,-99,124,219,57,-77,-81,369,-67,366,-116,376,268,-76,10,273,172,73,140,-22,379,356,8,-91,-95,241,-81,-11,28,243,391,-48,23,309,16,36,294,155,286,-16,201,93,198,263,-31,-74,143,88,-121,318,79,123,134,278,-3,264,-104,-68,118,54,150,-81,162,320,224,160,25,182,314,72,-71,281,278,250,49,322,297,328,-32,29,145,169,207,-39,220,284,171,155,-131,-83,204,159,297,355,-14,106,-102,-89,249,297,-83,117,-71,-87,92,253,-117,-4,103,-76,70,-59,252,59,26,125,133,3
-15,273,23,204,317,48,-123,130,289,69,-74,71,-48,172,313,320,243,111,188,-113,323,251,-3,239,-121,-36,-28,377,2,284,121,-81,41,293,82,33,122,388,364,203,262,109,132,-75,204,-137,-95,-129,338,385,372,-113,303,-61,103,285,382,88,-60,372,-100,319,54,212,355,353,-24,329,374,226,149,46,389,-70,-57,155,-140,-42,243,-3,263,12,204,-100,360,-105,379,5,214,244,-136,-132,286,382,-150,-30,-30,4,141,-44,394,-61,40,-32,-9,319,-140,335,198,-35,26,-67,33,272,341,340,-39,80,-116,158,161,-122,170,222,126,-70,101,375,371,179,-139,248,202,87,-121,-33,389,-45,136,122,74,284,-64,282,197,206,-137,313,46,47,352,173,165,173,-52,277,288,-149,359,-72,139,-19,245,-10,-19,392,277,161,304,-89,91,-49,-129,205,349,117,281,151,4
305,258,-28,-109,180,160,386,185,211,325,45,-39,75,-37,111,-93,290,52,188,-32,117,306,16,137,305,127,321,28,-60,27,250,278,277,9,-33,342,-121,-51,60,244,293,250,-102,-36,83,289,165,-29,352,-70,299,255,156,249,145,176,365,-92,84,190,-7,85,385,116,383,387,357,121,250,380,-72,160,103,209,86,353,64,305,-22,-134,16,369,-94,-66,155,160,387,7,269,-130,270,262,-143,29,-66,-31,176,132,140,-90,-26,-106,263,-60,311,240,212,39,255,190,-96,-37,392,159,388,184,158,250,202,-34,125,-141,314,152,40,-89,59,-91,178,296,361,-5,385,363,312,284,344,337,176,187,52,-50,196,-131,225,-87,-24,-53,173,56,310,131,285,370,-146,7,109,133,248,300,328,182,384,153,10,261,168,241,269,-28,235,255,184,-127,103,302,-66,35,1
-116,96,288,151,2,62,257,178,-145,364,-18,265,153,269,-32,261,349,-10,184,218,165,132,-76,-95,4,-113,288,-132,63,-10,294,-136,-11,382,100,174,-102,-122,127,100,337,389,88,0,232,232,-32,-83,152,-12,136,247,36,239,334,379,-118,325,-150,186,36,30,-5,-127,123,16,56,-61,-81,-60,-24,-79,-65,-114,399,89,331,261,296,306,391,79,-110,227,113,100,113,-50,-142,84,2,-87,354,207,329,388,-25,348,-85,-92,0,102,158,43,-87,132,-87,216,-98,49,227,-27,-80,-10,309,158,-134,34,165,-73,252,12,-5,378,2,256,0,308,-16,256,62,-2,163,-50,-85,198,219,370,-116,335,-90,319,239,-51,317,302,164,364,-25,-109,62,-55,134,24,325,74,102,150,50,318,253,154,132,83,229,156,226,116,231,66,-75,-20,208,103,313,167,106,376,4
372,108,-1,276,383,-42,155,87,227,390,238,213,268,106,236,319,-120,236,122,379,-72,102,335,204,-46,-52,19,91,101,-82,42,365,-12,35,-10,317,123,-44,-52,21,135,298,-84,336,385,137,-150,-130,241,151,-11,-22,255,55,322,49,-87,273,-50,-96,192,78,-110,-92,301,335,214,342,346,71,-106,360,-76,-101,-104,310,-118,181,126,23,74,264,-89,121,-97,242,140,175,322,161,297,5,191,227,291,1,252,195,143,-42,-60,-77,129,289,78,43,203,-37,-123,-45,209,63,291,14,235,290,64,310,150,-98,-74,317,-144,225,310,272,68,73,363,-8,366,108,15,318,-103,128,123,-6,78,392,165,-78,-65,211,-133,123,-68,214,-49,40,136,134,-54,104,28,393,112,197,-137,176,378,-131,355,100,-17,30,-20,241,-80,-101,-41,-76,-130,253,282,313,307,143,5
138,241,303,192,399,-117,-19,213,182,-68,164,231,-143,294,-38,155,-67,-7,39,-95,261,-130,149,140,-95,-32,318,250,168,-117,304,102,371,289,345,-116,394,-126,24,372,395,13,250,373,57,-32,131,118,344,64,208,22,184,321,355,194,-37,310,80,334,-111,-117,-8,12,-53,-60,30,193,-86,92,208,132,-26,363,124,93,344,247,162,344,-107,82,379,134,-121,364,393,165,-53,279,338,185,239,207,-3,-102,3,105,25,292,185,394,-139,311,144,93,-21,182,21,242,264,184,-19,9,186,238,342,272,118,301,100,162,332,209,129,-142,-144,-50,205,-20,-147,19,-21,367,378,179,-63,88,209,-112,359,-57,237,236,230,-54,-135,71,32,397,13,24,243,-123,137,374,296,-86,324,281,-1,160,-19,-21,-74,-102,260,-29,300,103,354,102,303,132,-74,-146,157,386,5
97,-60,249,281,-8,314,166,-41,46,333,149,304,-24,84,-34,66,-85,90,244,7,318,-109,-115,150,74,344,104,161,47,-112,181,-14,93,-11,215,89,202,-74,14,-81,237,320,44,4,198,-58,14,241,227,326,37,42,115,124,-112,25,251,79,-65,-17,212,304,59,227,26,252,-26,136,-9,391,-108,-134,167,198,-142,264,263,-92,-32,243,207,266,-148,70,80,146,120,96,348,-59,129,312,116,-10,273,73,-90,195,250,346,-10,-10,-23,396,229,21,-93,319,29,43,42,307,281,-84,-89,208,391,20,137,-52,160,-136,-69,-52,265,198,273,219,373,-129,214,56,19,230,-52,83,252,177,220,2,165,14,-125,50,-107,160,27,136,258,232,-91,-17,252,46,366,125,89,31,229,183,246,-40,-69,-69,162,326,48,312,217,85,295,-129,73,-20,-38,236,65,291,2
0,353,138,166,119,87,10,206,44,206,399,388,141,184,0,-137,-105,112,301,163,27,175,329,-105,36,324,-21,-85,-16,-11,113,63,303,72,356,120,38,94,-18,291,353,-132,7,-18,-35,180,351,-65,329,3,302,311,159,32,81,-14,236,388,331,-40,-86,-73,313,-125,-118,202,132,129,149,197,120,136,387,182,146,3,156,197,-113,283,216,-142,-50,271,175,-82,274,-77,313,388,384,104,-83,-71,353,133,134,86,163,-6,47,-10,293,66,268,181,393,-73,2,74,229,331,80,164,47,290,146,-16,124,-2,329,-150,312,42,-126,48,11,149,303,106,56,-74,-6,181,144,-47,375,-72,-64,-19,266,214,265,168,65,148,226,-136,-34,11,296,298,336,-105,129,267,142,-7,141,91,-75,159,280,13,-127,194,116,151,364,240,-31,-140,36,90,-97,24,249,70,4
326,-68,348,380,-112,-14,250,91,192,288,182,-15,-10,54,160,258,105,357,187,204,-34,-4,333,359,172,9,103,74,176,271,116,-136,188,-102,321,-85,264,395,-90,-34,109,283,286,220,20,169,392,-72,-142,333,244,12,5,-12,143,203,248,82,42,-13,-134,183,106,-140,108,122,169,193,393,219,196,24,276,186,-24,-37,-110,309,340,14,-136,35,35,244,339,204,-15,-120,198,8,105,179,380,26,-148,-1,329,72,338,-31,254,-58,5,-119,350,97,135,206,95,383,-36,133,274,20,46,-69,273,47,226,275,-149,315,-87,-31,116,107,162,210,-124,122,83,-97,-6,-17,316,-4,85,244,329,368,319,143,274,33,12,331,150,233,6,340,174,103,393,21,83,333,99,-130,255,-66,10,85,-33,366,64,281,125,-75,339,322,135,112,-50,-93,-133,293,123,325,1
395,367,70,302,-6,333,167,231,39,367,207,108,287,116,-64,279,-19,-45,358,83,-116,146,27,76,-112,185,-141,112,130,302,67,372,255,-87,191,293,39,298,-144,160,142,212,-4,-18,-66,84,261,107,-39,-120,-76,36,375,80,292,160,-52,328,264,329,-70,290,-4,158,290,46,-5,-98,238,124,238,316,181,281,11,320,74,339,-93,54,203,70,360,-90,161,238,-19,-112,-79,85,307,385,-78,395,281,168,205,42,202,196,183,109,-116,-139,301,203,363,196,225,72,266,355,150,261,135,-27,157,-10,114,-81,-79,193,230,387,-36,-15,363,187,121,325,49,123,19,316,137,295,232,-45,89,190,326,302,61,-129,90,-124,225,-150,246,74,239,183,49,44,270,89,70,-131,167,256,45,386,393,218,258,174,243,169,237,290,48,139,-46,-2,-16,-30,356,10,2
19,226,-66,359,283,15,-70,-70,-98,398,188,143,261,-54,233,368,112,-92,254,346,2,393,-76,171,-73,-96,-68,364,64,119,281,-83,157,-52,-102,355,238,343,241,32,125,362,279,275,91,90,67,-117,-134,97,237,68,254,81,146,149,393,41,208,270,131,255,145,-101,54,339,361,16,193,243,22,168,334,103,198,319,-140,343,-67,193,-56,174,97,43,-85,383,314,286,34,138,99,230,366,118,317,325,227,226,134,-126,18,244,-55,143,-34,39,-30,314,358,-132,-18,365,-150,122,-51,340,297,397,-150,-31,134,318,171,-115,-3,246,-76,218,261,339,382,24,-27,329,192,-55,8,-138,367,106,39,216,297,-134,150,159,170,-56,46,9,222,20,18,385,-107,-25,-76,278,175,358,-36,86,-9,-121,-19,367,-112,-5,156,-48,352,36,-6,74,-113,58,-62,398,4
-6,-60,-120,141,97,366,302,-63,255,61,42,282,396,69,35,209,315,-120,239,370,213,379,-121,354,-67,32,371,-32,110,266,97,166,117,-110,389,315,141,-109,31,-113,-48,176,-82,35,-72,-103,96,-139,-30,182,327,-34,-142,-75,283,194,-101,383,110,376,212,75,192,109,210,234,-144,30,-56,140,-130,37,-75,110,236,371,27,36,250,289,-107,-5,102,389,-119,96,-131,-66,341,-93,-75,-22,-68,130,86,-138,37,-27,217,103,339,68,383,-38,80,-34,64,249,52,-82,-9,-130,29,-49,312,339,-103,103,-71,233,241,58,-39,-109,3,179,-47,-54,328,-58,-125,224,327,-54,-145,380,128,231,-126,198,222,-135,107,-58,74,31,-142,-149,-18,-37,125,-18,-134,366,-101,73,386,355,264,356,352,152,-91,260,246,140,247,85,141,272,-23,363,-56,-112,229,2,-117,56,5
33,83,383,216,-118,-88,300,103,-56,-139,-23,-17,205,266,40,15,387,377,82,-127,258,341,128,287,393,12,63,247,-126,287,311,241,328,206,104,245,-55,254,84,179,213,-110,275,162,54,200,289,-11,0,66,251,85,245,-93,333,365,392,127,215,97,272,35,97,150,-74,-101,105,3,365,-146,5,229,-130,-13,32,178,138,-70,324,87,55,238,-70,109,210,-114,-35,231,218,96,331,-112,268,200,87,36,-107,66,-32,227,35,283,331,124,-28,-48,-12,273,-111,-115,192,32,79,218,359,-17,178,125,288,349,388,-150,-86,67,32,253,8,-67,136,114,210,109,311,305,83,30,327,219,-73,59,6,-25,91,173,141,104,-94,150,336,319,99,-1,249,305,314,14,388,12,12,-73,212,274,-1,324,125,361,-117,-68,220,349,369,350,319,-97,105,-59,122,-111,1
83,154,337,223,-69,198,-136,318,161,-36,250,149,43,207,279,-96,347,238,274,191,192,355,354,118,-63,212,325,-83,0,166,-134,391,233,197,1,345,359,326,285,-33,159,86,105,58,202,362,-20,-12,-47,266,-110,77,280,-43,304,206,-30,175,-65,271,-146,-133,261,205,328,-32,258,395,94,95,42,-44,-55,159,3,-44,264,-1,-103,-73,301,-127,228,-33,130,-104,378,205,-42,295,23,365,-81,-122,153,332,-90,158,51,-7,130,312,297,311,-81,-51,172,342,132,378,349,-23,268,174,-57,315,317,388,21,-70,-88,289,-15,53,204,280,-9,312,257,295,46,45,235,167,372,189,382,392,8,-149,116,385,167,200,363,67,32,288,-109,221,344,-74,327,227,212,189,-123,52,141,-17,-123,118,-24,-64,-104,244,62,257,180,-106,147,317,-92,134,103,-83,347,228,2
-27,9,200,113,232,252,40,371,-117,97,198,284,133,-133,-55,269,-18,-148,239,202,165,57,171,352,43,157,101,-18,-83,225,171,184,238,101,292,247,338,-76,316,307,357,233,194,248,335,10,14,280,303,23,-99,-39,177,-31,-76,-122,107,385,266,9,266,39,278,131,-141,-108,301,330,103,385,-130,155,-59,29,36,277,47,-53,123,-68,306,-10,-111,-82,14,149,-107,-76,165,-77,236,-134,220,28,110,352,-116,-69,68,-74,293,255,251,215,214,7,360,222,-138,54,45,355,312,388,329,355,368,8,93,222,-49,-143,-121,226,294,398,-106,-119,295,-149,153,138,-115,47,46,25,135,261,274,-93,-110,372,111,-3,262,178,81,176,190,59,231,376,363,-54,-37,308,158,32,21,-126,174,222,214,134,29,135,-139,72,326,324,302,-125,388,376,312,331,216,348,5
-27,185,-78,-43,-36,277,380,-79,-107,150,383,-6,35,213,230,218,-110,302,359,160,-2,137,313,-142,398,114,129,-71,-56,253,110,214,300,201,66,-136,326,235,303,-29,127,-58,-70,73,-69,2,379,52,302,31,388,149,343,303,-76,81,-122,73,359,365,174,315,177,103,-128,399,167,62,-129,-93,-59,38,182,16,3,-134,9,-39,144,-62,89,65,-121,182,228,94,334,-74,-121,199,321,306,31,252,392,2,202,143,288,98,12,-55,-23,319,65,203,-8,65,272,356,204,388,203,231,-76,262,295,20,199,219,195,50,-82,32,164,234,131,171,-59,-3,195,227,221,-130,380,376,137,13,311,-14,349,334,328,274,331,-102,32,-8,-125,140,-119,297,-59,-29,324,287,190,255,27,-40,-150,155,154,88,341,-114,47,-116,210,395,275,313,-45,-143,239,173,296,375,4
291,11,335,-35,126,278,163,101,-8,378,-101,-63,325,264,85,392,190,371,171,158,33,11,-20,134,-29,-134,175,22,158,283,174,-86,-77,147,107,127,351,330,371,311,-29,294,363,217,-34,-140,-35,137,77,-104,211,314,318,110,297,191,30,390,7,191,115,246,-136,362,-38,396,-4,50,189,-23,366,-40,245,-85,264,-17,-121,114,204,168,213,-81,332,-19,263,22,131,179,264,387,-113,-89,108,289,172,320,117,78,230,246,120,257,347,246,-84,366,-77,25,225,26,61,168,213,203,139,184,307,-79,-106,273,114,212,378,168,127,176,-32,5,58,97,334,-15,57,43,383,176,259,203,332,288,-132,78,342,259,14,192,2,291,356,24,236,140,-73,99,367,119,60,150,209,-94,4,-104,275,-83,151,-1,189,100,317,-118,-78,-41,19,271,246,32,-82,-93,1
282,-60,-83,50,323,396,48,79,27,178,291,-3,180,393,-138,5,-36,-13,235,-27,354,375,219,379,119,212,94,254,140,-55,85,223,-113,236,290,259,-42,379,344,315,167,190,239,-128,268,-96,-127,195,-33,323,-107,237,-7,-23,398,123,-4,114,357,-42,179,207,319,26,145,313,199,-91,263,206,-126,-124,-79,79,-134,-124,384,179,219,47,362,122,-119,-137,104,122,66,-36,247,372,-142,7,165,277,313,-87,317,-77,76,240,40,115,-130,199,341,11,117,-45,52,32,192,10,247,235,108,-99,341,396,350,369,3,372,-94,230,174,215,347,310,381,332,59,-9,-74,63,374,159,-146,376,319,397,190,-138,164,121,283,-52,107,-60,78,210,87,285,-18,0,275,79,307,259,304,188,194,-107,226,44,-87,352,-66,232,-133,266,101,23,318,43,-100,22,-71,94,3
133,261,8,79,372,339,116,345,-17,41,296,136,222,15,76,147,346,44,384,107,320,172,286,122,18,-118,-59,99,192,345,178,58,246,231,-148,141,23,-22,230,198,329,-4,66,-91,389,260,94,185,116,196,133,175,278,-108,357,-150,314,369,1,-26,144,27,64,-59,47,-62,-141,74,-108,66,-22,-12,259,144,173,164,320,133,191,123,359,-135,356,208,226,342,-20,365,-102,184,332,169,-96,-6,215,247,138,132,-103,-128,-119,180,104,2,39,63,320,383,387,307,246,190,322,-8,174,257,-60,220,22,273,362,-125,-118,-111,221,192,35,325,147,-54,76,155,2,286,218,-54,-5,72,108,-53,129,274,-46,52,131,335,-110,259,190,374,343,153,358,-61,299,378,-44,323,264,84,303,-136,386,200,27,304,329,388,113,302,137,-145,380,-33,329,149,308,-62,3
68,177,13,-134,129,376,145,-111,-82,-9,42,85,-62,202,73,-56,-70,0,-146,79,275,357,108,-129,296,166,213,318,92,153,-104,-126,229,348,-49,322,75,144,346,277,176,-66,147,272,397,214,-97,381,-66,-108,349,260,25,300,150,251,-137,234,126,4,-1,344,350,52,-131,394,347,80,-145,343,360,229,292,-130,239,350,260,-54,367,250,48,165,147,337,8,-77,232,85,-111,-43,82,292,290,371,322,211,27,-97,272,-33,383,249,255,344,-60,-102,257,358,-83,328,-24,-132,232,239,51,365,305,318,-33,158,190,-36,355,-140,66,25,213,128,-20,-69,175,252,49,-143,109,-145,-31,294,382,109,163,262,21,134,178,-114,358,70,-29,-17,172,152,372,-26,219,-131,291,-142,-24,13,5,276,170,-93,188,255,-49,287,-63,128,69,-27,301,-110,34,-32,-30,59,4
72,-115,239,130,-135,350,128,-42,35,295,56,-149,-66,-18,132,34,187,261,122,110,313,227,328,187,-38,205,56,-83,-108,384,-120,-76,231,102,-113,174,382,-10,251,194,-38,-14,-66,311,84,248,342,269,-95,-90,-27,280,79,-83,292,296,57,94,216,154,336,31,342,-54,303,69,179,329,-94,243,228,112,7,266,-19,366,252,162,244,139,244,16,176,308,200,188,-10,127,120,187,392,-84,76,6,143,-85,-40,248,16,165,-106,141,-67,-12,215,30,-87,-127,-85,157,109,16,315,230,58,284,-107,354,340,66,-66,-111,251,311,195,338,291,107,183,151,369,346,167,51,-53,70,121,-118,47,-106,68,-86,350,98,0,335,-15,210,18,165,-10,-44,130,334,121,-112,308,-65,124,109,233,27,33,-145,229,214,222,107,-130,-27,-17,316,346,189,370,23,7,368,1
-28,42,123,24,170,180,377,267,114,341,-19,165,127,367,-139,302,-5,74,233,43,256,341,10,-146,392,102,166,89,-137,294,-142,223,213,144,356,82,-86,243,264,-103,208,58,-114,-83,109,269,-67,93,267,369,-115,2,55,74,394,315,133,-145,-53,328,-63,385,377,285,166,284,-24,-18,47,343,51,320,292,332,-49,219,238,-24,-123,181,322,38,228,-4,-108,130,1,76,-106,-14,88,307,180,320,269,121,50,-76,355,-62,242,94,74,-50,209,176,-65,20,-83,-45,-146,94,164,37,176,53,-112,258,81,219,365,-9,340,-43,135,-16,50,-26,48,280,-53,51,107,-17,-135,60,367,339,329,236,326,29,286,74,-34,120,230,38,-59,-10,41,96,-11,75,266,-53,292,239,339,55,196,34,366,-69,54,-108,-89,-137,226,73,44,178,-119,155,-15,-46,220,17,2
320,122,138,-39,122,221,183,-34,-144,-105,-63,374,283,205,28,59,-106,-123,269,-137,365,-3,272,-134,-105,260,396,207,367,15,162,342,-119,241,335,127,374,35,198,382,148,315,300,195,346,-18,182,286,-54,-150,367,68,-84,97,378,-73,-73,273,-29,316,22,-94,-136,153,-64,185,155,34,255,9,-114,260,-108,251,134,134,63,398,-27,20,-111,180,380,293,106,-91,353,-52,-144,281,-120,58,37,53,-91,73,-72,180,44,79,328,91,256,-59,137,327,332,358,227,279,-77,-98,39,363,31,-49,335,-132,349,288,390,138,308,115,254,-6,40,295,176,372,84,-113,337,256,-105,-37,-14,109,-101,-74,-78,-136,211,292,-131,245,1,389,-103,-47,-136,-134,178,75,335,273,53,4,-81,341,111,279,-106,273,17,129,252,84,-132,201,143,229,220,209,-114,192,58,340,5
399,364,280,228,181,8,145,-48,154,205,147,-145,120,-123,283,52,144,109,23,282,367,348,141,334,383,96,223,137,-99,158,215,6,165,-120,7,333,330,389,98,17,137,86,353,51,178,34,310,-149,319,139,78,334,-96,-82,-105,-140,128,144,64,183,74,122,376,226,230,-80,143,108,201,-1,197,366,302,282,-20,370,244,163,-4,288,-137,-134,-11,290,-14,300,223,46,120,142,121,81,-135,365,-14,-28,-10,-83,321,-104,-58,-56,-56,29,182,72,129,-12,24,293,-63,268,187,-60,295,361,164,-113,211,88,109,29,141,-72,65,286,-13,271,-121,-102,25,58,94,-33,-62,-57,344,202,221,394,61,253,29,303,265,34,313,348,106,-7,397,-78,58,15,-95,-141,229,225,228,-124,71,254,-15,-109,101,-135,70,-9,255,8,71,189,301,77,242,-112,132,201,1
-123,277,-97,-105,333,397,15,195,46,-83,258,-39,356,18,51,164,-3,-28,218,228,197,-26,-14,122,373,264,298,5,21,85,118,184,-81,-28,108,50,-94,283,249,145,-27,-27,224,-80,337,233,344,265,211,170,-30,305,-134,-82,245,82,260,187,239,210,-26,176,203,128,260,108,-53,-43,120,301,377,352,358,388,-11,73,-24,-40,385,75,-109,-70,247,88,-72,177,-73,14,32,63,335,283,316,93,119,-40,-42,288,96,227,-98,191,-61,301,145,276,-36,286,2,334,-140,45,118,137,378,384,-65,336,329,-65,-140,43,249,14,181,278,10,98,177,-53,118,150,298,-35,307,355,-138,74,-40,223,378,354,105,276,157,-71,170,293,-127,282,-137,-65,232,265,7,-47,-131,37,120,-94,376,-3,147,-41,65,274,-136,245,-10,219,10,199,-107,123,294,87,153,304,1
-121,296,272,319,249,-59,228,381,186,-73,90,386,358,150,17,-85,339,131,308,143,352,-96,211,295,175,-9,51,334,91,141,131,371,317,318,-92,-87,187,373,-19,324,157,308,357,307,-124,5,-24,-141,-123,376,280,186,132,-64,160,338,133,-68,-77,212,-150,171,-49,190,149,373,11,-126,357,150,-56,-19,2,-95,11,-92,14,15,352,150,255,-75,44,-147,-103,265,0,-73,164,334,-2,-140,-62,289,321,-127,180,-63,378,339,-114,337,210,66,157,-143,144,390,270,60,171,43,-95,206,286,240,-71,-144,69,40,314,128,129,190,191,67,-115,48,-70,206,160,386,153,-143,237,270,206,153,-137,0,-118,-36,59,-29,307,182,-41,-127,225,91,281,25,95,222,-20,-28,243,-50,-91,313,27,-115,357,307,-134,305,203,-86,-67,354,-51,4,87,119,75,213,-42,98,3
5,-129,113,153,36,360,106,319,297,33,259,240,-71,137,236,-2,264,272,177,350,303,189,-85,76,-40,-15,133,-126,123,107,198,184,-57,263,259,178,325,48,91,220,11,-115,262,84,133,-129,102,-93,222,-100,385,151,57,240,-114,358,173,256,9,-111,46,228,232,223,-116,153,292,376,-15,-110,234,265,364,185,389,290,84,-127,228,-51,203,333,155,259,26,105,234,-104,38,187,61,283,27,-75,318,-34,70,-42,236,296,117,370,227,286,-105,333,297,-46,384,186,69,2,19,-35,174,235,223,157,327,393,281,217,331,230,-3,308,98,-12,-130,20,371,-68,144,-38,-87,-16,231,11,161,339,-3,-34,356,248,69,-36,193,14,146,-18,27,115,235,286,40,187,255,232,284,-49,196,-27,384,90,-80,288,73,145,100,38,-35,-77,173,175,290,119,214,157,2
166,123,383,173,-140,34,358,373,-68,113,233,133,-61,201,360,-1,45,-18,113,-124,82,189,33,317,102,88,349,361,145,13,-87,198,-49,-19,227,389,-10,11,-12,-110,70,309,311,374,134,160,165,58,167,-6,-55,107,39,342,152,-128,-113,41,371,236,269,311,307,398,221,186,192,-34,172,145,87,-109,86,279,303,29,-91,313,-127,315,45,92,334,111,-149,129,159,-19,329,87,202,-112,-149,-74,346,-132,-89,188,206,-10,398,224,11,82,-13,97,55,298,-136,-150,171,96,202,-81,-25,65,-84,3,83,225,276,264,-31,176,42,309,-94,325,10,277,-103,-22,-57,-134,-68,278,180,288,29,56,230,388,77,172,-3,67,257,259,-73,110,3,137,-115,88,207,145,252,236,-40,294,121,-36,37,244,-118,-36,294,387,352,377,-125,-48,365,-2,-34,329,-37,-69,1
-105,-34,-101,14,43,199,332,256,3,355,31,26,228,330,364,231,-145,241,74,-25,275,125,60,160,125,161,220,209,11,114,-85,395,-56,-85,127,49,78,77,340,349,108,-116,308,94,1,-2,45,313,-12,251,352,56,-86,285,-112,-58,247,369,36,-73,-36,186,202,325,-103,94,237,150,85,319,-4,39,139,179,381,8,36,15,299,394,58,-84,-43,-57,10,143,-66,97,399,-70,-110,145,-145,14,331,-102,35,376,-116,305,300,348,232,64,-82,191,244,169,10,129,65,160,332,-145,396,207,339,194,363,369,152,221,136,-55,-90,286,-150,86,105,299,-15,321,167,-122,114,-22,194,-79,-38,219,68,279,303,-37,-142,79,-82,260,82,-31,281,-115,362,-63,-63,230,232,161,-41,210,36,-143,37,-131,244,330,-138,-81,363,210,209,151,130,269,-52,-62,239,-66,2
184,311,-86,44,281,-69,-128,223,47,47,181,201,326,344,110,369,76,376,358,-73,-32,25,1,-107,-141,-70,103,344,370,165,325,202,102,-129,169,339,0,128,366,-24,55,-74,328,-82,264,-139,-63,260,332,389,318,-3,85,159,52,106,-33,-41,381,-45,221,316,76,229,-79,328,318,-45,277,-36,270,37,-142,-33,-48,296,-77,31,348,324,92,-101,137,307,90,117,146,230,-101,124,285,78,-22,56,180,174,264,18,77,-78,223,294,118,383,296,209,197,-77,-24,71,330,-1,6,-86,-129,-62,-73,-147,209,-144,381,345,305,271,74,-100,333,355,317,248,-118,294,-82,-24,-30,23,173,242,363,-12,-122,364,123,-42,99,-130,11,-109,-84,-95,204,-148,246,20,327,153,-14,214,63,70,-74,279,-100,-121,-36,299,358,-113,162,-6,-18,395,38,-148,180,156,123,237,3
325,-98,212,287,209,-92,148,289,2,3,354,376,37,-98,-81,73,-32,338,100,191,399,160,-115,393,358,-57,175,307,64,381,131,380,-5,64,188,-109,129,138,395,296,283,114,396,212,-117,316,32,-62,150,298,339,-36,17,275,-147,45,193,92,355,268,63,-18,373,-22,-61,4,174,-20,101,-8,-21,-18,-102,279,-98,17,-107,109,67,-114,177,-143,-45,9,211,258,112,-33,-50,43,249,201,78,150,322,252,-63,301,248,-98,-128,187,80,-98,274,22,336,371,232,175,-58,-28,178,67,209,-44,60,323,-65,147,320,4,213,176,393,242,-124,42,383,27,-34,3,374,254,-37,72,56,206,-94,227,257,313,399,180,-114,330,175,84,120,-16,345,216,-129,168,-150,-19,-28,304,82,-16,331,-139,-140,291,122,249,252,342,299,128,268,243,-116,319,361,155,361,292,5
309,262,374,249,387,-72,351,34,122,-150,-2,79,-31,188,-84,344,-68,-3,-142,305,137,386,383,63,-26,18,111,95,374,97,356,226,-142,-90,-70,302,342,-145,162,94,248,192,-15,66,93,111,351,273,-80,330,-51,251,285,-57,321,-116,27,-78,-53,298,108,-146,-139,107,98,189,177,87,308,186,110,170,310,-110,191,57,-56,159,-97,164,285,199,333,5,124,137,323,-48,313,74,235,161,-71,23,134,-60,310,169,-54,270,167,-12,-84,13,2,87,62,226,242,115,234,131,158,222,-128,45,93,370,50,189,-74,-109,-13,250,-18,-74,-60,-118,-42,296,-90,333,-101,367,109,386,124,371,-133,-36,-114,295,340,130,302,93,234,344,-72,134,2,-136,-54,266,-100,-22,35,11,47,-77,-38,247,162,285,304,128,-23,15,68,182,-146,173,342,-98,326,182,40,-3,4
295,373,162,-98,5,357,235,249,-64,-28,185,-25,160,176,281,121,332,-52,299,98,4,60,19,84,-125,46,202,329,160,193,138,111,-93,91,357,-61,89,188,362,116,-142,382,366,-104,193,321,-101,203,72,197,93,-21,117,370,-104,31,70,-58,229,72,161,167,289,-61,162,309,-51,291,192,197,216,128,24,135,220,-138,240,-121,-27,226,355,88,127,222,383,-86,-1,-143,350,132,-88,202,238,-2,130,194,253,393,188,362,-134,15,206,315,336,345,116,182,177,-95,-86,-139,-35,37,245,37,204,-145,396,106,17,-42,266,106,0,327,-23,-16,134,-49,303,201,114,381,325,-57,-104,-40,111,48,-148,29,206,53,232,65,67,206,-38,250,209,-9,266,60,79,330,375,-122,367,389,205,-49,237,353,15,-119,31,222,50,342,228,384,-60,225,136,347,33,343,1
237,395,183,274,-35,-9,168,371,267,285,-24,220,295,-83,377,337,212,151,151,297,278,241,-59,83,136,77,-71,212,17,222,-139,359,-119,7,140,124,349,-40,3,301,268,389,-96,154,228,338,21,-141,348,387,-76,180,380,-21,-21,-84,64,314,-88,-53,147,-43,40,192,185,-74,138,226,367,-137,322,159,-54,276,172,-70,315,138,261,394,396,192,303,169,81,329,59,156,187,167,132,295,163,354,162,-134,142,16,59,-27,-135,242,354,344,172,201,175,335,11,185,141,-30,186,-81,205,-110,173,124,-61,180,-108,-55,66,35,331,129,-103,81,394,142,346,198,398,-90,155,-60,135,50,226,-146,123,221,183,-80,110,338,367,-39,106,15,-13,25,172,19,-124,50,-1,143,-94,132,384,-65,97,-93,111,108,-88,-39,175,185,397,-50,-120,126,-8,69,367,92,2
14,-148,197,-20,214,-21,-70,12,333,386,-50,-93,378,-144,383,231,62,296,150,266,328,-30,167,-143,239,337,70,-140,-125,209,-150,167,390,147,197,268,-4,-8,160,264,80,343,158,0,277,66,55,94,-97,-87,261,55,104,340,14,298,333,351,-87,45,325,190,-18,4,192,-104,97,145,234,112,6,154,355,-26,179,-135,376,-23,9,179,175,117,-132,368,250,295,-112,-33,124,144,-108,32,371,345,-5,157,214,-103,-45,55,283,208,210,359,-81,45,135,116,256,154,143,70,180,-131,13,-100,330,385,270,203,-29,377,7,346,102,68,272,147,74,-29,129,273,345,-142,-33,320,387,328,-13,7,-107,-25,389,105,-49,276,305,-26,-139,3,298,-143,193,16,57,165,143,-93,13,40,322,-119,132,334,115,-90,214,398,297,106,292,197,353,-106,-22,-28,391,321,1
-60,294,95,237,273,131,121,31,115,-146,221,76,133,-123,272,326,215,-39,27,23,131,-12,266,17,-111,-127,248,-40,-82,-78,-7,227,-25,275,125,185,118,120,268,51,253,72,369,248,304,44,219,264,-10,24,214,-50,285,369,331,-128,59,-18,392,19,91,-67,321,-16,295,-144,-106,343,251,330,-134,257,-94,224,-40,357,121,128,-20,-129,30,185,79,150,224,357,67,191,-108,136,102,376,128,-14,-63,33,200,106,15,21,-93,-18,41,111,328,9,-32,29,169,24,241,-100,212,-87,90,96,371,96,100,0,196,-51,327,-18,-16,112,278,-68,340,397,128,-105,313,299,273,256,25,42,50,8,-40,-141,27,227,114,213,-114,241,-24,360,266,-78,109,336,291,380,-35,179,-87,171,-126,102,-59,16,294,345,113,361,340,97,161,-69,-78,-82,-116,-64,-141,190,3
-25,357,56,111,371,386,3,317,207,113,271,58,316,395,228,69,192,-66,-75,266,-148,3,317,271,302,257,-98,25,208,103,396,260,-59,124,361,300,-73,328,33,-51,-126,-122,107,-68,266,351,379,46,213,252,75,-135,-133,11,181,245,3,103,-78,87,78,159,116,52,-23,277,317,281,-45,333,-48,-32,-136,-21,26,-56,104,-38,2,332,153,209,154,-98,-86,399,196,-31,365,312,7,-34,93,106,202,-1,378,137,-47,-41,-135,97,213,232,339,144,-41,-26,-105,56,173,174,202,197,-129,121,-45,292,214,286,309,219,-129,295,213,287,-148,218,176,216,52,-82,41,343,29,-15,-74,-127,276,286,52,-55,-148,342,88,36,-109,-32,-66,289,148,328,247,148,243,206,270,-3,-45,57,91,-111,369,71,-91,17,-121,-66,153,249,-22,199,292,253,-140,329,92,255,2
285,95,347,134,141,174,130,353,-83,77,-10,172,76,16,179,207,106,360,321,-67,275,69,246,244,240,35,-72,130,243,181,-22,214,271,5,355,313,-6,38,-148,339,281,89,-46,113,339,105,392,394,26,303,138,259,362,78,341,6,-141,237,107,5,239,74,345,337,-74,-57,-43,-26,-99,329,267,273,-28,348,-106,326,163,200,77,-35,315,-150,36,-63,-68,277,91,266,-37,244,162,214,-62,-103,-21,206,60,386,218,-79,321,162,345,91,295,-124,124,-27,291,-106,136,-136,281,-42,-124,89,246,153,84,-134,-46,350,107,252,49,250,-143,122,265,103,321,67,90,-111,276,-19,66,68,-79,2,-131,-17,326,-108,-69,26,-97,-77,154,354,20,210,-36,315,43,-120,-35,378,316,187,69,25,47,150,90,371,-149,61,36,52,211,-81,0,180,332,134,249,330,3
122,317,302,-20,345,28,344,-100,20,-66,21,245,144,-98,-30,133,156,119,252,87,256,23,121,-134,-121,369,208,37,-98,87,262,167,-86,-122,307,136,331,85,221,284,-42,99,18,228,147,275,277,-43,-42,73,223,255,382,354,270,131,-143,156,283,50,168,-37,358,-51,-19,-31,313,98,137,364,-125,194,-48,312,391,198,172,-130,66,44,384,174,345,235,60,-124,-53,43,125,81,-50,267,37,307,110,53,230,159,-6,332,-93,-117,10,383,349,-56,103,109,141,273,-82,31,229,52,344,198,175,317,-76,201,264,-117,-145,236,17,38,136,148,69,392,-125,232,163,212,231,-88,241,285,312,274,279,-37,372,22,-53,158,-9,190,-113,-128,-80,288,68,194,-33,174,-143,261,300,13,-26,9,62,61,275,299,-134,277,-74,139,-100,204,161,-136,92,350,366,115,1
-66,-93,257,126,-71,63,115,81,-36,28,96,261,-86,17,-122,-58,265,-106,231,390,58,253,-65,83,262,84,20,-145,93,73,185,0,120,394,290,273,312,138,195,132,-89,-142,341,105,323,161,268,94,42,230,142,333,180,396,146,326,274,94,27,145,146,-34,-84,103,338,323,217,107,179,369,-18,-76,181,303,170,47,243,394,71,343,392,292,170,273,232,5,382,350,314,-148,315,-65,115,0,-83,60,253,-3,-96,384,195,86,241,380,388,182,66,75,353,239,-53,247,181,-1,255,165,72,-35,220,252,260,-58,13,-134,-121,179,152,331,382,287,227,68,52,-5,72,-3,119,94,219,359,126,303,60,259,364,-85,-38,48,374,355,-28,119,51,-58,325,-130,-80,236,152,68,378,-95,353,-64,-60,-48,135,198,398,234,159,-126,259,144,258,204,-144,-44,4
-104,360,61,-4,11,-19,94,341,127,56,327,389,-109,321,27,54,-139,284,215,147,286,345,32,375,-49,141,360,-9,-149,-70,153,95,5,-133,163,244,12,188,25,-79,36,101,21,156,99,347,-42,175,240,77,304,-149,300,334,190,68,4,-21,49,362,280,201,76,315,139,78,216,58,289,231,40,1,200,52,175,137,16,339,134,300,-39,9,82,355,385,266,72,258,306,-127,-97,287,-38,-111,356,375,64,160,-99,-87,39,-130,132,352,135,192,382,266,33,86,358,-68,100,291,163,155,381,313,14,-71,119,63,-112,118,46,-1,260,377,312,280,382,233,-25,276,332,-47,372,-63,-61,129,156,-29,119,312,75,359,48,108,-140,244,182,157,186,20,55,249,49,-140,-40,92,-106,144,340,244,288,180,129,168,202,95,11,-89,29,-14,346,-77,152,192,3
49,243,42,326,384,226,142,36,75,-19,214,327,370,280,139,281,275,145,382,255,392,229,398,139,3,243,88,24,322,167,182,-73,52,-105,360,9,132,60,-17,10,370,128,-55,-102,-125,155,-50,38,192,349,139,344,54,-88,-138,280,155,358,-33,192,77,69,353,301,-69,292,227,289,82,-149,318,-5,186,310,61,320,247,-136,98,307,85,151,300,388,50,111,-85,-12,139,109,379,-69,164,-104,167,288,188,302,145,-98,-146,212,79,278,43,127,370,324,370,379,-73,309,221,44,295,-98,173,277,331,21,384,-1,94,261,152,301,318,-30,107,275,29,50,-109,-101,73,188,-91,261,-100,134,373,123,-55,96,-65,49,141,58,48,358,277,85,271,391,88,-116,331,196,353,-79,9,177,145,-78,184,293,53,44,352,245,43,261,-135,46,325,141,309,244,2
171,63,380,70,17,25,110,292,338,302,-41,-124,-8,267,388,253,-149,355,1,398,-126,-19,-19,-98,176,-6,-26,-45,-63,313,170,63,378,374,60,53,83,285,345,262,144,171,-22,94,61,31,-115,268,-115,68,-106,64,88,307,282,348,-77,170,-140,123,395,98,71,237,315,26,141,17,123,332,117,-130,100,-139,26,93,37,-7,180,4,249,204,72,-8,-128,-108,115,230,84,-20,377,81,172,270,50,-105,265,-33,308,380,107,-39,-70,342,297,374,113,297,57,16,304,392,-36,337,-123,130,201,165,105,171,74,13,-135,-55,-100,10,38,132,-33,233,382,268,56,115,381,320,248,210,-26,177,358,344,-112,-81,96,-6,113,-147,368,272,-22,-130,155,-96,140,39,-22,83,354,11,333,174,115,84,275,348,245,-113,73,381,164,288,135,293,218,338,338,-145,4
196,273,104,208,280,-51,223,301,383,-54,114,-132,62,364,160,-140,188,75,375,179,31,-18,377,245,89,294,109,-26,-58,262,326,271,54,233,298,220,-12,-145,-145,364,189,292,247,-20,235,177,247,20,109,126,-131,163,-124,116,-104,366,-109,-104,259,-63,263,269,26,382,94,348,77,-2,359,29,85,46,-45,19,341,-87,4,-4,15,17,223,-16,-122,224,-10,159,143,140,284,33,385,332,195,256,-107,-149,26,219,124,172,-58,276,-108,100,107,-63,226,-60,123,-68,75,-114,-120,310,-100,-113,304,86,-101,159,365,291,175,-79,58,390,-81,-114,95,-20,-76,142,165,95,-131,155,122,236,12,-111,240,282,-25,83,193,392,28,244,-146,212,-105,280,176,295,195,16,-109,-66,269,377,396,267,151,-86,2,364,349,174,318,379,37,374,-44,374,-128,-100,20,-61,4
51,382,350,-70,198,363,358,380,210,181,265,336,77,122,322,89,227,38,156,38,80,13,-143,28,274,368,366,-38,294,359,174,260,-39,64,130,179,119,171,-25,220,12,8,84,-99,-130,279,38,107,374,288,394,140,-94,-114,-65,337,9,-81,69,-147,22,114,198,332,260,-40,115,89,22,379,123,-76,235,-143,199,307,221,229,-145,126,-147,52,126,-46,-64,74,182,239,-44,42,393,77,76,206,270,261,326,-140,349,-147,37,205,-95,261,258,2,256,207,275,224,250,123,-87,-103,-105,272,-63,375,117,-14,113,357,115,174,191,127,179,104,343,84,311,87,186,-83,371,212,110,-34,-122,24,-6,102,394,-95,230,359,153,-57,269,36,56,139,276,-84,13,-113,352,73,-11,252,-16,29,26,1,36,179,-135,367,78,2,-30,284,-104,208,28,175,393,302,1
-98,218,-61,38,297,114,174,65,87,282,215,114,68,360,-57,157,-60,-95,-135,-64,387,158,391,59,285,-133,-113,270,203,68,111,216,242,-38,192,-40,78,111,391,-75,-123,103,-95,156,-85,34,136,101,-55,-129,-7,330,57,-81,-21,390,-107,344,238,-127,374,-44,-139,-124,90,19,66,98,116,332,242,278,118,282,-91,81,-37,12,149,371,190,84,41,211,-118,51,355,387,292,251,183,203,102,198,203,29,341,168,-79,161,140,387,272,305,-23,267,9,193,306,123,295,-4,-98,96,-140,-116,192,308,353,47,372,-57,174,-2,-50,-114,9,80,368,224,225,167,154,202,366,50,67,-75,76,-46,-33,-135,153,177,258,-46,91,62,-114,132,312,-80,-112,44,340,26,18,302,191,399,199,347,116,190,-64,327,215,242,-90,370,-114,3,-93,356,-72,8,271,-87,5
100,362,318,45,335,274,69,389,-59,-95,-132,124,160,229,195,-136,-132,-140,167,201,28,91,107,-58,134,-102,325,375,-118,-136,-128,165,60,111,359,148,130,150,-86,51,282,-87,198,246,114,86,66,-66,54,126,-74,-139,169,249,358,-52,101,199,269,-83,228,-105,-123,68,306,394,244,333,221,89,223,43,228,238,313,-29,79,392,198,168,273,-46,-37,89,-32,304,2,55,-91,17,397,36,76,-123,376,-8,7,353,105,50,111,206,293,142,206,307,237,-58,363,239,386,123,172,354,310,308,366,-146,-11,-22,114,-92,-19,115,30,-116,113,340,-41,-34,-118,265,173,-60,341,230,197,-30,149,341,-94,100,319,-102,-22,228,-113,188,-110,167,303,-72,213,-118,-77,118,234,51,333,227,18,398,27,40,-112,-14,-147,-142,179,303,333,398,273,332,358,220,364,153,4
389,-88,-72,220,366,-32,-42,234,192,304,283,116,156,384,235,318,181,-102,212,-80,273,351,94,238,282,383,351,-40,172,43,-60,334,347,204,78,-148,88,272,25,97,49,131,328,86,292,-38,155,42,185,93,169,-8,237,395,114,-1,291,-138,0,-103,3,-141,-62,-14,17,317,321,313,-49,389,188,27,10,43,76,116,6,-95,140,240,387,154,372,319,350,61,261,370,-117,102,28,299,256,120,291,-11,45,25,284,237,-77,166,156,-125,71,112,214,-148,309,10,152,-11,-1,-10,156,10,35,-19,280,74,344,-95,-59,-35,-134,41,289,353,124,60,-150,162,221,271,-3,220,284,189,0,200,346,-49,110,269,156,-64,265,-37,52,90,-77,243,-76,79,-95,83,315,362,55,263,94,-45,26,8,-102,37,-52,321,-64,261,337,-103,337,45,89,363,118,321,2
-138,-41,301,41,61,148,148,236,-128,-94,163,97,289,196,-86,308,286,204,-62,-64,-38,-102,301,-120,325,212,0,160,235,168,148,156,15,377,-11,272,38,134,-69,283,202,164,207,-59,211,232,257,298,71,-23,72,70,134,351,314,290,186,352,84,-141,188,27,36,-46,202,124,78,155,-94,377,-55,-137,93,-113,-83,89,-53,39,-94,370,81,371,129,171,344,206,50,-2,192,-128,-149,305,-122,-120,-142,257,94,269,-28,343,164,85,375,270,-89,-9,101,42,-124,289,249,-131,-52,179,48,180,-38,-89,-56,-87,-38,113,316,172,74,62,44,133,-66,-111,-40,137,150,42,7,57,54,230,162,-114,393,89,306,303,156,39,394,362,8,4,-95,37,3,266,331,-55,267,272,-12,303,-77,384,329,236,148,383,-62,-101,147,97,-36,315,1,106,73,245,-131,-47,3
-50,-118,19,309,66,351,248,27,256,-23,41,10,-41,-118,-111,-2,-75,-52,162,-65,199,-72,9,272,138,-110,344,-137,-36,-95,-140,-133,29,325,213,63,-147,139,363,107,379,194,275,245,386,83,44,389,-76,-27,114,334,-118,382,296,-32,-108,261,-5,-28,-82,-110,149,284,203,398,-92,146,3,221,138,-49,269,-44,-128,-22,-97,-47,96,70,247,256,297,318,332,147,382,-94,166,301,318,-20,298,33,347,85,353,256,371,219,146,-76,11,195,87,-87,-18,86,129,218,46,97,-5,-33,16,-92,258,19,253,334,83,-143,94,121,50,389,305,87,307,112,213,76,-134,264,347,88,192,75,200,375,34,101,30,-7,223,-41,341,350,49,162,272,-85,28,187,39,262,-143,-3,-23,50,135,291,-3,100,64,369,-31,21,-22,-73,237,148,328,-126,195,233,117,59,1
333,-44,107,373,99,16,-35,174,94,16,-120,238,107,-103,285,-111,392,-92,302,9,-122,58,329,227,358,80,69,59,144,239,332,284,212,280,288,86,108,386,270,-21,213,175,40,201,164,-92,288,135,67,249,318,319,182,370,174,41,325,-102,256,196,18,45,26,378,-31,316,107,-85,-67,-75,177,-15,146,189,202,399,195,221,-83,187,191,-37,94,322,-38,72,22,234,291,21,357,268,41,221,86,246,-76,185,317,-100,104,145,240,85,269,-5,83,8,336,388,-61,0,310,-132,225,240,62,216,-59,217,80,2,64,374,99,286,-23,399,-8,185,148,224,-36,-119,129,362,137,-13,215,382,-136,278,365,-123,67,25,214,388,381,8,245,323,-102,273,-48,153,227,-61,-2,137,127,268,-20,-1,-71,-10,-112,300,-100,41,368,174,82,34,154,-39,22,21,1
243,-50,266,317,-130,-104,282,151,-89,-39,377,35,325,-47,234,199,362,249,86,163,8,318,344,-72,81,-50,39,290,343,182,86,318,71,175,-121,-119,210,-137,318,151,61,39,91,316,327,390,286,213,-77,164,-132,223,13,126,-134,102,-64,298,179,13,-71,290,24,-68,254,184,374,370,59,180,-29,14,232,-4,377,-109,12,171,10,153,135,288,191,-74,335,130,304,-4,101,226,214,31,-133,-63,220,172,302,280,129,0,1,392,-5,251,178,-115,-72,-64,56,161,84,257,-8,-85,221,187,-1,246,-21,-64,284,70,334,75,-42,389,380,99,-32,365,355,278,120,70,-83,-82,78,54,-75,-55,393,-85,350,386,317,194,-59,109,71,49,40,151,219,237,-94,22,90,-112,-15,316,169,157,323,223,-122,-100,-137,90,372,33,-101,272,80,-117,391,126,364,393,5
34,256,-101,333,354,355,283,210,18,271,367,-57,277,380,135,-38,-39,-42,287,134,-141,201,-93,-9,78,244,-75,302,184,-129,46,312,224,98,155,300,257,-42,126,91,211,144,28,202,178,130,185,-38,123,338,346,83,-98,28,134,-67,211,2,383,290,-75,181,231,-127,209,-130,-84,-111,315,371,91,73,174,-95,352,93,345,204,24,-111,-75,-79,59,145,222,-71,-72,-72,357,-89,306,-24,143,34,312,284,168,146,297,21,153,264,332,266,-130,325,360,-144,133,-101,-12,86,257,-65,220,348,179,384,44,382,177,-103,-134,-67,-47,-64,291,-53,198,29,100,-107,131,-86,174,252,246,199,-35,10,339,131,-64,340,189,399,-148,-50,-107,5,340,-9,355,-24,23,-33,-126,119,76,23,74,28,209,-110,133,-40,200,328,211,190,234,-72,-123,341,368,279,-100,-24,3
-105,-143,-101,399,273,105,-26,39,1,1,71,-98,-115,392,-104,68,211,240,156,5,-86,358,98,-51,193,-91,123,176,13,-5,399,152,298,141,-105,64,278,112,348,323,173,100,275,217,257,396,-83,174,-7,328,-25,313,275,334,-98,214,151,147,251,-134,365,394,4,261,180,84,82,-101,187,119,181,211,134,43,-129,-3,212,-96,171,100,316,60,245,22,83,28,323,300,270,-109,77,233,256,22,350,63,315,242,344,268,-44,-66,338,-87,30,105,386,16,-143,339,-97,-26,372,272,350,-67,368,283,52,134,192,297,147,154,-104,377,10,-148,364,298,-143,381,-43,-89,307,37,318,-42,176,-40,-40,-61,94,284,-146,72,263,-91,-67,277,363,-114,167,133,308,98,171,252,301,43,-123,-47,117,323,-80,-120,149,284,309,397,378,36,159,27,-33,56,-83,351,4
177,234,39,55,398,384,284,297,301,231,213,158,34,28,268,398,226,-73,125,280,321,165,384,272,-82,328,-118,-138,60,298,232,30,-54,-9,-34,85,345,-30,242,170,340,169,136,391,98,-22,86,276,113,145,366,-114,387,353,-69,359,242,-110,276,336,216,291,-20,-140,243,281,-138,-23,167,-41,-130,-83,-106,-52,48,329,175,-14,87,311,76,189,339,-77,372,-121,194,-139,189,199,-57,-75,250,399,369,-73,278,105,340,-139,102,77,257,62,22,260,186,-150,169,-12,-48,175,-45,-150,126,128,267,181,-69,297,20,247,188,235,188,110,-77,-58,266,25,248,239,50,91,175,-66,294,263,187,-135,24,116,-129,-149,-22,142,-120,-18,204,-129,161,-65,7,66,332,279,-116,352,138,266,-125,233,-107,343,238,84,123,333,-71,208,263,-78,-29,340,228,-52,112,175,5
298,-122,182,100,56,234,351,308,264,182,110,198,-50,199,352,110,208,-18,237,-145,71,271,212,-143,50,239,-70,-43,-59,-53,6,188,315,-29,61,195,3,304,109,306,156,247,251,101,-149,107,305,69,-59,-77,313,-4,-129,-129,-138,290,315,55,334,120,382,378,20,120,310,290,112,123,159,200,59,299,251,136,125,198,291,-10,316,287,104,85,196,89,220,165,230,135,321,-148,193,217,108,142,122,281,-119,-83,297,386,146,18,209,54,-121,386,-98,92,-100,164,25,154,336,-17,390,237,-137,350,118,330,-150,382,4,317,-68,-3,285,287,114,296,-72,275,164,-117,136,89,185,217,226,386,256,227,244,-136,389,216,-12,-70,-111,323,256,-3,233,-48,316,214,86,196,313,204,246,7,75,-32,138,-70,-32,-46,-102,158,267,102,32,298,371,386,304,174,5
-75,329,105,377,-85,43,1,-127,357,385,152,163,-108,221,96,343,372,183,294,-144,117,314,272,-138,-142,-143,316,352,60,149,120,14,399,347,275,381,210,-79,178,267,242,399,208,237,330,322,197,156,59,156,177,183,-141,-48,376,-102,33,350,-67,-62,124,-16,-109,-86,-104,364,351,267,330,331,-27,-140,-124,-82,289,370,-17,-24,188,328,331,133,157,296,369,-18,-94,364,-113,206,-117,64,-2,-131,255,193,-50,-148,-92,263,364,300,118,255,388,-86,95,230,68,-94,-126,147,-1,-13,-3,-30,-140,182,290,304,159,-6,-130,334,-135,2,288,281,399,279,-7,69,196,301,201,232,229,-18,152,381,380,-128,160,-94,77,63,18,-137,120,38,-119,-106,-116,239,79,398,111,106,184,-25,336,396,161,-4,268,290,259,156,293,387,-111,139,-110,-30,368,234,-54,203,1
184,235,259,272,-77,399,140,157,-79,96,-91,-130,-62,72,299,291,-132,-121,237,178,-132,-21,347,132,360,76,-99,376,157,358,-73,234,110,34,201,181,271,70,219,153,150,84,-57,73,262,-71,341,52,101,-109,-91,53,-87,18,167,15,-70,81,283,217,269,6,177,-69,-7,356,-64,124,208,-50,153,-81,286,277,244,-127,-57,242,167,-81,305,178,147,33,-116,316,-63,-59,-6,291,74,-64,-125,-9,30,133,288,182,212,288,268,-84,301,-107,-83,139,-71,1,-12,93,365,318,271,326,341,-105,196,254,15,390,125,176,-6,240,273,351,38,302,-139,155,247,21,4,233,359,26,159,-77,175,61,216,-102,129,302,306,-80,227,-143,149,91,130,-29,138,276,78,-38,160,325,51,241,296,-96,29,350,340,-57,164,345,393,392,212,129,317,84,204,-70,153,241,4
284,266,8,250,-9,2,51,-134,-59,74,154,363,90,-124,327,-127,205,252,399,333,217,325,295,325,306,295,42,301,322,-33,-133,-79,-37,-124,283,-20,-103,200,-64,51,-110,18,265,-143,267,-133,328,-150,-7,363,163,130,-51,341,100,172,336,33,-91,238,35,104,-134,-62,13,-63,124,8,12,270,375,188,348,234,257,14,1,58,-70,348,-42,21,185,-150,-18,343,-123,64,299,117,15,-55,-77,233,57,187,-9,-6,69,278,-66,-53,112,-18,-33,155,234,345,271,-2,-10,-65,141,-60,83,372,6,115,271,13,395,353,67,-92,253,116,-41,44,145,217,184,335,-26,7,218,-112,272,286,178,161,129,270,91,-107,359,320,324,372,-97,-96,180,20,52,329,-47,281,219,-91,188,213,66,176,-7,260,394,-45,56,110,284,176,-9,137,268,117,-115,-43,313,387,2
326,341,201,148,219,-72,264,332,256,389,293,159,4,85,45,311,51,253,31,320,381,209,36,44,343,138,26,214,-2,130,-7,231,-26,313,170,-136,-90,395,-130,-7,-5,372,118,117,73,392,-136,25,228,156,367,-134,133,59,71,344,363,305,122,309,91,312,228,354,100,-33,-37,-50,307,-10,193,229,-85,353,-15,15,-49,227,50,94,313,213,211,45,21,290,177,-56,41,-59,-147,39,19,173,87,77,6,-93,202,217,81,103,-74,-103,11,166,312,290,365,83,-45,49,-14,223,156,-24,-30,270,-125,290,396,254,140,-118,-5,212,-72,-94,5,186,133,-100,-135,314,85,339,278,380,-86,-94,277,119,174,0,169,-99,35,62,270,-63,383,-40,268,17,239,271,168,58,77,68,206,-69,-1,331,22,-128,342,55,-42,394,348,41,376,296,85,295,390,-128,3
159,-44,-18,321,157,-9,177,45,-102,-26,254,113,-74,230,-107,193,266,245,280,336,225,-5,153,379,2,-62,-124,47,190,-105,-38,9,7,-24,137,-136,-64,337,66,-5,-72,193,257,18,138,387,117,68,59,176,356,306,-79,-82,329,249,-71,1,185,174,-102,-22,263,79,-129,171,67,-138,204,156,337,30,-27,144,-123,63,182,169,214,48,-123,-72,361,399,1,45,345,159,9,297,78,9,191,142,217,216,289,139,305,198,335,294,-66,-25,36,-77,-33,49,-104,-97,224,-1,-72,338,264,131,48,117,-144,211,361,374,296,364,-130,92,188,-75,34,61,6,197,11,-93,144,-20,96,140,-79,193,391,-71,276,343,284,142,-142,15,6,247,23,23,-59,222,-83,16,356,29,-134,-35,183,128,-83,228,167,360,4,250,-82,-114,334,281,62,276,-118,293,-131,313,1
356,321,-31,255,41,153,192,199,253,266,357,51,209,170,-137,-60,115,-78,247,270,-81,118,-88,139,384,357,256,-37,-111,312,0,211,257,372,138,-43,119,-33,-9,341,267,-37,202,-48,98,-148,-133,129,126,-116,5,73,216,-91,90,40,202,317,-87,219,-75,122,322,45,326,-106,125,41,340,93,381,392,347,24,308,48,334,-66,113,-96,204,363,-46,-43,4,-52,214,240,211,133,135,-10,-101,-23,390,215,-24,247,297,346,-87,75,184,205,286,152,236,91,-86,320,53,-135,-92,41,10,195,-13,-141,57,-98,-129,177,172,104,-138,-106,144,17,343,199,43,163,355,336,-86,307,68,307,373,384,-73,30,196,315,-73,397,-9,90,-39,175,398,137,368,277,280,-142,149,279,369,-95,-130,-118,153,-77,235,80,121,-131,172,140,74,134,356,101,-8,108,-42,-53,3
395,-67,48,252,254,376,122,-114,127,369,-140,-142,94,107,137,-100,14,367,266,60,-63,-57,-26,9,371,-3,94,255,381,-147,-32,70,31,341,-59,372,388,-23,187,336,-90,346,390,-88,398,289,338,377,161,19,129,136,-52,244,-21,190,186,396,39,-27,-27,57,-38,242,-34,15,-134,249,203,155,-80,355,18,231,196,248,-47,166,63,285,285,13,138,-106,-149,362,361,227,175,191,280,213,203,140,141,352,263,-74,394,-2,303,301,397,233,131,81,99,39,345,360,306,13,109,378,121,-110,355,217,160,197,162,399,-69,14,-101,334,68,101,-50,158,374,147,23,58,354,-7,21,-42,383,318,-46,-78,154,48,94,-75,-87,-22,258,80,-50,202,190,193,50,241,121,96,225,-125,-66,261,279,159,102,326,-68,183,50,196,-22,-107,392,362,132,171,-138,196,2
57,20,-62,-16,221,43,86,397,-19,311,222,72,383,-80,191,383,-52,145,-131,232,90,0,-116,343,-137,149,-1,-123,24,-83,204,331,201,-120,-137,-42,310,382,118,52,76,283,-24,-83,-139,-103,-87,-8,-48,177,27,-147,-62,91,173,-118,323,-146,301,202,-90,1,87,388,398,96,-31,-21,192,-114,-78,353,200,309,42,25,154,364,13,239,267,-67,336,-120,267,-64,275,281,123,247,209,70,349,46,315,62,334,50,98,-119,334,237,105,-90,-11,264,-27,-37,234,319,189,383,-38,-9,309,345,-1,121,70,-45,304,248,-21,40,120,-132,192,222,-130,132,380,387,102,26,103,330,333,2,183,352,333,-53,242,53,74,-31,200,-53,120,42,264,115,142,-13,344,127,166,259,-76,154,307,200,-14,135,283,390,358,-6,45,-87,128,267,-16,113,68,-19,43,243,3
306,-20,6,39,138,293,19,361,83,180,-17,357,222,114,102,1,-79,10,-122,-149,315,350,-56,63,29,213,278,15,-106,-7,192,96,258,162,252,188,15,-23,77,-85,237,323,-76,93,361,-50,120,41,34,27,-134,-46,249,-39,-52,108,353,22,149,197,225,242,232,165,-76,360,-56,294,122,-93,-114,250,79,343,-48,176,53,-77,21,282,-27,-82,-134,352,15,161,350,52,214,-65,-67,92,137,330,-18,-127,156,-121,-79,279,262,62,-89,-122,195,342,-26,32,387,355,308,-100,215,-32,127,362,376,116,198,71,384,-45,270,166,209,105,131,-58,-29,-101,0,256,340,5,321,300,243,359,362,79,-80,55,-93,377,-59,261,-81,133,20,56,127,-132,124,16,15,-119,-137,-53,200,223,213,328,160,289,-8,162,-137,127,152,-45,83,-23,147,304,97,351,-127,247,5
-103,230,99,10,-51,284,289,314,-97,-22,374,56,-24,359,159,347,213,-14,20,86,41,333,142,131,-65,-115,314,371,308,-120,163,133,268,105,351,397,-88,-81,266,283,32,276,192,243,-45,-73,219,45,230,-46,222,101,288,-109,328,69,-120,263,175,337,86,-144,265,259,-108,135,-142,183,253,301,-126,351,-20,-114,261,293,179,37,85,-3,57,241,-58,-43,319,-126,308,217,65,105,381,158,349,-38,-48,342,-130,134,50,-79,-142,184,269,-144,354,91,267,86,-47,95,204,99,-114,32,269,310,28,366,14,-94,97,-122,136,-55,29,118,-122,35,5,-46,391,301,-49,351,305,159,245,-139,-9,-19,147,398,392,229,162,91,160,114,182,30,212,138,-149,384,25,97,210,63,349,258,347,-43,-112,-42,221,-129,37,13,138,-74,60,218,367,42,54,55,304,205,4
-143,115,191,206,103,207,-142,-97,249,348,383,-8,5,262,-119,342,-118,16,283,375,48,381,-121,80,389,306,320,139,-1,24,379,113,166,318,263,-29,282,49,296,-58,-6,276,295,127,122,99,-83,-3,247,264,-120,383,-25,30,-124,321,136,172,-48,196,138,-91,263,246,-3,305,332,-75,254,-10,-121,327,35,-149,-16,68,158,-77,-11,250,-31,382,357,119,213,-129,-145,-29,-135,149,382,141,-20,-110,283,-137,74,281,46,135,147,346,348,-127,58,164,42,83,184,165,399,372,93,274,341,343,78,165,-11,-112,361,-135,204,258,101,222,101,52,-69,181,-12,-32,-105,187,364,-9,386,12,135,-29,-112,133,41,80,226,-67,69,224,342,13,381,303,93,-30,290,-76,340,173,303,155,-134,116,84,3,-5,391,212,-89,240,-9,-48,-139,232,-68,336,-101,-78,274,3
314,369,-12,-11,94,365,256,-89,353,-72,-11,266,246,200,332,15,-30,64,-37,328,27,336,117,200,-38,310,199,364,-15,-61,7,247,-134,222,318,335,97,-17,80,171,-21,293,236,70,-38,112,-121,396,164,314,295,25,-52,-36,78,317,15,174,359,-112,262,361,-42,288,56,-91,339,101,43,-147,381,83,47,-104,-75,175,59,317,316,238,227,90,253,91,87,-13,339,235,-106,18,149,32,316,62,130,348,117,298,287,169,40,376,225,204,6,212,313,262,53,41,270,288,-77,322,-16,287,41,-101,-80,162,-143,224,158,-76,268,-38,26,1,-73,269,11,179,206,-84,95,91,171,159,46,355,145,-41,-137,-26,-100,-29,331,383,397,87,382,264,326,185,-15,-89,-36,57,-116,358,318,169,65,-46,377,118,76,172,265,364,201,-56,399,44,343,144,34,377,2
237,80,151,275,277,-79,151,101,53,320,-149,186,40,101,26,-9,-126,249,144,318,-121,126,-79,70,72,38,82,252,381,280,129,209,-86,176,130,82,-78,232,294,335,332,311,210,237,344,170,358,263,332,-149,111,321,142,31,191,217,358,235,395,82,333,-17,164,-111,377,371,187,7,-83,365,169,-51,-126,376,307,-75,20,284,311,32,236,-13,-127,224,98,-85,347,274,46,-101,49,-15,245,328,-77,3,243,-102,333,248,-109,95,126,-124,-71,-88,28,373,257,20,-76,209,132,220,375,354,161,-149,174,379,210,209,170,298,303,292,-108,88,234,-56,233,141,-87,74,179,4,-22,-122,303,137,257,-7,131,362,389,-118,79,283,-12,105,-51,184,-141,179,-102,262,-36,160,-74,310,-5,43,-70,169,336,56,-22,302,242,-7,346,247,200,161,95,222,-39,236,2
185,-36,-114,310,-93,-3,-116,59,124,34,157,198,-144,-4,-17,180,241,337,209,313,7,76,229,260,-44,247,155,110,316,126,-22,-88,116,371,-48,392,-35,306,67,259,-139,397,324,91,-82,155,58,287,-14,-137,-98,210,105,364,-32,253,95,328,365,212,251,-73,183,47,145,7,396,257,-78,214,336,371,-42,324,229,-10,375,-41,73,-119,-125,-100,-92,227,-10,152,185,-87,-44,-129,212,201,21,201,-69,77,387,42,-14,75,54,283,26,279,37,-4,217,120,322,187,296,-32,291,16,-45,123,159,358,178,134,-121,185,-126,200,323,260,335,135,137,77,201,-12,21,70,11,317,56,395,-123,388,-15,-122,124,-119,234,226,368,-4,45,291,-43,-124,-114,-73,-143,106,335,326,304,317,63,109,211,384,379,225,56,-23,-30,151,-138,199,116,183,48,303,-143,-46,4
66,105,386,346,365,-84,368,149,59,356,-134,-15,184,275,95,-111,69,173,110,-67,370,233,344,-141,-121,107,286,-150,321,251,-29,334,-27,363,79,-142,176,280,-138,148,10,261,68,318,-16,-121,124,375,185,257,380,252,-31,222,272,-132,-10,-127,316,0,348,209,-114,-131,387,-31,186,174,341,-96,-93,117,272,300,-116,289,105,168,376,-69,299,130,155,-23,294,-26,-42,259,227,-100,-20,369,-29,291,21,328,299,-102,252,301,81,373,105,101,206,238,24,370,128,-88,240,315,30,316,215,-41,188,190,-45,110,294,-57,196,-66,29,10,291,18,222,378,372,-103,392,-31,264,368,157,-58,-49,84,148,-98,242,215,172,320,84,254,268,141,212,79,87,11,239,-20,13,157,188,57,51,-22,177,149,267,-32,-12,358,116,337,-128,269,-99,38,-51,-119,-51,-49,2
-115,365,39,169,243,34,308,-86,-89,375,-43,108,110,275,313,168,87,-80,165,81,241,69,204,-77,229,-74,250,165,380,-76,351,365,380,103,321,169,109,133,9,-113,-138,-34,-124,211,288,335,74,315,39,-42,9,330,-46,-123,4,-140,137,49,-145,-148,-32,208,364,323,264,-60,-103,314,201,210,146,14,318,303,81,204,-95,30,243,96,175,191,-32,135,333,368,-83,-87,219,174,358,182,348,46,36,49,117,311,320,2,-126,81,127,-125,-26,-35,-31,274,257,168,239,258,-8,226,-24,-70,89,200,372,323,339,71,210,330,384,111,75,399,202,215,105,254,48,211,-144,-17,109,67,50,-74,-66,305,269,389,137,216,-33,-141,347,20,-95,-82,227,369,278,191,330,170,91,-50,282,165,-20,75,191,-54,12,-28,384,-127,-90,331,267,96,103,264,94,134,3
62,-100,-53,212,91,20,278,232,332,-133,-56,-150,103,-93,144,361,-12,140,-124,171,90,191,-24,-68,-17,-58,137,398,-111,273,301,340,-42,-3,-79,96,269,15,96,239,-27,358,-119,33,339,260,142,304,301,282,132,15,-91,-80,21,380,333,324,352,257,391,395,160,203,83,340,-55,268,-48,34,359,377,-111,-50,-112,161,-23,131,52,-16,346,-87,206,-33,269,229,286,-119,86,140,245,79,340,123,254,338,122,-73,-100,-91,309,145,-149,250,214,262,355,126,105,-12,315,-96,-52,93,346,13,372,369,-144,52,307,15,369,366,379,285,262,315,-107,-106,-50,-89,2,189,-89,96,151,74,343,301,267,47,34,118,377,-138,-32,311,357,154,381,338,335,-33,245,21,134,205,-131,298,64,-139,138,171,364,24,-32,290,-14,-97,62,55,281,382,311,16,17,24,2
299,128,205,180,118,-51,384,92,-145,-65,-91,398,328,-81,395,-66,134,67,-110,-124,54,-90,-133,-75,-86,-73,355,84,15,-17,-12,-132,-145,-63,-29,60,386,39,28,341,336,-47,13,-132,254,252,304,347,334,256,-2,-19,117,193,16,325,363,-129,128,282,18,278,350,272,0,13,241,284,150,362,-148,155,-4,239,-65,33,199,35,119,362,71,-16,44,-91,291,-139,77,57,259,-54,-123,95,372,-44,375,-64,35,-82,384,-23,-86,-40,364,25,360,222,385,-28,293,-78,103,369,37,-125,41,159,142,-83,137,356,-140,369,52,54,258,63,389,-57,170,-68,3,-34,307,-25,146,-3,124,-2,12,96,11,-109,335,87,262,189,131,302,79,-83,228,164,-78,333,130,33,317,24,132,159,355,197,-1,336,212,174,141,5,149,54,326,207,-20,-40,206,185,194,-140,3
33,392,193,358,293,282,1,133,341,49,-122,-69,-59,341,-85,-14,142,41,-130,139,206,236,84,-52,80,397,152,-43,140,279,292,133,340,143,137,396,245,348,79,20,275,-70,57,317,220,-14,49,170,248,41,103,59,74,293,-104,-133,-86,278,-42,-71,388,89,220,54,174,143,-54,210,-132,191,141,359,88,-35,127,-118,84,388,133,372,337,-120,126,255,-140,-9,-83,-68,66,386,158,386,257,-54,301,257,208,316,177,-130,232,324,186,37,328,371,346,283,43,72,209,301,51,-32,219,384,131,5,381,155,243,114,-118,164,121,80,371,141,-97,-120,131,-11,207,24,229,134,259,-133,158,286,73,-130,247,35,194,130,-57,-10,315,-40,84,381,-38,-142,389,387,303,52,-52,-60,254,160,-137,-87,-112,-51,-27,290,246,319,-143,-138,13,33,210,114,-8,106,1
316,295,-50,239,106,223,-4,191,305,363,-72,-113,299,235,122,193,71,28,232,339,383,316,340,163,131,12,-149,143,216,292,176,-109,246,121,162,83,65,395,214,312,-119,-117,-119,384,150,281,80,188,376,309,317,352,104,329,125,195,169,26,-51,315,-103,17,197,-67,235,-40,47,299,-49,266,137,122,350,181,363,14,257,316,-104,225,363,32,74,148,292,-21,63,357,-46,-96,157,-7,393,147,69,-114,213,208,191,241,112,115,273,-144,1,-11,-79,72,381,-38,-81,172,135,385,-96,25,296,6,6,-26,-46,10,374,211,-123,105,217,244,266,118,171,283,131,-58,104,236,-47,27,71,211,76,-41,147,146,91,-87,26,61,345,-39,181,235,392,-90,139,17,222,153,221,182,-102,211,-21,381,-4,-25,-62,136,64,218,236,319,-12,164,-95,218,-96,48,2
-18,333,283,109,183,-110,-4,130,112,337,37,-41,250,245,67,364,29,166,-24,-33,-9,-73,-84,91,366,-92,30,218,-79,375,-44,112,-34,169,203,265,71,252,181,122,-1,-126,278,357,-107,77,345,206,19,-118,-149,-34,71,394,-82,-41,385,315,309,-86,-120,387,332,61,81,-36,197,-139,119,-63,-56,-33,-119,186,113,212,-1,172,328,152,-113,341,-102,-101,51,-76,-21,54,312,-105,-109,380,141,15,227,269,-53,29,357,290,250,88,124,395,155,341,320,224,305,40,-98,340,149,-148,64,166,-54,-49,3,158,-36,304,92,29,-114,167,-21,63,58,-146,64,-114,87,29,79,375,-55,284,-83,300,-91,235,237,307,193,156,285,389,-4,252,-107,254,-65,120,-79,370,161,207,-41,163,28,108,26,154,241,280,98,236,-27,15,79,32,-11,55,-39,-41,-43,54,5
298,321,173,75,227,-31,290,313,-82,314,-7,62,104,46,-73,-121,195,77,332,69,-72,140,-30,-32,273,21,366,211,198,280,235,167,-136,309,67,290,362,73,-134,68,41,292,-33,212,222,251,330,142,-97,264,-69,-99,179,329,174,70,22,7,82,204,-20,-86,248,207,175,83,-116,75,388,17,198,-114,291,276,278,-11,-92,195,243,282,108,226,-87,43,20,170,288,170,130,144,18,216,-56,224,27,-94,252,327,133,-109,40,-142,316,-58,-17,18,385,229,-40,165,329,-147,305,230,-137,8,130,5,297,341,385,-136,190,291,-146,-112,40,49,-73,234,229,302,-59,325,26,-61,-133,384,-45,251,305,284,-35,257,-101,-114,7,254,248,194,-36,-104,275,-60,366,318,320,-49,126,74,50,399,22,169,297,45,378,182,248,172,-94,-82,371,-27,113,121,304,253,2
-121,2,315,328,-102,-21,361,344,318,391,185,105,-59,378,80,-69,-113,323,165,-95,216,323,339,148,-116,-143,222,32,250,-130,324,80,0,87,44,-120,-107,-79,-73,-29,154,2,293,65,-109,195,-44,-120,261,-120,180,-57,160,-138,-14,-108,361,109,-138,-107,-98,-141,43,236,313,152,-142,343,132,-27,168,15,-91,47,149,267,-99,-104,121,-117,389,75,50,-24,27,17,6,247,247,294,399,-143,6,272,359,95,-120,-91,150,356,-63,39,328,-80,-36,216,314,-23,197,84,248,289,337,383,38,123,374,299,140,72,-120,307,85,123,72,170,195,112,162,-26,189,-130,370,52,95,353,8,94,148,333,-128,120,289,200,-137,-103,1,380,187,228,-88,308,258,144,-139,-66,179,331,214,206,190,63,250,226,100,389,-34,277,314,375,368,-95,224,72,24,-65,-79,-135,3
219,22,60,198,-30,138,42,-119,207,51,332,24,306,-76,271,228,316,382,-145,192,341,176,-42,397,80,114,-65,244,-134,178,151,188,199,319,-51,112,-150,43,192,360,354,16,173,71,166,243,339,371,98,191,313,80,100,273,20,-138,208,132,39,237,345,144,377,63,333,-129,-73,-20,399,363,226,147,12,38,-131,126,239,-129,78,390,361,-124,-11,-41,105,146,28,-53,205,-36,91,130,323,-6,271,335,383,364,195,139,109,163,-10,103,142,242,-15,39,-54,135,76,351,257,-129,173,28,50,249,36,317,150,294,-69,73,-76,-57,321,260,-120,47,68,374,361,-55,156,216,-69,-26,-137,-95,251,-54,158,-57,-133,236,285,9,235,221,-12,363,332,262,70,-54,165,-22,373,-39,-18,29,341,330,163,7,379,398,13,161,-57,190,64,-2,7,-93,39,251,3
271,255,-106,-96,272,-43,307,326,-135,203,316,307,53,268,265,21,82,68,-95,-59,20,218,-61,-92,326,146,243,332,270,-137,-67,377,-133,86,272,-147,67,-97,126,246,184,366,190,190,114,-106,306,360,242,-14,55,-129,355,365,309,6,-7,-136,179,120,-41,305,62,349,338,182,36,138,63,120,319,380,23,309,322,67,194,68,80,327,318,235,273,-101,261,245,198,75,153,161,59,292,-1,26,54,57,77,-90,346,-120,-144,71,96,-130,152,352,356,38,-66,-6,0,-101,302,169,-103,348,-138,-6,200,-126,79,-130,51,232,-67,91,322,138,-139,34,162,204,197,347,-76,4,314,44,-19,206,374,364,120,90,360,329,-44,58,31,160,-70,33,216,296,12,-42,136,92,380,201,221,286,45,-40,242,-51,384,73,386,65,34,269,387,393,260,312,231,207,5
324,-62,135,-23,241,174,-137,74,218,-130,390,211,-60,-14,-55,210,320,295,-123,-122,84,36,380,389,329,395,394,160,187,135,-148,-1,347,100,330,69,-112,-25,316,103,77,-88,-26,-28,338,248,130,-120,21,-101,104,178,47,283,135,-111,356,-74,234,147,396,-105,123,-72,35,-49,312,41,215,241,340,136,375,176,3,13,56,83,165,358,131,138,344,249,233,62,120,389,12,-145,315,334,142,264,-144,82,18,88,197,-110,207,292,98,-139,3,60,31,97,279,11,328,-42,289,186,34,-116,378,266,-96,239,339,219,39,359,-49,294,296,66,314,57,76,-86,189,315,249,57,293,290,-76,376,-2,-103,87,264,206,36,73,-73,399,345,14,247,-89,-104,-81,360,186,394,-106,-117,-104,-114,-20,301,316,-79,-33,160,87,107,138,42,165,-134,-54,-60,163,-55,5
-145,232,-58,-12,67,-144,283,-117,-21,141,260,112,-28,-150,314,-47,223,337,-119,133,-99,10,209,215,83,283,96,247,-30,19,58,47,-48,92,-73,6,338,-102,269,-36,255,-107,33,98,0,128,35,192,345,22,202,108,45,315,177,-38,365,208,122,-130,-24,285,369,-113,-116,166,44,210,-8,75,135,352,-34,213,-44,-125,102,-138,-41,28,257,195,-57,220,12,-102,200,29,-36,-28,37,315,225,28,131,65,297,-139,103,221,-55,-82,42,328,-135,111,271,-77,320,306,-85,240,43,-63,224,-71,180,113,366,282,189,285,212,339,265,-10,276,-73,242,-133,3,218,301,389,58,305,-32,123,268,119,283,-81,11,74,-150,-93,66,25,250,288,324,-114,355,41,253,179,33,-117,-128,309,137,-93,326,221,226,272,290,318,378,268,363,354,-5,-80,5,279,-53,-132,3
-123,139,366,78,7,1,206,124,381,-100,374,197,273,380,378,65,57,-43,122,-20,231,119,-20,386,112,-48,-37,11,26,220,132,37,140,294,113,119,140,-40,319,41,67,34,267,268,6,-53,388,182,147,-131,-43,364,225,287,250,377,-113,252,-84,141,-143,144,70,-118,25,279,266,121,14,70,313,-49,-37,170,149,124,111,184,170,137,244,-133,-14,294,-21,390,-6,326,218,-126,94,-15,372,329,165,-103,261,-96,-97,127,282,172,-119,174,-42,145,-143,-79,386,111,18,136,-52,285,227,208,182,-129,340,-40,254,-148,307,214,46,343,367,160,134,-75,362,-85,369,148,39,346,-74,-32,210,269,-8,37,349,8,325,381,250,86,-139,-30,-21,27,68,241,-59,12,332,333,395,215,210,99,361,167,163,-49,166,-66,336,255,133,354,-74,208,378,-119,301,84,2
155,7,-35,306,163,8,-3,343,-57,-76,319,-133,179,386,287,266,136,312,310,327,-145,239,284,280,273,50,15,128,-82,-76,38,-148,10,-30,126,188,297,68,211,-75,118,18,297,308,142,88,-75,308,-98,-56,323,94,86,223,185,-15,73,6,103,106,-86,-29,199,102,206,258,167,211,145,86,-147,196,242,-58,-109,349,136,75,146,317,390,53,143,5,79,-10,-1,-25,321,189,105,181,206,14,349,116,102,126,357,62,-48,101,324,114,145,156,89,187,255,390,1,356,264,32,175,104,77,256,202,313,13,1,212,32,237,-138,-59,-144,54,208,262,399,-59,129,170,90,354,285,244,382,389,-10,-2,-93,-16,344,200,29,64,-92,150,266,332,396,179,101,353,182,344,272,-43,197,-123,125,127,-21,57,178,108,-63,38,95,-147,344,298,-114,189,135,3
89,75,174,58,-67,-67,116,-127,-125,31,337,248,261,-110,-89,276,146,309,287,-7,-2,251,124,71,-33,308,-59,156,15,267,180,-127,30,17,62,298,359,214,-37,-23,253,304,264,46,361,324,339,147,-136,-68,198,5,55,283,347,-73,120,380,266,26,189,144,-126,165,-87,193,147,183,195,274,304,109,-31,386,210,263,43,-69,144,93,161,213,36,70,18,340,-116,320,231,291,-77,126,69,95,45,241,285,-121,10,-97,212,-119,-52,394,104,142,275,270,134,236,23,-56,74,-150,329,330,152,385,170,204,135,-11,-117,179,237,271,358,183,263,157,234,70,-28,45,-53,-39,178,-65,341,44,-78,-89,95,140,111,316,46,-130,76,226,146,379,381,140,297,16,286,273,364,-14,2,381,242,370,376,263,377,286,0,199,376,-18,355,137,196,213,-64,-147,3
122,44,237,148,356,340,77,-82,278,161,181,362,-101,289,180,-127,34,389,340,202,73,14,157,5,309,337,-52,207,343,73,384,276,154,144,55,81,204,283,-84,5,-11,247,330,304,22,-29,-134,-107,300,-25,299,-90,210,282,-116,268,28,26,48,147,383,180,295,41,233,246,-5,102,-16,240,370,-3,-140,285,-84,-106,44,152,391,-107,98,247,-28,29,76,-24,229,242,350,169,-15,192,220,75,179,245,-27,282,151,37,228,131,280,333,228,368,104,354,356,-71,-32,110,215,338,58,239,-126,137,98,360,-91,304,367,119,203,25,165,83,207,41,335,270,237,326,-138,17,227,78,276,310,178,232,75,22,-119,42,-109,281,186,205,355,220,-95,-140,148,-21,103,97,-81,-22,272,165,284,151,232,-73,-142,-112,370,372,116,332,-14,287,46,206,267,197,3
311,362,-137,98,240,-99,-24,121,19,340,107,172,-17,-12,187,252,-82,49,27,108,273,398,-53,131,-23,245,285,-108,388,-22,-133,88,-17,48,175,110,338,-40,44,189,-34,291,369,268,-19,370,77,256,307,-69,222,337,93,-66,391,327,209,206,-3,-132,84,32,-110,365,0,2,-112,382,199,-61,384,-51,-59,271,204,110,280,211,182,-54,-17,77,384,210,341,237,131,-122,258,-32,396,-139,324,104,168,-48,-44,129,-26,-61,-139,95,219,330,-47,-127,194,101,230,191,-110,133,42,259,176,174,68,250,243,374,127,307,34,123,396,159,366,18,37,115,-9,-100,63,152,190,253,-131,323,-109,66,-26,-14,312,74,-141,-61,272,117,262,321,34,210,-131,141,-1,294,361,144,85,272,339,116,193,212,102,311,262,56,230,-139,352,64,-118,258,-6,9,-65,-117,2
207,309,234,184,38,227,-114,170,-21,-51,377,-62,-108,-67,10,323,355,101,248,336,68,35,259,141,-21,86,-65,-37,319,24,257,-60,182,41,54,178,326,-129,-110,-115,74,41,364,45,338,51,283,93,-82,186,-56,100,165,315,105,243,-53,360,335,147,243,-70,21,44,-18,225,-59,-38,308,300,321,-142,262,92,29,164,-117,-110,230,324,83,96,356,-101,375,13,-86,176,-15,-1,373,218,379,348,105,-49,-77,227,324,137,127,-74,-31,-110,-96,68,0,284,-21,229,121,355,384,4,313,336,-12,-9,48,-12,394,73,210,-35,-131,173,-114,229,266,-43,-65,141,275,240,-79,49,-61,354,37,-56,-133,384,148,67,369,279,356,-10,32,236,384,181,383,140,-108,351,-60,-125,222,29,199,133,153,230,270,0,-34,188,340,368,323,61,47,-121,199,342,297,309,5
76,373,373,67,343,361,-84,92,137,280,38,-71,289,99,-115,276,0,220,-10,-106,283,63,264,271,-40,221,264,50,369,117,-119,331,259,245,-54,242,99,-22,-8,331,-60,-143,367,255,273,-74,93,48,232,173,205,48,202,197,285,195,127,60,52,-87,-150,76,-42,-34,230,29,236,19,127,-120,13,48,-79,344,295,-32,-62,-114,197,9,12,310,-39,224,101,243,-81,149,249,379,39,-43,-57,374,399,0,124,-79,314,241,7,-145,231,84,-148,1,-59,373,397,316,-103,348,361,16,187,236,178,87,271,-39,-76,-60,-26,139,-115,373,119,184,296,276,199,93,377,144,117,-41,330,-9,72,270,27,199,-125,251,89,-37,278,395,323,317,196,-114,350,252,315,333,193,183,90,-12,391,396,262,315,110,-82,348,64,127,133,237,196,-29,0,399,30,109,234,2
300,-19,23,-144,-94,-138,-61,1,-123,-124,292,-50,287,264,277,353,81,173,13,150,347,-39,351,30,-73,123,230,42,266,346,137,-49,-33,237,225,247,82,140,222,-41,153,350,75,292,106,-103,-121,-135,104,84,205,-37,372,70,124,83,-132,117,394,-49,147,99,-95,57,250,-5,-147,198,100,284,253,300,81,247,-45,235,-145,-70,-123,299,104,236,354,87,140,-116,39,249,42,235,164,-109,9,214,154,171,-114,286,284,-21,-21,262,171,120,83,335,-36,185,304,101,284,218,110,108,197,-12,368,195,173,124,-21,304,-43,137,120,373,40,148,388,32,58,49,-28,137,224,-59,359,324,349,20,-133,-119,334,144,4,-98,114,324,325,135,201,163,79,81,367,-22,148,-130,373,225,78,23,28,309,336,-14,107,6,396,-65,160,317,330,60,242,157,313,333,2
3,-40,224,-140,275,196,181,-118,-146,126,-121,266,362,390,176,202,42,-103,266,72,-47,132,36,336,371,307,-148,310,-97,222,371,213,-3,212,185,-104,78,-15,-10,130,-106,147,133,16,349,15,-141,157,54,327,292,-138,111,105,126,261,177,60,344,296,-69,-131,53,-14,192,-142,-47,285,14,135,-60,-134,27,237,44,228,151,380,-79,-85,-99,97,364,58,104,105,-120,115,-77,-69,31,285,163,47,35,392,13,119,-68,51,-15,65,-60,-108,24,99,236,243,250,53,119,115,23,232,25,-88,148,369,-29,267,355,57,274,-73,29,-6,90,262,-4,-32,3,180,-126,70,-112,337,339,7,191,35,-116,326,88,-97,81,-46,191,216,300,343,169,50,-112,116,116,249,240,-37,380,364,8,-138,-56,267,170,-58,175,259,-113,130,58,-88,17,217,285,360,72,-21,2
50,3,-70,-42,327,-91,220,382,-29,123,46,182,294,-67,366,270,22,-95,-61,120,293,128,354,342,284,59,189,286,64,15,-37,16,133,88,262,266,395,-116,252,-26,147,39,-86,-32,314,96,115,167,49,10,162,-94,118,255,148,-77,195,386,18,283,100,108,-46,191,170,397,257,50,380,113,363,-121,149,298,15,-31,136,141,108,113,247,79,86,-11,336,52,-73,-89,-26,128,25,396,132,294,-97,235,376,85,34,118,40,96,91,130,83,273,-1,-7,223,32,-59,63,79,390,254,341,353,260,105,82,104,242,160,32,285,57,188,309,275,-76,394,397,218,72,278,242,399,148,-77,15,-79,-91,-2,337,109,348,343,339,183,-28,-3,363,281,56,379,204,241,353,66,176,-70,221,399,369,-91,127,15,175,53,71,329,-25,346,361,323,26,-130,333,5
374,111,-1,-47,335,359,232,-36,-111,-44,21,161,122,378,377,58,63,389,-8,226,180,-81,234,122,-129,320,367,273,134,25,316,280,277,181,293,62,292,376,40,327,354,298,391,-2,98,92,-26,193,116,259,145,165,-49,-136,118,186,55,316,260,-73,171,240,350,169,389,335,-12,268,310,361,4,-36,-142,96,333,213,47,212,-140,367,77,172,-15,321,-8,97,290,-99,-123,306,-118,-10,3,140,240,335,122,82,160,-122,-135,-115,113,62,38,-45,-80,246,254,18,-92,398,205,335,145,76,265,-29,138,-33,283,-91,81,202,-63,-97,116,75,318,332,-32,144,-24,203,38,39,145,196,172,-80,364,92,334,-77,108,194,328,263,75,-78,-82,65,240,214,-10,173,315,4,1,-73,40,156,-75,169,-40,370,338,357,214,156,-90,334,193,144,336,224,-115,-84,4
-20,249,19,362,263,76,263,-123,253,-48,45,396,-123,-9,356,300,389,345,-126,-127,180,77,48,6,229,190,262,-46,124,350,71,258,391,-34,8,-32,-145,-85,-95,-136,270,-126,31,-16,-27,341,249,75,108,107,-121,-122,34,41,242,217,299,107,380,116,121,393,30,-100,209,176,-133,113,277,-36,237,54,193,283,111,190,8,228,395,-132,-21,61,160,397,314,38,-139,-65,209,-50,293,-121,306,316,152,-48,-61,140,251,169,387,-53,23,334,351,314,297,55,-90,106,146,-40,315,-141,6,-21,203,-30,51,394,365,-35,194,-25,63,-25,281,278,166,279,251,214,-40,73,-98,290,75,360,-117,-126,187,-128,14,-24,-1,241,242,259,361,241,357,47,91,-113,379,362,346,117,298,165,198,250,-30,-146,197,-33,274,330,274,225,152,306,153,168,336,219,281,350,1
-68,8,28,108,372,217,329,30,-75,-24,70,-147,-39,44,289,78,339,342,315,275,282,211,-146,120,257,317,269,307,206,85,259,116,-34,253,157,-118,367,-149,-132,-62,2,348,-69,241,212,248,247,74,-36,126,59,59,320,48,169,232,9,-24,238,277,9,-109,284,-130,21,292,21,164,120,-125,177,-149,59,-148,-30,278,-24,-99,116,45,-41,241,219,-89,32,78,-18,-17,-41,120,-40,166,286,30,162,199,185,119,382,299,125,-5,210,122,183,118,-124,367,76,139,13,255,213,326,161,137,-7,170,195,249,153,-108,69,253,-119,48,241,186,60,343,-4,370,395,203,-28,360,343,241,16,251,122,175,103,320,241,28,245,-70,342,-136,-134,-124,216,-116,129,76,68,213,295,-9,-136,386,114,390,79,185,249,140,259,-13,281,197,148,77,370,186,-58,383,2
250,380,396,258,302,-89,44,150,317,122,-107,318,-71,297,-86,338,339,255,105,340,324,265,132,-103,380,-63,-19,66,-133,131,327,-144,54,-147,306,351,379,-64,398,-68,254,-56,-49,-84,-100,246,307,194,250,36,372,110,-13,66,371,247,55,-30,139,284,-62,357,283,394,-123,100,292,-54,146,38,19,-34,259,175,14,-101,104,275,379,-104,331,60,25,-141,354,170,-121,288,-88,40,-78,-89,-112,178,6,270,-12,265,-113,-40,-84,308,316,-111,223,256,138,215,-74,-75,-105,38,204,109,-38,3,-102,5,39,-57,64,359,287,22,112,-141,64,340,369,121,306,74,292,171,358,-103,252,150,-82,-81,207,-37,351,62,225,-119,-126,384,396,201,131,70,209,250,-143,396,246,109,290,207,-81,350,-139,79,332,393,26,114,371,277,121,-136,-13,143,-26,14,178,82,4
314,140,-14,217,375,-29,295,38,214,6,144,151,49,166,-39,282,-123,65,207,22,-78,300,36,39,35,22,261,341,128,173,252,78,-72,36,303,304,200,-134,128,64,100,142,393,300,239,221,322,351,-35,336,-87,124,-72,349,129,-18,-60,296,258,351,-89,305,253,361,161,210,133,134,387,350,250,355,151,201,280,-33,91,205,60,378,302,333,15,196,-14,-85,218,-20,-125,76,-43,294,362,-4,326,163,-98,380,329,261,236,124,196,241,314,55,72,59,-90,398,58,346,140,150,108,43,-148,62,398,116,-4,-99,133,-44,142,-4,183,165,32,334,-108,176,-44,357,89,391,197,369,64,117,297,-62,250,219,-49,109,219,-85,114,312,240,381,348,357,269,312,315,114,63,-117,170,223,-57,179,370,5,372,-135,384,12,351,-127,-130,4,388,-106,387,27,3
271,228,-140,88,185,119,257,151,-90,269,176,375,-95,-71,-66,86,333,-100,340,131,-74,206,-67,18,179,241,94,328,342,361,21,314,-94,218,117,304,259,304,124,184,-53,-149,-74,343,171,-140,120,270,90,32,-94,205,230,-133,390,-64,36,201,392,70,-137,304,328,-44,-138,296,173,87,301,167,312,302,-20,286,77,191,159,18,216,-126,356,370,369,-97,253,-51,-35,163,315,104,362,172,-43,104,173,34,207,395,1,334,146,-110,163,279,122,113,-36,369,297,117,59,13,393,263,-69,-2,136,-84,317,14,236,366,16,-69,126,117,281,153,-68,368,-63,61,135,282,196,324,-22,214,-134,187,173,184,368,39,94,257,184,172,37,276,-149,76,56,234,-61,394,238,66,-63,-78,270,-61,277,170,-37,261,349,224,-46,242,9,11,123,-111,163,175,30,-76,3
-48,236,169,22,232,224,368,-43,241,99,38,96,-90,366,136,89,25,116,85,323,137,286,390,60,289,313,209,380,-44,322,72,224,-70,329,-48,49,98,283,281,188,162,-40,-122,44,348,201,382,-129,136,-60,142,379,-119,239,110,3,380,357,368,-145,-40,-89,74,198,83,-130,-136,378,194,-150,391,60,106,346,-108,-51,86,139,-88,-18,394,19,55,68,320,53,341,-63,45,305,388,258,12,-117,238,-109,-84,105,-16,-58,86,-42,62,14,-67,303,99,76,43,332,390,70,215,-133,261,135,-1,232,-20,384,14,327,151,281,14,-49,377,173,-17,23,248,368,142,-125,336,87,3,-101,391,-64,11,-105,101,-132,35,336,214,-122,307,250,392,18,325,-57,326,54,168,-125,149,179,22,60,57,275,-58,74,387,99,335,-126,292,235,-12,69,-19,279,-85,333,1
238,261,114,230,35,97,156,274,248,-119,-94,-38,-30,27,153,293,367,172,275,-25,258,101,196,349,26,12,-16,-44,-46,-16,386,320,69,353,-100,148,-106,-108,27,-51,293,137,-114,347,205,228,15,327,284,359,40,184,-144,82,24,-143,-64,264,185,148,-101,32,-2,159,-100,308,157,106,115,55,17,211,47,-45,-85,134,221,-30,82,268,388,-96,161,-94,12,-91,-20,45,150,368,250,-113,299,-140,357,138,289,207,352,-121,102,266,-24,335,190,301,334,306,-115,356,-22,181,172,186,284,127,290,33,254,-87,374,77,347,247,249,-8,300,205,324,323,348,247,-41,170,323,86,141,123,64,177,27,-58,-107,189,58,362,312,-73,107,113,357,-13,114,112,12,13,305,307,107,-128,189,320,63,219,131,201,128,343,135,168,60,275,-29,223,347,-55,-22,161,5
116,-126,276,229,86,259,369,338,-37,301,36,87,28,-137,-15,320,147,220,107,281,42,-14,-103,48,-101,44,217,333,297,323,-132,331,233,261,257,169,26,164,341,-79,390,61,107,165,128,157,139,9,388,314,86,230,223,359,306,133,8,219,204,7,394,95,279,-23,-29,-41,-70,394,15,-89,294,201,-72,-126,192,331,351,368,296,-127,128,272,75,-10,-119,52,345,137,315,-68,-49,148,178,152,-28,184,10,138,357,160,260,193,306,-64,241,297,379,267,49,115,396,99,-63,244,238,129,141,355,79,7,-34,52,247,-61,164,179,173,264,315,274,-117,-62,322,43,187,320,106,134,40,329,224,397,310,327,100,322,150,311,11,-129,170,348,-28,387,-66,-145,35,32,119,314,88,272,80,334,136,378,63,24,20,-122,255,332,167,57,268,307,277,367,4
117,266,341,398,163,392,24,96,315,338,346,130,308,333,373,-143,-90,71,5,-95,313,-87,314,247,106,-78,-120,-15,332,0,298,183,336,69,-33,-89,202,330,-148,297,347,167,-137,99,233,18,299,100,-32,102,388,-82,273,145,338,387,50,140,213,38,252,-116,3,-116,37,348,172,293,21,99,75,31,330,289,-104,269,91,-117,98,-62,69,395,190,170,134,393,246,54,397,-105,179,216,378,331,258,368,267,3,163,253,339,-78,-1,228,-56,250,-34,43,288,289,307,-13,-62,223,60,280,96,-115,-129,-78,-140,191,299,376,134,-69,179,60,179,196,263,386,56,172,330,-87,-13,156,170,208,-73,300,53,276,-25,395,114,248,242,165,-2,-86,195,349,50,323,179,91,252,1,149,240,-59,245,389,328,392,186,237,35,64,-76,-23,146,-45,205,-102,-120,3
303,213,381,178,209,141,170,148,76,180,153,62,188,166,257,172,298,200,-51,263,385,271,-64,31,204,86,177,-31,324,114,350,-21,-14,-102,204,30,-3,380,-60,-102,-58,-67,-74,-96,252,233,94,225,82,336,77,172,-20,102,-48,332,331,156,67,89,85,232,264,261,333,-135,-119,350,-86,202,-127,299,90,199,354,85,312,-116,311,358,-34,-149,321,293,294,188,389,388,-11,-105,-137,-61,112,321,254,67,98,387,204,166,157,-113,128,269,308,311,373,135,342,-84,64,-105,51,330,-122,288,96,317,-23,-23,-99,174,7,76,287,86,-82,-10,-82,145,302,87,79,88,375,377,-86,115,208,313,210,53,321,41,293,-92,90,224,295,109,257,-81,112,361,173,269,341,-120,13,297,93,-107,53,232,220,70,319,319,332,259,-60,305,-101,23,259,360,-149,-57,2
196,239,-33,70,162,-4,265,31,98,230,12,237,374,302,296,-93,-140,-124,-132,259,41,-116,-84,-66,201,45,298,-95,308,-20,-41,18,261,29,242,133,174,380,39,373,31,216,170,-132,8,-39,-119,374,-121,278,-81,-98,334,197,393,14,-102,-18,-63,174,166,251,162,328,299,-60,-123,235,112,125,90,-13,283,249,-143,22,-2,-32,111,-107,387,-139,189,-112,344,-59,383,399,-51,33,-73,5,246,-71,-21,277,343,76,253,123,223,-42,156,192,2,210,-20,-69,262,220,1,351,-46,394,374,247,387,32,287,197,70,199,167,34,339,9,159,18,-113,48,328,165,-77,261,-111,-141,232,254,236,-11,302,132,4,222,338,113,64,209,-33,318,-21,-111,398,-139,-11,-80,178,323,143,57,122,22,-68,145,-41,236,191,177,15,326,97,345,168,-56,168,262,-28,207,3
30,399,335,341,71,324,-137,-13,394,225,-121,275,-93,124,-132,238,96,62,264,285,297,17,46,-56,184,101,338,311,167,323,-29,368,364,3,374,341,180,216,102,35,-136,-57,103,92,97,75,-104,35,180,-99,-24,93,-27,73,348,-98,361,-121,50,43,130,-29,77,136,-11,154,-74,-41,333,196,-77,310,-26,-47,219,-113,350,-19,-91,173,72,50,-108,193,-25,276,77,244,238,43,79,118,245,-135,50,-52,335,129,221,143,339,12,382,349,297,199,-30,182,172,133,-98,123,-117,-113,318,257,374,-23,16,90,212,64,107,92,-7,-24,58,389,-81,362,-106,211,119,-124,54,272,-23,65,114,-129,12,261,78,24,-61,-66,-70,326,60,214,75,297,-73,98,-45,142,293,-92,39,-38,-77,-71,120,367,344,296,214,212,-64,216,320,-120,196,140,355,388,267,174,1
190,180,316,-104,319,274,25,54,314,190,-22,4,149,274,-147,338,-22,241,41,163,-121,-99,264,-87,301,173,177,-149,280,233,200,36,-141,224,119,-149,-92,379,196,242,-98,201,341,251,257,312,-23,89,367,-29,-65,-88,142,304,156,381,54,269,6,148,233,-43,262,124,11,-15,356,329,54,-5,109,97,55,88,359,380,154,249,-106,120,370,-69,95,98,-23,46,43,-5,-16,343,289,-17,-108,302,254,332,-22,36,268,166,252,-88,71,367,339,229,119,377,262,188,-90,62,-54,375,379,365,-74,371,206,71,35,338,243,339,213,273,81,384,309,210,307,186,-86,-43,339,333,-103,194,203,162,-123,352,134,83,224,374,-79,34,211,-25,116,335,379,47,91,220,-49,-82,160,342,-30,357,126,24,40,20,270,39,60,279,172,306,217,256,218,-80,223,306,3
-35,130,222,271,-29,120,294,169,204,129,-28,18,-37,-50,384,380,23,-12,-100,-104,-133,-59,273,-119,270,273,46,238,213,-62,225,221,-12,115,-28,230,332,6,384,283,-146,275,94,178,-22,277,46,-71,169,178,-36,265,74,112,-8,331,237,97,245,75,-91,351,286,292,-38,-110,236,42,17,61,-81,20,208,-110,1,162,352,160,71,-25,234,67,-67,314,329,-142,346,280,318,386,108,364,351,150,-27,-114,395,293,-40,66,-21,178,-57,328,-122,-137,-15,-108,-114,388,30,-3,33,51,2,-84,90,161,120,42,-68,115,317,347,161,384,82,41,333,-61,41,17,51,212,334,233,83,394,295,213,-35,-44,-121,162,380,53,139,-127,-80,152,336,219,129,377,130,-68,183,-56,124,-79,260,327,43,51,-110,4,221,324,-112,-7,30,396,57,388,-118,115,373,77,1
53,381,395,239,86,109,81,327,137,281,36,91,196,225,18,86,-138,278,-87,180,-15,270,6,243,96,16,195,333,361,-12,257,-127,-70,79,85,-71,397,-148,-82,44,74,252,288,-95,153,377,-127,-44,52,132,142,-53,290,222,203,353,333,-95,56,266,394,-146,-146,-36,-148,5,-18,-79,376,-72,-121,142,209,138,314,108,-133,148,-105,57,-141,280,-67,-53,91,54,-45,365,75,-117,229,259,244,7,263,379,35,180,-132,-130,-27,122,8,130,-78,-150,71,-38,91,217,87,153,87,375,35,280,-148,35,227,-81,126,288,247,280,187,149,-54,-87,105,-32,173,27,287,282,77,184,65,138,325,109,53,-11,151,62,-82,294,-12,101,46,-50,75,-25,169,-1,-136,201,330,-83,307,74,181,38,100,184,-52,320,265,322,291,274,55,281,375,167,47,-92,149,69,5
314,101,48,98,-45,289,334,163,326,-59,-68,-73,-41,-138,-122,146,363,-85,-22,69,331,-41,-127,26,-39,198,331,101,330,399,-20,6,136,210,0,25,15,2,103,235,359,-55,213,54,243,78,308,369,-17,14,-54,233,307,-16,284,-70,355,344,-123,321,306,327,158,-89,395,240,282,201,185,-125,7,20,287,-84,-3,316,388,106,118,168,10,20,1,-76,302,-23,-24,167,76,349,348,294,66,-105,77,-106,-38,-125,-133,-123,46,205,389,34,134,-23,236,124,333,360,345,348,-58,-111,-60,231,-142,-106,355,-147,176,301,161,231,160,231,381,162,96,62,276,284,361,-10,385,47,43,-18,367,-67,250,-20,32,394,-14,186,194,164,178,312,-136,378,-113,206,-4,31,360,-97,80,-22,321,-133,265,89,-87,82,-91,-144,177,-52,173,340,-44,382,270,-93,275,24,2
174,214,-84,190,-81,369,197,349,298,286,-35,-125,1,-44,331,-127,-104,163,-78,26,163,-136,54,299,85,18,185,63,318,352,209,369,-51,-136,167,91,73,-71,144,236,-98,288,-25,245,-32,140,252,-3,-76,-6,-11,302,259,64,53,48,340,308,-127,53,-106,-114,233,224,-47,-93,118,190,166,-26,320,320,367,379,145,395,395,312,-56,-99,363,369,-19,105,344,390,-107,143,-5,309,-146,292,142,294,350,10,50,88,300,-6,-48,182,-148,14,23,351,117,272,16,66,230,161,105,98,261,340,339,-89,260,-78,351,80,141,0,170,-64,198,74,265,224,88,384,24,102,100,360,11,26,261,241,140,291,266,374,385,352,372,92,188,372,135,-9,-86,-56,2,258,156,95,-133,-107,139,-42,-107,4,-87,72,235,142,354,-117,327,1,131,205,-110,-145,250,377,2
385,302,193,195,197,-3,98,156,33,67,-40,-2,-90,53,268,351,-34,162,198,252,123,161,297,277,-29,36,161,349,242,-118,52,102,334,135,336,151,128,-38,335,-147,-107,18,151,132,244,230,-63,-3,-46,67,-120,-103,304,285,-7,257,47,337,-51,16,248,81,91,289,363,233,-27,255,381,-147,93,187,219,32,346,189,-61,-127,249,-86,333,374,95,367,29,-117,27,133,125,273,-38,143,334,371,206,42,55,367,-39,-134,-125,-16,153,-72,13,124,105,12,34,185,-141,-51,-5,93,-50,101,305,129,88,-53,193,34,15,-99,58,219,-135,388,-52,-125,287,333,380,93,-17,-82,136,-32,366,-52,-123,-60,-111,-133,224,124,-18,179,244,109,357,56,128,396,308,-120,-21,110,-123,-15,173,-58,242,375,145,-14,207,114,93,29,116,338,-124,327,-17,202,127,47,3
202,-50,120,-64,-75,59,88,-38,33,360,-142,189,390,198,314,-23,-6,122,181,62,357,-3,330,-70,-98,-82,119,185,109,385,263,102,241,57,164,-14,-123,80,283,-107,-80,0,129,-95,-129,53,195,97,138,228,146,-112,-21,34,98,-134,-140,146,162,40,-96,-121,11,-109,129,134,-91,-105,247,124,263,-76,-43,73,-51,124,23,334,44,302,122,272,-85,-46,-35,-146,184,341,201,83,-43,-117,349,32,-124,339,135,12,1,-111,134,270,-131,49,-27,388,10,182,69,117,-149,350,310,119,24,383,75,170,57,348,15,392,255,346,-8,31,251,359,93,347,5,-124,388,245,90,264,266,89,383,307,-39,-144,107,171,-16,169,46,289,-19,17,359,359,183,170,-63,43,284,288,298,-29,340,-77,120,368,170,47,39,-54,250,39,276,352,-93,342,382,73,71,-38,2
-3,273,-31,-98,294,-97,125,194,-114,304,-144,174,33,157,-80,192,270,-59,78,217,111,226,324,113,-95,398,360,174,-40,-132,-15,283,-12,238,159,186,-23,-43,-24,195,148,-115,97,241,-14,-31,61,247,340,-8,217,341,-50,81,49,127,152,79,367,362,393,97,-74,14,-81,-149,-130,100,24,-120,247,-15,69,-109,9,-135,342,72,399,-140,-41,170,-98,208,-6,-72,-149,375,-113,105,383,-11,218,-58,124,-116,-141,243,64,374,-136,335,2,224,170,-91,-89,-110,6,108,5,192,184,-101,-79,-129,14,-141,57,264,124,318,150,168,312,266,-113,362,-95,388,187,374,-48,75,192,217,54,171,261,265,281,180,73,229,-98,233,334,237,-79,97,122,-76,-139,338,196,366,134,278,174,183,156,250,60,279,82,95,333,217,0,58,332,144,103,-47,-32,399,-29,55,2
307,320,357,-59,73,-44,114,301,-70,169,292,-54,134,13,-17,42,399,18,213,-3,167,-138,-33,354,-120,116,-31,-26,200,-90,376,155,337,143,-84,-128,-2,-92,110,115,53,201,127,166,267,7,95,69,315,298,288,238,-16,191,326,280,69,336,-150,382,-57,212,-100,-105,77,-63,178,-94,-87,-51,211,-104,223,110,76,297,-115,336,396,311,363,120,328,81,103,71,-44,-59,377,250,56,309,-41,-105,-96,49,-75,308,200,73,-94,230,-57,303,-56,-89,-132,-94,69,-108,332,126,300,395,132,13,150,313,191,157,-20,138,113,-27,40,-9,69,276,357,106,25,175,7,-134,99,281,313,5,181,269,373,124,47,111,-23,-103,389,-75,8,-60,-41,26,372,112,101,125,-149,346,342,-124,258,151,180,-142,-61,72,26,373,295,-142,130,84,-38,-43,95,119,-65,-134,5
-9,233,-141,-108,-65,300,113,13,139,110,-74,11,261,189,-40,334,-50,-60,223,213,314,-109,117,315,397,-56,-67,207,308,-66,236,159,154,20,-80,238,-97,266,151,-18,83,104,-48,311,125,362,395,208,229,-34,263,157,-140,270,237,195,133,169,65,-47,218,394,259,263,269,-3,393,147,-60,93,-66,-71,-9,-77,181,252,209,-69,378,-66,106,262,255,77,112,166,285,-43,-137,218,60,169,-16,0,-62,-38,112,-54,-75,379,-54,-40,-106,-147,-47,323,83,220,165,30,384,-94,-52,319,-51,241,175,-75,134,124,214,224,300,190,-92,-137,397,227,182,98,148,45,-63,-50,137,29,201,291,94,-66,4,373,373,210,158,116,53,101,153,-37,194,82,36,109,33,173,314,-142,186,-47,331,328,197,-31,93,-53,355,292,31,228,126,276,-112,52,364,336,-104,-80,5
7,92,153,324,18,315,-130,297,340,386,-49,147,-132,94,-35,14,379,77,-75,-6,207,376,122,55,6,41,-116,286,238,-72,22,155,342,-52,-117,43,-22,110,265,115,-71,196,193,-90,318,-29,284,20,274,315,297,298,120,-69,-115,271,-2,249,108,331,377,13,42,257,80,-102,-37,267,-88,-93,228,78,244,324,283,-122,256,205,382,1,60,144,-132,26,-146,357,-62,97,185,275,87,84,-34,-53,-32,209,72,-98,179,341,232,382,134,195,169,386,-53,242,-15,93,-87,312,207,-9,90,221,-117,52,57,17,1,379,216,43,362,95,337,107,110,143,112,-59,309,357,328,-9,-94,7,16,383,166,7,-63,165,64,-100,281,168,46,-62,87,93,249,275,276,286,220,-65,178,181,300,55,-4,130,285,371,-16,38,-78,394,362,287,77,228,302,3,377,147,1
175,234,123,96,76,-4,304,122,237,31,272,246,-100,337,271,260,180,185,8,354,-95,370,33,151,62,182,348,284,-17,149,188,384,165,327,252,90,179,329,247,145,378,291,103,16,39,230,228,289,254,135,-127,28,179,-41,380,122,286,247,372,337,154,240,-5,372,338,163,211,376,204,-30,41,23,-48,213,232,231,-88,69,391,203,226,116,246,37,-6,352,212,225,-36,252,356,72,383,357,311,-135,327,203,95,329,-33,12,205,195,53,222,192,366,246,347,16,-55,-40,80,71,358,-32,271,201,66,269,344,40,77,340,-69,336,355,-139,236,-135,-52,61,37,185,78,-125,-103,-89,332,264,68,167,39,387,379,22,86,366,327,-142,94,70,296,290,164,-115,-138,124,-13,52,-115,109,206,263,38,9,-77,150,136,82,147,-64,225,-76,-138,-98,-39,3
31,148,-4,272,254,280,-13,345,-92,146,-25,139,78,-107,98,-17,-26,105,176,336,161,316,-35,291,96,72,281,105,-34,-108,274,133,254,-149,159,-7,-113,186,122,-17,-147,230,156,236,334,86,-92,-31,294,249,27,49,171,354,40,395,-108,-51,-27,368,256,212,42,-50,-43,-5,77,227,-123,-72,267,45,381,175,291,221,220,18,126,-47,13,-133,114,318,224,-27,78,193,268,-115,352,360,67,167,213,229,158,254,100,0,-12,-144,352,25,-100,254,225,382,356,-128,324,-136,34,198,377,199,-2,235,397,91,173,84,299,367,329,-112,251,8,295,238,-89,-86,-17,30,57,-138,13,-141,388,120,140,-61,203,68,45,216,226,0,289,352,211,261,96,-134,176,-31,-121,-46,156,137,187,-39,382,170,101,337,53,338,-89,189,217,362,87,310,322,282,58,33,3
6,95,309,277,338,94,-42,265,299,-103,-23,-36,380,337,31,348,397,79,-94,-111,-74,63,246,207,-25,289,147,101,159,314,-148,-94,388,46,-28,388,360,239,17,184,397,135,107,133,346,126,-42,-70,146,165,-55,108,330,41,77,-73,-107,-72,289,260,179,-43,63,122,397,-127,107,-16,221,-75,-88,45,82,338,-98,171,7,365,-131,322,-93,270,199,374,-147,180,142,-24,-25,-9,-13,392,227,134,216,335,386,234,369,80,77,242,286,389,357,55,315,337,210,-119,372,160,91,385,-94,-82,-52,61,-57,303,-93,205,60,341,110,299,85,-146,149,-18,49,182,-4,-149,395,-72,-59,235,207,-39,103,393,354,274,267,311,345,-116,231,253,46,78,219,394,361,340,167,293,256,161,276,-131,304,303,-118,369,166,193,-46,33,191,254,382,225,164,-126,-32,-90,4
167,-33,178,386,208,144,87,11,37,288,61,136,277,388,126,338,45,149,-110,57,242,-75,337,-21,-58,-4,-97,366,-123,28,-31,371,181,100,-64,113,11,207,-21,299,226,349,392,24,205,241,358,351,254,-31,20,291,317,118,-32,-113,292,209,152,47,-101,68,234,257,-10,7,29,234,390,195,-79,64,295,78,-5,380,349,70,-143,317,-13,260,-68,355,354,164,380,-148,352,14,16,142,257,351,256,-98,336,-131,103,41,-42,99,68,168,394,-110,1,180,158,323,398,-148,280,111,150,192,238,77,220,-50,-69,242,128,185,285,175,-125,-19,157,336,168,234,36,169,220,389,-58,-48,149,-10,-43,-21,-14,302,-85,357,385,322,9,351,378,99,51,203,60,-50,-33,52,-13,50,393,366,115,333,151,-92,113,-80,90,198,20,163,233,280,92,268,67,66,4
27,374,146,-74,18,-57,-38,386,4,369,33,384,140,-83,-6,94,143,-86,12,-98,-32,55,362,-133,-28,-89,-136,302,-91,319,68,267,66,-92,235,-2,366,229,68,251,-117,-51,335,388,230,-72,234,-124,-92,307,379,110,319,-73,265,-75,46,221,325,261,227,91,75,57,247,-21,-144,-1,251,351,193,241,332,276,77,-24,83,-121,249,-64,129,158,281,232,126,242,-95,245,82,381,12,75,-18,-103,50,-81,216,106,127,-54,168,110,-60,155,289,317,75,-66,-136,-102,191,-37,-81,-42,-135,159,7,335,-84,146,123,-88,262,49,37,305,-20,371,-80,79,352,252,283,138,297,216,-59,-111,42,-119,9,381,397,327,-118,-129,-121,218,152,113,133,-78,-30,57,170,373,59,56,150,352,224,225,93,209,185,309,337,143,372,190,316,68,245,-35,184,125,21,227,5
367,392,176,141,139,219,205,-145,90,136,135,-132,-1,262,-4,63,355,25,308,141,380,-36,237,231,-25,109,-71,101,259,-55,189,-86,-70,109,-51,397,187,109,131,157,-2,39,377,259,-113,263,3,331,-67,-27,-128,263,-84,127,-30,33,114,132,388,-90,301,120,-16,-67,50,217,171,257,171,210,360,349,276,-143,227,314,-103,203,105,24,-95,-17,169,305,-44,-7,262,121,243,102,256,199,-147,206,273,317,336,112,144,47,39,-144,-17,-76,355,-63,230,175,299,-97,145,376,358,-144,-93,139,-76,33,256,160,349,-126,320,-54,147,227,18,375,-14,216,208,273,-51,228,163,343,-77,157,-50,383,366,-41,73,44,330,52,-111,325,97,390,80,-46,-115,-71,-50,139,14,282,-38,6,192,30,-43,23,214,19,346,397,182,-136,298,-101,162,233,84,137,-135,28,3
350,348,-103,185,330,230,397,337,84,-123,208,-71,6,37,333,238,-138,175,346,348,241,-70,363,-13,109,-48,263,128,303,4,246,-119,111,271,-16,-12,133,132,137,-3,64,149,219,360,34,348,363,-87,149,156,11,68,-148,337,290,289,-132,32,138,343,-2,-137,-93,343,-149,335,235,-20,272,382,391,64,290,-148,323,-3,384,27,78,352,335,183,399,-64,153,-31,100,53,314,233,185,167,196,1,37,50,122,20,105,64,245,-146,-56,240,354,181,-70,-130,-24,319,114,323,104,-106,-54,289,226,-147,56,266,-18,295,323,236,30,281,-150,259,4,-118,62,190,-135,242,6,280,79,274,368,-110,51,92,225,-64,149,337,87,141,338,315,19,391,367,184,-127,-122,86,-7,-78,303,389,-144,-85,349,277,-43,51,283,331,-53,206,98,174,-34,310,377,177,-43,4
370,331,-99,-14,299,151,369,364,350,7,16,26,66,205,340,73,246,-75,-54,202,274,365,377,354,166,23,261,-79,15,-26,283,-70,380,-46,297,74,120,-90,394,57,146,-24,-38,312,-84,290,-40,77,97,-82,-103,-86,-95,-17,320,280,-102,-90,-142,-70,15,-114,-80,-123,72,205,236,-79,186,176,306,350,200,-39,398,-3,240,-121,116,139,-39,298,339,345,-103,253,-47,244,75,222,329,383,-137,163,236,124,343,-12,-50,364,10,311,340,392,185,-78,-82,-69,69,-68,-12,309,-4,190,330,-76,12,-18,66,308,-65,239,337,-150,279,118,288,-4,-65,134,-57,-144,198,239,115,-81,-81,-4,388,43,220,26,279,319,157,-93,-24,-142,-125,5,-79,-76,223,347,-30,148,339,335,266,94,332,251,93,244,-49,104,-132,-125,381,-20,306,316,356,-95,365,236,67,-21,5
281,319,367,338,15,-18,92,285,-43,-48,-67,-137,336,227,-36,171,219,-37,357,-43,267,161,-125,153,167,-5,113,156,98,-44,224,370,-77,269,-91,-36,220,194,358,396,282,385,-7,18,17,205,-138,203,29,-29,-28,102,240,324,105,-119,363,-127,-138,-65,244,82,124,199,109,-123,173,387,-30,240,25,163,218,324,15,-39,118,398,41,-68,-99,-145,94,225,151,49,116,371,134,-26,-42,367,196,395,279,16,-133,247,9,-41,1,262,371,-63,-73,363,191,-127,-5,30,-88,-35,334,316,269,118,120,157,-34,266,300,-28,370,-136,-62,16,273,392,-61,281,72,150,-136,176,-87,179,110,-42,259,390,23,73,219,232,263,-125,259,22,-64,171,147,372,210,388,-90,-28,81,-9,-122,-3,398,274,-23,163,387,205,89,-33,386,324,-75,127,52,115,205,-26,169,98,5
276,-12,-135,2,160,43,23,-12,-28,21,184,303,160,184,218,327,-111,158,177,-86,135,61,276,128,94,341,-120,29,239,152,-51,-134,-104,-32,-95,-104,-77,389,274,-95,176,-15,170,392,309,57,58,343,28,-12,2,342,-147,369,-91,289,242,-73,13,64,15,125,199,-61,191,227,343,-112,370,233,288,65,294,-111,168,253,360,100,139,259,136,297,250,-104,310,224,390,336,164,71,-146,369,308,374,146,343,255,244,65,95,-99,198,258,134,241,310,278,371,119,88,385,-7,340,155,92,391,-21,267,337,397,-138,90,20,228,199,318,241,356,120,16,-22,339,96,1,334,134,-89,68,197,-140,110,279,339,-37,37,-59,154,191,308,307,17,292,65,351,330,118,334,131,-45,321,195,-95,-55,10,-95,80,24,253,212,303,208,295,164,323,236,229,395,76,5
248,-86,-87,114,157,329,63,255,111,67,44,79,-63,-56,375,329,90,264,78,318,22,-108,249,190,142,382,307,97,397,-95,396,175,70,77,-37,-22,370,-74,111,-52,-137,-30,160,-41,123,196,-52,233,269,344,48,108,369,135,-111,197,212,-148,-68,-4,302,130,254,299,31,230,108,164,205,169,-58,-139,-135,164,379,108,-110,-53,353,382,368,237,384,391,-126,116,307,173,367,109,-14,-39,243,169,-123,26,219,-138,271,314,119,201,212,36,307,285,297,-110,42,394,243,283,275,-88,-111,-12,-107,60,79,152,228,168,-138,143,173,258,23,378,367,-115,-78,-94,379,66,224,48,390,235,144,-143,177,354,-64,133,32,365,1,241,-71,-125,285,123,-29,161,13,31,257,22,239,216,23,138,254,155,166,-35,263,-101,-123,-77,0,130,376,-148,251,-23,184,312,2
-7,1,346,-45,277,255,22,74,-51,217,-57,-12,224,162,269,94,88,-114,270,117,151,101,398,384,-44,380,-26,368,347,-119,145,367,149,59,-99,193,-116,253,148,85,185,-4,-33,-84,-69,-140,97,-45,232,-116,243,232,214,381,94,72,206,218,98,-60,189,-113,338,-132,-36,-5,287,-26,-39,-84,98,325,346,-20,246,-75,110,57,360,159,352,388,-49,261,343,-132,145,147,156,-105,0,-34,36,185,-126,69,-120,93,205,-4,-75,233,190,-80,103,136,270,85,-92,137,-61,311,-6,162,251,-88,195,313,15,290,-50,59,160,17,73,-20,219,186,143,213,102,103,71,-103,-91,-30,314,238,354,104,200,227,280,79,234,14,300,-148,-147,-115,370,85,226,-56,9,211,98,281,51,218,14,-77,379,-87,-130,153,247,386,394,227,-115,298,303,29,381,196,-33,228,4
226,97,321,342,82,125,64,-82,328,92,-84,136,168,182,149,-23,-27,-33,0,71,-70,-39,223,318,299,185,-23,383,314,-52,-24,387,-43,264,10,219,226,346,-137,209,-82,34,204,148,38,204,226,263,185,399,-85,178,-65,190,-5,260,96,-43,-6,232,-31,243,313,165,42,-52,-72,175,192,3,-146,310,-149,90,3,-44,264,264,39,-95,103,23,247,-46,313,98,356,264,-70,15,71,125,142,132,389,87,363,289,129,226,-92,197,142,-90,9,-88,-13,227,101,316,72,13,192,-135,319,-142,62,227,-150,-105,132,-54,251,175,387,-111,48,139,199,92,36,248,189,203,-43,-139,-110,336,1,390,6,-139,369,-104,345,-21,209,-33,25,392,299,154,-66,-33,88,351,-47,-20,-84,-26,129,364,95,-59,-87,330,383,18,157,226,-5,63,-75,395,174,137,149,37,4
-21,76,-143,-93,321,-50,359,257,0,127,374,256,130,210,24,-92,-53,146,273,-123,183,-145,-150,335,194,388,-54,-107,-107,312,289,205,119,108,-119,355,214,121,380,49,367,-34,131,173,147,-30,-88,360,365,138,-97,386,337,196,48,-85,299,133,332,316,333,335,-35,384,67,276,-53,48,240,27,-70,237,27,297,113,44,-79,75,375,317,254,44,3,-36,58,-148,385,-75,130,329,25,-103,222,-77,29,-67,337,209,237,298,318,203,66,47,125,-144,153,-122,-104,-149,32,-84,27,3,84,126,125,69,264,241,225,194,28,231,-98,4,-69,280,89,-8,-39,109,13,-145,-1,301,-56,387,-140,311,51,301,278,228,66,42,249,279,-20,10,-80,91,-28,376,305,130,-150,41,87,377,33,-11,194,320,-15,-79,-61,299,105,146,381,320,79,-40,229,285,343,43,2
-114,-56,-87,313,6,342,-16,214,-5,-106,374,141,340,-85,394,191,-105,384,206,89,0,286,49,314,331,0,-102,261,376,254,239,241,-118,-2,190,179,173,71,-123,71,192,316,-45,202,2,382,377,107,152,14,244,-38,168,196,394,369,305,-150,166,328,236,318,302,21,-127,73,1,114,90,84,105,342,263,19,118,382,184,353,262,-64,90,268,217,-124,-91,203,217,-93,112,281,145,168,126,-102,-72,137,-81,138,-68,347,7,-124,131,-147,254,216,-139,175,-55,80,31,389,51,-34,189,161,353,195,131,24,273,245,242,71,270,-5,145,140,350,294,-11,-92,-31,14,144,7,-37,177,133,336,42,120,373,166,-4,100,227,150,-44,373,-79,73,191,-137,128,311,90,57,-30,229,322,30,-9,333,-84,335,147,-65,194,4,-62,198,-46,-132,228,111,-107,362,5
74,315,28,206,-122,-71,377,279,-41,-108,184,397,376,312,-113,322,354,2,-133,365,0,2,7,72,63,55,-38,23,-113,-93,149,-50,394,100,104,322,217,-142,-45,129,274,390,-64,153,319,37,161,343,-30,111,42,394,190,-76,343,-86,236,-136,6,31,-133,-141,40,236,243,-59,144,222,323,90,109,11,123,127,-78,-53,-1,274,-28,49,149,37,389,95,245,-36,-122,29,17,-64,156,378,-144,291,-81,177,-99,392,151,79,-122,302,364,174,285,-114,251,-60,81,-37,6,18,2,-76,257,314,-28,180,391,-11,-8,-15,153,387,289,231,-128,38,376,362,357,59,306,171,182,-137,50,387,329,251,318,136,65,139,147,174,393,388,74,60,-150,86,225,173,68,32,83,-64,-3,-56,279,7,-1,-144,397,58,370,148,-19,-113,302,107,7,21,-136,60,273,31,4
285,100,114,20,286,-129,360,162,107,-26,-30,78,116,192,-44,32,19,-141,357,315,278,-68,-126,145,360,40,296,-116,5,325,246,315,-61,105,93,126,161,227,-2,192,-81,-122,300,129,341,325,121,48,378,345,-117,124,0,-38,-62,-90,149,284,73,386,165,130,40,77,-30,-47,185,313,-17,375,213,197,367,105,-76,-142,238,68,104,-45,-104,-111,101,294,177,275,393,163,-105,232,254,196,98,162,76,-103,223,67,292,298,261,382,270,121,287,107,121,47,11,276,59,126,7,-110,111,270,-136,-133,371,196,-89,199,41,347,234,177,180,217,114,277,-137,161,-145,54,134,154,43,346,-21,102,209,15,327,-111,377,102,-32,169,-111,137,-65,-120,184,20,385,50,-84,209,-46,228,14,264,197,182,-137,328,68,53,200,233,-20,261,267,-91,-47,90,133,265,1
300,33,12,194,3,352,87,-124,-69,295,-125,167,-16,-134,371,115,308,313,346,175,335,325,142,-44,-29,258,75,-126,362,-96,284,280,-116,270,343,116,331,199,234,163,198,92,-1,377,229,191,157,205,-106,302,325,125,-60,332,18,180,394,278,231,92,240,-147,169,81,220,-112,130,52,0,390,130,-16,-84,-54,-70,38,396,101,350,291,49,-102,-130,381,22,-28,93,279,-137,175,227,215,327,284,395,84,-148,70,-130,364,14,-134,115,-37,375,378,199,21,118,367,387,226,94,79,372,122,391,310,-68,136,48,86,-83,-79,373,249,165,101,23,170,211,385,-124,398,260,169,11,75,382,-134,354,185,277,-139,71,385,211,-129,58,301,330,248,210,188,178,266,332,-103,305,-43,274,377,156,-16,226,270,24,231,-104,325,-19,213,-6,203,-141,263,28,-35,1
128,164,-83,-12,189,43,337,-131,16,316,-138,361,110,15,89,157,165,-59,50,236,0,355,160,-59,344,-72,203,-66,35,273,178,-5,56,161,83,12,213,243,112,182,127,232,128,149,68,86,-130,230,-68,328,101,-101,-133,98,352,132,317,-126,288,233,325,360,-2,161,44,191,11,155,-68,-82,235,191,207,390,356,-71,233,98,-52,-88,-110,203,338,-89,139,-59,271,23,272,333,158,284,390,191,176,-89,156,166,340,-113,360,298,113,220,-29,191,35,336,135,-133,-81,-11,-34,208,175,63,31,-8,-114,219,135,36,82,379,247,348,359,276,61,95,89,-38,318,-123,378,123,145,-84,295,278,360,120,174,323,329,154,23,65,150,359,318,20,-78,387,259,-58,309,40,206,-17,-132,25,366,160,390,-4,305,374,291,105,147,252,-146,374,354,273,-99,40,4
271,294,373,230,155,-150,74,169,318,-147,-22,76,385,349,126,-133,-148,6,235,282,303,18,279,0,153,144,-108,331,-49,317,-3,-89,259,379,79,344,18,32,309,-101,385,-143,-142,124,-97,-36,-7,-53,42,229,-26,344,189,230,5,389,62,79,52,117,-14,-19,56,51,-109,375,24,237,13,272,19,113,79,-27,360,274,313,388,68,-12,89,286,-123,372,29,189,394,115,336,25,79,362,13,18,323,75,-42,57,321,333,352,170,211,353,-57,155,280,132,287,398,-4,286,211,146,-49,-19,300,224,-76,-106,261,337,173,16,236,395,62,386,-84,58,359,-6,312,-36,159,-74,233,-136,30,215,288,166,182,171,-41,379,203,157,11,254,306,-13,-117,55,297,113,266,-53,-7,208,388,272,365,-50,255,16,235,203,-140,86,302,156,59,-37,320,305,-29,-127,3
65,-20,-49,88,301,181,-82,98,-133,335,360,221,31,390,-28,23,59,336,135,22,-39,2,303,226,150,134,-16,134,164,-130,228,151,-6,194,202,390,354,322,-144,139,18,98,-14,-54,78,366,14,184,120,157,-117,-99,345,44,61,57,46,162,159,208,-140,353,179,-50,228,92,370,72,-50,-141,384,167,387,-37,80,104,302,32,145,-66,181,379,134,-97,-94,-138,54,92,130,69,316,247,87,-35,-136,195,286,326,390,-37,287,328,-77,-98,34,367,34,331,-135,-7,354,78,111,-122,172,275,350,-18,18,335,99,-20,335,2,122,309,386,-85,389,301,-74,85,182,54,252,371,-5,361,369,153,-53,99,305,141,229,-34,191,-104,-83,259,375,-15,325,-118,311,114,393,337,153,91,379,40,39,353,331,399,105,130,262,238,333,0,374,77,-27,-111,62,39,4
-21,-62,-86,126,-129,171,-13,170,150,-107,-141,212,-50,113,-32,354,387,-92,31,-24,124,-143,104,373,-69,246,92,43,73,257,-41,-77,11,-41,-75,-9,-64,-48,216,312,172,1,-134,15,-132,14,176,246,110,349,-70,-55,41,255,241,6,18,147,-59,191,257,-51,129,-149,145,50,-3,174,28,-131,-84,124,196,269,157,338,36,-66,136,-22,79,267,-125,-34,150,92,142,307,-103,115,199,300,243,-34,-22,221,-73,121,250,374,-126,162,135,-17,-134,191,321,57,140,275,102,-87,251,0,150,179,249,-13,-79,346,56,354,281,129,64,-141,70,2,169,232,352,356,123,-58,178,55,252,370,187,243,398,-11,-119,-41,81,390,106,-57,213,302,213,141,58,298,-139,-32,395,-70,-78,-142,263,274,332,123,277,62,227,364,244,398,115,399,-19,-22,103,-36,29,137,2
-79,-38,-105,-27,-109,297,326,293,153,25,238,247,12,185,222,-69,-149,232,228,-139,57,-25,268,-95,-77,-7,192,177,-86,306,109,-36,112,-57,31,195,257,57,347,167,162,8,391,327,348,244,-36,39,261,354,-32,122,306,315,198,2,-38,206,-139,-106,140,-72,112,335,22,295,47,-24,-68,330,238,-104,254,71,-146,0,146,318,42,160,331,192,313,375,376,301,357,67,47,329,124,271,342,98,209,307,103,-129,122,-117,216,302,247,216,2,220,351,87,170,-19,-43,379,-26,377,-28,-71,-128,301,254,203,91,208,125,150,270,273,252,-5,84,322,283,297,10,178,222,199,273,121,126,-108,31,199,23,321,115,139,137,-18,95,-80,63,-123,193,-126,267,-124,166,86,-143,81,216,-137,107,273,340,44,261,-125,66,260,-92,65,98,231,-85,305,118,3,2
-63,-34,362,366,274,-98,-4,309,306,177,115,192,216,111,192,297,397,38,372,-27,-136,127,56,108,280,233,28,-41,-14,343,341,30,32,-54,25,-66,319,240,174,94,383,-93,34,151,167,252,150,113,243,91,-142,-92,189,86,143,-77,-90,-122,392,175,89,-6,89,159,228,380,146,-105,-100,-53,-148,-88,271,-6,227,95,99,-88,-142,-127,32,253,9,-16,110,233,131,314,135,110,20,217,-15,73,37,125,193,121,349,-65,126,193,-70,-25,238,244,-81,272,-17,-145,189,4,-136,-63,75,-84,181,-37,-142,194,349,292,384,399,316,-136,227,374,-82,22,296,-12,130,-114,251,245,235,-22,122,129,14,397,6,61,-100,37,-79,96,-126,-70,122,64,129,339,236,120,102,-149,40,118,301,61,187,89,362,24,-44,98,379,121,-108,85,164,369,334,-59,25,380,2
288,322,376,192,-120,-52,-36,71,19,-120,180,187,121,85,-91,-80,-8,186,-30,309,-76,-29,-58,217,318,183,-90,156,57,-94,98,182,-121,153,367,6,381,101,-114,-139,219,69,-133,43,-121,-11,46,288,144,299,113,282,-145,292,200,-141,206,38,-39,-129,242,8,62,372,325,194,166,314,-89,-51,272,52,-75,382,143,366,235,292,-27,-116,375,146,192,-54,54,386,101,-2,335,-87,-11,-120,349,8,355,68,-104,254,-130,312,-121,46,29,107,-83,-21,-40,69,71,272,356,253,273,146,-33,360,166,227,108,353,-31,50,394,304,-67,69,-91,293,16,157,67,272,133,49,102,365,184,-91,87,-75,46,304,307,299,-106,236,155,35,394,237,47,319,97,-49,276,35,77,87,-22,88,284,-51,248,114,100,-119,12,172,202,25,20,-72,71,35,-129,-44,96,368,1
-45,104,-139,169,358,333,236,-138,-55,263,20,175,117,-64,-94,100,190,-93,-9,239,305,113,175,260,285,282,-2,301,234,301,214,240,336,65,349,325,283,238,144,10,8,93,-20,335,362,-78,-18,-144,90,368,299,263,98,2,58,270,238,-146,-64,164,-70,296,278,46,354,171,38,148,-12,230,299,90,72,106,313,138,-31,-54,11,301,-96,-136,-132,389,180,-80,187,-141,133,150,-7,372,269,172,-15,171,-86,-136,179,186,203,-87,-83,380,-136,85,135,-64,183,182,-108,347,301,7,-123,-2,157,387,156,93,-91,18,123,135,242,280,296,41,-93,94,-117,338,204,42,73,195,10,-114,98,133,394,-60,329,117,238,327,-112,169,72,239,114,92,328,322,396,-130,-102,329,33,214,-65,7,346,-45,58,-23,-135,200,288,124,-84,245,-124,128,174,337,106,304,2
378,329,-109,337,105,-46,33,136,-80,91,47,272,-42,285,147,376,132,326,128,337,349,-115,-116,144,355,-52,-85,138,-3,147,-81,350,44,195,73,71,33,46,337,-63,3,376,360,-131,368,398,43,72,-146,242,274,79,28,-127,15,206,255,91,257,139,65,4,237,-98,320,103,329,-36,-18,338,15,129,263,-76,32,199,173,341,11,279,-22,-105,-80,217,209,35,282,333,24,320,173,122,320,380,94,-111,261,397,24,203,256,253,-51,120,117,-58,221,13,33,-14,377,262,174,158,75,222,261,174,40,77,250,-41,299,186,180,-77,324,195,254,52,-97,15,-147,236,194,-20,378,-104,365,175,262,-115,361,55,-102,393,218,366,-36,298,255,92,385,291,150,225,-90,-84,-129,116,140,293,181,347,169,-14,186,333,82,9,272,116,118,354,141,165,370,149,4
81,1,396,279,-121,59,0,-63,245,98,-71,87,-80,92,326,61,283,285,57,234,46,11,234,-110,243,-136,229,301,-148,-43,227,190,99,136,136,23,334,-20,339,296,-99,152,348,315,-11,274,183,68,330,-133,-86,73,61,-89,-115,6,-62,164,257,65,128,106,9,-136,371,-118,17,384,39,79,-121,372,154,-131,83,168,-8,335,-144,326,321,-20,114,3,-101,182,320,-114,134,10,-39,155,316,23,17,339,1,-101,-27,-38,96,24,253,283,355,-6,118,106,369,-5,234,253,206,334,387,83,-90,191,98,-17,-79,336,105,-36,112,-125,-133,-53,-127,340,366,394,95,225,282,-118,66,0,291,-132,391,65,147,122,271,279,277,-75,180,93,-58,-83,360,236,278,27,123,-65,217,302,341,302,323,63,127,98,86,309,-45,167,238,-3,-72,69,-146,-31,311,292,2
148,70,-79,-130,396,19,93,196,-3,144,62,23,54,153,75,68,-148,300,286,-134,84,323,216,-133,215,394,8,337,287,359,277,276,387,194,134,367,-127,32,-48,215,-122,104,302,-41,-51,182,-46,88,-71,-137,-51,209,329,-1,88,97,370,85,-123,279,-108,145,267,103,358,20,-124,-42,30,229,41,-91,-69,67,-135,-69,306,53,33,46,-11,-118,171,274,202,-136,-28,-59,124,-41,368,246,309,-77,346,-72,272,7,138,318,32,-4,-109,-124,368,298,173,249,-102,170,-23,42,149,-140,-92,25,-37,-102,-1,-56,22,333,-136,181,369,-69,118,-20,21,322,260,376,230,335,-37,-95,73,-16,50,208,135,148,-105,-29,6,251,278,206,16,144,158,307,219,3,337,-72,13,187,355,349,259,-7,162,-67,-4,-147,-112,83,-36,36,394,298,280,34,-72,-109,359,335,2
392,96,82,-53,379,371,154,-132,-23,-19,-69,-134,-123,389,-57,-147,334,355,212,-64,-72,364,27,160,74,-126,387,254,-129,273,60,133,54,157,320,70,-139,-127,-14,215,202,268,325,34,-22,282,273,79,230,167,52,189,234,93,90,126,-144,121,207,-149,-3,207,133,-2,230,202,228,-22,-54,337,362,-147,85,-147,180,-147,-44,-70,395,337,-3,128,144,152,306,307,-37,-111,18,140,-68,72,-6,3,-133,37,279,287,70,69,353,323,326,-18,198,265,316,399,-56,190,-30,305,303,391,342,-100,-43,1,-143,369,264,150,-38,-88,210,-83,86,12,144,201,-94,-82,-86,264,24,195,323,82,76,316,-42,-39,-82,36,325,276,-52,-38,-14,291,313,-72,316,381,80,124,397,286,206,135,187,83,194,50,37,76,-97,10,386,370,224,235,-111,258,-40,40,340,299,2
350,352,-77,-44,260,82,-124,-90,-68,163,-6,109,77,-2,116,123,122,229,167,395,-36,353,-85,377,13,339,117,237,-77,92,-58,-59,-99,94,239,268,246,-110,333,383,261,184,145,19,375,81,-28,-97,263,-150,305,270,129,63,-150,109,-42,-6,51,346,186,-31,59,204,-36,-3,138,101,-68,-126,290,171,175,-79,211,205,328,314,-87,-65,-114,185,271,-22,395,396,-42,-12,123,175,95,21,-108,-76,62,-102,-64,-141,-119,75,-94,-76,68,-122,129,4,57,120,188,216,-123,-43,-32,-150,207,253,-149,174,-35,167,-16,276,-39,-59,-25,258,-65,2,10,214,-9,-22,-96,208,1,-11,374,45,79,212,324,36,229,100,158,-11,368,284,325,-100,-101,289,-88,-45,-23,149,331,-14,63,-32,53,176,323,14,303,196,260,139,-90,-94,379,-139,316,393,-141,162,69,-71,3
14,359,9,-39,-119,305,108,352,334,311,309,79,236,366,50,110,152,72,9,116,185,164,-71,-29,265,108,299,222,114,347,94,26,392,301,304,276,-85,143,328,208,390,16,369,343,-91,232,43,-63,67,-53,285,16,162,251,174,331,171,-105,-57,345,-59,267,161,290,222,361,185,231,-104,6,393,302,-82,269,160,280,157,257,-121,-74,74,-99,305,144,157,381,-133,262,392,223,122,-27,370,-86,250,161,-23,42,156,-81,351,311,294,136,99,251,92,379,303,271,134,-112,29,163,77,338,318,337,343,-95,224,163,-94,228,165,88,376,253,-141,381,206,62,317,358,374,-30,105,5,184,325,170,269,229,-70,177,236,50,-44,389,356,-106,269,-124,-3,-7,122,300,282,180,398,149,-93,197,-104,79,303,-94,-138,109,43,57,96,-16,121,143,259,-73,244,3
266,252,268,346,362,-99,303,389,143,69,76,-5,324,356,-141,-104,-7,177,165,-107,88,158,6,192,157,-114,318,75,139,-134,347,-138,238,94,321,87,1,347,-56,365,11,279,104,143,-50,351,-119,-38,-88,308,230,-116,96,-77,389,165,16,176,257,382,378,-57,303,345,-147,3,340,90,305,95,268,16,324,334,198,9,279,243,286,39,391,319,-107,24,-89,31,-142,126,308,-56,121,53,371,47,-50,140,80,363,360,259,39,123,102,353,246,260,-85,95,229,134,196,228,264,102,362,-50,-20,-98,306,181,355,283,108,267,388,46,276,295,228,221,313,-74,92,92,-80,33,68,387,-20,180,309,264,253,-56,-107,-135,347,164,-119,348,220,-128,-106,-93,46,71,-19,364,-87,327,-47,-65,178,-34,-32,209,282,58,-110,121,134,338,381,32,-59,163,380,-15,5
206,165,89,-87,338,-87,-51,155,318,232,-91,251,68,-132,206,198,322,-104,225,151,-121,218,36,94,370,104,23,132,-141,213,280,-92,-89,13,104,248,315,-25,81,257,139,24,223,114,-69,126,76,-102,-128,390,-50,116,99,-113,-130,160,59,367,259,-88,173,319,-10,117,-33,98,273,-65,2,-143,131,138,-10,73,-23,345,-9,162,10,252,381,156,-125,39,394,69,103,-6,-59,235,346,36,-5,-134,-88,-87,329,-112,398,-113,173,248,-134,-29,273,-118,344,58,-114,19,-113,263,-28,-26,328,363,249,-120,197,177,359,292,309,49,-137,66,392,60,156,169,249,-11,386,307,-76,176,337,23,274,212,-114,-79,81,-104,373,393,-101,-125,100,329,14,264,201,240,-10,209,203,382,233,158,277,-3,243,-118,-150,361,190,311,104,60,377,-70,217,177,-129,389,66,188,3
112,8,181,63,296,35,34,-111,-50,-53,12,218,210,233,-135,238,-11,-103,33,395,206,115,340,-15,105,-141,391,229,301,-141,110,-57,-91,-106,198,88,26,324,-63,398,311,289,149,40,-113,395,208,-102,221,216,-85,255,-27,210,279,201,136,204,212,-127,154,145,-110,180,170,228,176,154,92,-134,351,307,112,125,-21,25,288,155,4,154,108,240,68,-20,-91,163,-54,359,58,381,211,8,373,85,-84,-103,-73,-137,337,-132,-134,-2,373,292,55,345,221,0,399,243,85,-133,-122,309,47,-127,225,157,-132,267,175,-2,-18,257,141,120,105,69,-127,228,-16,-77,-106,394,-78,80,190,-93,303,109,188,341,-102,-132,159,-39,20,-8,20,-22,-91,-138,-61,-22,282,331,248,236,-3,348,13,-93,-81,138,6,-130,130,285,248,311,-131,-118,-29,15,211,368,290,314,4
274,255,-30,258,238,-58,73,398,336,-4,280,-35,24,-55,12,137,313,287,-81,60,127,-135,-28,294,-102,139,-123,-9,322,172,368,316,-149,-78,140,202,205,288,-150,395,151,77,-23,172,46,-59,345,145,325,-26,-15,82,122,129,9,-58,176,-128,33,248,365,4,100,-103,386,294,373,-148,85,126,258,224,6,-73,53,343,184,234,376,280,-96,167,21,98,261,206,286,60,270,169,-140,-130,20,22,368,-72,65,146,87,150,319,243,0,145,151,-61,-106,324,319,92,0,124,393,290,-149,228,372,-61,-121,-35,21,345,129,380,200,242,195,367,64,55,-63,-46,189,72,-80,78,88,-104,134,-63,-32,231,394,378,233,74,228,221,132,334,278,168,-91,-33,41,-43,47,198,100,31,59,1,223,-1,212,-48,316,66,205,-101,-69,256,-102,-145,382,-144,131,237,3
202,-36,128,304,67,-83,237,330,270,218,-31,-18,372,-61,118,120,23,231,-79,-37,388,272,46,-23,284,252,110,-113,337,190,-143,-111,130,263,342,-89,68,114,35,-111,74,307,167,97,-5,169,333,180,60,274,-93,-132,-73,142,361,33,320,262,251,42,257,125,173,119,95,323,131,-28,-49,366,123,211,284,130,103,230,163,311,154,-47,263,123,-36,321,-39,292,292,-140,40,370,39,-118,218,364,-115,-29,-127,223,-23,-46,316,37,308,295,64,221,17,-77,-124,116,219,221,-86,52,88,133,93,-5,-139,310,343,12,373,226,160,313,349,351,77,382,368,61,242,48,107,-134,274,364,329,-113,123,143,336,-3,69,231,155,258,138,1,17,214,-72,23,111,159,186,215,72,-23,272,356,33,217,384,110,205,-32,-59,207,-50,6,-118,130,249,391,233,150,5
261,14,31,-86,87,-8,66,54,364,40,359,-97,392,282,4,136,42,327,23,19,-81,388,357,334,-82,301,-72,311,155,141,299,339,344,380,-79,36,42,-88,51,118,106,223,-106,-132,-26,304,-88,-142,-62,160,398,247,383,-75,-141,5,-141,166,240,174,240,165,234,41,266,386,241,183,65,-150,135,-91,216,226,-41,289,195,311,313,361,148,330,194,273,161,-81,-124,-53,-58,33,-102,301,179,145,361,55,223,243,-25,349,372,12,335,140,388,290,274,187,228,215,348,-62,19,-98,-76,21,1,247,-38,210,317,-38,73,260,81,21,383,191,278,245,310,254,277,-65,270,275,63,74,-24,115,185,270,-54,238,399,163,230,188,91,175,-120,-47,14,244,282,274,121,10,-69,-105,351,147,44,264,-30,-52,146,104,253,7,323,99,278,203,-88,194,350,-136,2
169,370,56,106,145,304,-61,-142,-101,-115,303,18,255,383,307,-143,-34,72,242,398,28,311,95,-134,331,155,-149,175,5,358,74,70,111,33,-28,-143,-88,391,9,301,8,-74,-111,178,60,45,191,76,-52,43,-132,12,1,194,-34,-20,-26,216,275,173,388,136,72,201,-13,295,336,158,215,-38,69,184,-19,-1,101,53,51,-5,53,158,-50,313,364,205,47,-108,96,-76,54,130,324,10,383,63,310,311,292,69,356,156,60,-81,24,199,358,276,140,296,-116,-76,236,24,-113,87,-69,-62,-127,48,308,60,-38,158,-80,-12,203,13,178,-58,187,298,248,46,-22,286,355,161,367,-148,-142,-103,245,173,362,388,17,-39,-130,17,393,98,-74,25,109,-28,-142,-49,203,27,180,151,-47,391,-71,126,-84,321,-1,319,119,235,272,199,123,66,-78,328,352,37,4
150,193,162,250,255,-46,170,153,237,234,176,39,-57,155,304,381,121,158,35,42,-37,295,-6,397,36,220,186,382,173,-34,164,340,342,38,387,347,-110,260,310,284,398,66,248,214,390,296,323,387,-53,-102,-61,41,-96,-117,104,-95,334,255,79,-127,340,-19,202,201,-7,387,9,245,36,-4,-5,267,214,34,2,91,84,168,244,-2,156,163,-9,-10,139,-54,149,177,195,-82,-130,-133,92,-49,323,138,306,-37,116,170,363,5,168,228,198,157,-69,202,292,375,251,-111,364,156,119,1,298,223,199,109,51,232,199,165,266,255,318,301,-39,314,-86,65,186,-144,191,374,195,67,23,123,341,235,-20,206,41,313,221,186,-122,381,-29,48,347,-7,-62,267,128,338,337,397,65,116,363,77,73,24,185,-10,275,36,357,107,-136,199,341,270,-126,274,2
61,169,120,210,-17,-27,50,-96,151,-52,131,-28,276,346,84,235,131,147,380,-17,198,191,-115,211,-9,288,50,47,169,137,-72,27,359,369,398,77,96,325,8,388,126,216,155,324,-59,-143,349,399,61,-75,354,-119,-109,-90,169,177,170,84,389,150,285,280,-140,-37,-150,-141,278,183,141,-33,188,-37,15,259,126,-35,316,4,-37,-75,48,50,225,35,186,-118,228,128,319,54,64,36,58,93,-22,-104,66,360,-119,-137,112,229,311,180,208,-73,-127,95,114,323,-74,-88,369,357,21,19,348,236,221,85,-110,322,327,212,387,355,60,84,80,138,313,28,281,-103,335,172,-64,154,-129,74,157,42,155,5,278,116,244,17,214,318,121,17,110,136,183,151,5,-1,-81,226,181,-26,336,156,102,-19,355,-72,377,214,216,-91,156,59,212,-17,87,-51,5
155,108,-24,222,94,396,96,41,-66,391,37,42,179,58,343,76,207,349,-103,110,-67,252,67,193,339,156,282,391,41,290,212,-32,221,-101,372,380,122,-3,13,219,45,271,95,-142,-45,397,329,353,148,397,-123,166,225,243,87,-4,360,96,209,171,225,-65,254,55,155,94,376,72,23,-55,27,310,43,326,196,370,-93,383,225,379,273,189,-47,110,247,159,130,371,329,312,-116,288,308,246,46,225,93,249,-25,-61,-69,-57,63,353,305,-30,44,-52,273,141,-29,-52,-85,-17,77,-95,306,200,143,334,27,13,352,139,49,-99,151,247,-105,26,232,175,294,-8,181,228,40,-149,209,342,278,209,86,382,328,-36,370,-56,140,180,-136,-103,87,-12,126,-107,136,387,305,-80,187,14,128,-63,91,157,261,-85,87,141,-49,357,159,-126,203,69,375,-141,2
-142,-30,371,258,384,116,158,132,300,-45,98,23,362,141,117,381,225,235,-62,9,214,136,341,-58,-109,236,301,-83,54,176,354,144,245,58,360,45,249,306,311,80,9,-98,227,28,32,368,239,3,114,338,-1,-94,23,225,84,320,123,352,143,127,11,247,261,-55,-72,281,126,74,-51,297,-49,76,338,-22,0,73,130,42,-128,369,86,246,-50,-37,-150,189,360,71,158,177,155,-112,-109,209,259,113,-124,-99,154,384,18,20,221,-29,379,300,4,-37,132,-8,306,362,229,48,251,-134,-115,291,85,-21,271,310,276,268,-12,388,97,-40,286,248,224,288,239,-44,348,98,260,127,175,392,-144,389,346,226,45,-28,114,92,240,-83,278,279,89,-119,374,89,191,362,184,-137,296,-47,-102,-43,323,2,-99,-112,388,6,64,352,152,319,339,194,302,258,1
9,-32,224,-41,157,8,-142,38,94,-103,-50,14,170,321,342,197,-98,163,24,372,-95,25,47,-137,262,185,301,61,124,157,-12,264,114,-1,-118,243,105,26,-144,325,-81,-87,8,-49,-75,92,187,222,98,225,-36,91,-144,25,43,387,223,317,292,-12,298,-51,15,164,308,69,317,-42,209,170,318,372,164,309,354,318,16,384,278,332,183,3,316,373,53,-106,-138,-62,-133,252,-102,-107,349,131,259,348,360,-66,-106,58,372,-70,352,-114,-38,253,335,-137,351,-91,169,-77,209,263,-147,230,122,-45,127,372,175,268,324,174,14,162,319,25,-126,-85,324,179,27,220,-24,222,128,120,22,399,-25,107,13,68,-124,174,368,-74,378,-110,11,266,144,49,-39,81,211,21,349,-29,300,190,156,132,-60,-79,35,-61,314,110,212,190,76,34,-46,352,65,80,5
-135,-119,161,354,-60,370,61,25,211,82,29,263,384,-120,166,310,86,207,206,39,77,-138,125,-5,120,-98,272,245,321,-37,16,72,276,78,303,36,127,-12,247,307,202,182,149,30,136,-127,375,183,322,361,13,275,371,378,301,-103,14,-13,-119,306,-31,-2,311,-10,42,-125,183,-77,338,116,365,222,29,56,341,34,250,-116,198,244,171,267,71,-131,136,143,201,386,249,317,-148,-38,-74,152,285,136,-16,-121,299,31,-76,-94,46,-124,-84,389,-3,-120,280,140,91,-104,286,5,333,281,30,84,336,129,-108,-48,221,96,395,82,110,334,150,77,-150,398,144,327,-35,308,-75,328,380,193,258,281,-53,59,-122,367,121,351,-76,116,78,158,211,231,84,94,70,-72,199,117,70,-145,195,-83,-5,-24,125,-142,89,274,33,138,-110,29,373,-27,137,296,5
-5,-111,130,-49,332,198,193,77,176,276,367,287,395,258,390,26,360,363,-34,131,151,44,-108,253,147,49,284,0,218,-2,14,-63,383,147,253,35,299,365,346,343,81,24,34,89,392,355,218,-128,-20,324,207,109,189,39,-24,18,315,343,317,136,374,91,-3,147,377,196,219,219,204,15,310,-144,-112,234,192,378,28,265,308,189,5,200,45,-65,-61,337,95,382,323,132,325,64,342,-112,399,394,89,124,309,31,201,97,270,113,337,319,62,138,-101,64,-37,-71,327,48,358,114,390,-82,334,-149,-46,-30,-126,383,321,-106,343,108,-39,226,-102,-90,318,14,-143,-134,133,289,292,-66,-107,-44,-12,120,299,89,-32,355,36,329,-107,-84,358,-20,178,108,199,228,241,159,256,335,162,197,220,213,390,-29,-129,242,237,-127,30,-122,108,10,236,-71,4
-18,-56,-35,-108,275,152,7,230,288,260,-12,67,286,86,330,383,4,202,147,31,-37,237,371,9,219,240,-109,122,12,371,223,-6,-49,207,-98,85,315,225,280,109,229,272,366,-48,-77,34,295,169,354,-13,-29,-86,-114,328,86,192,323,204,-72,204,393,32,249,-82,91,397,236,-55,234,330,209,144,262,-5,28,184,169,343,332,251,38,335,-100,295,295,276,-128,-133,172,52,-113,-18,259,182,123,-108,303,315,-118,-91,-116,255,372,116,353,155,336,167,318,22,221,28,-30,-28,201,66,309,174,31,182,229,50,-91,82,336,-32,237,185,17,-31,326,136,81,16,358,-32,-49,-115,173,-119,94,201,94,130,25,286,-67,339,313,308,351,178,399,219,345,305,25,35,242,358,-99,-79,325,336,298,11,3,64,-46,115,176,-54,115,101,111,329,215,-9,2
306,-133,58,-124,287,68,59,185,-27,-112,124,-118,40,-121,68,390,21,339,12,162,-49,337,-111,160,393,218,105,115,-58,213,241,384,100,398,-18,362,281,300,239,291,234,-13,-37,65,45,182,-128,244,-46,380,174,-4,-20,153,-17,91,224,284,288,-57,343,335,272,255,-64,-16,107,-148,161,153,117,259,26,396,-37,88,-1,-121,314,239,256,305,-112,26,351,-64,143,387,370,-18,-65,-31,249,-63,92,221,219,26,-52,185,241,114,-30,60,89,260,-87,151,-32,46,287,-38,373,54,-5,243,-51,365,349,-111,152,260,71,60,164,-91,193,120,-59,380,201,-48,94,266,87,47,296,145,-83,253,-132,11,-86,-143,288,292,-1,381,253,332,-49,-100,-103,31,-90,-115,36,-139,-10,356,193,197,273,-134,4,127,-139,176,261,-107,131,177,195,196,352,170,379,237,2
153,339,-118,125,223,292,182,-87,33,218,158,80,314,13,200,253,18,10,-91,-68,354,363,40,-147,-40,-131,-73,356,352,-19,-134,301,-19,115,389,-116,88,-137,65,194,-112,347,-52,-101,-12,49,197,142,-45,-52,259,349,-97,132,184,-131,-77,131,-8,85,-133,223,-120,-124,228,170,23,346,-115,-110,361,-28,252,281,-140,-33,170,363,-85,-92,393,-5,46,96,164,-84,350,282,352,-62,-33,238,74,205,308,281,10,212,324,174,-146,368,-102,375,18,-50,-37,-114,395,289,348,10,246,276,320,76,83,224,45,191,289,317,187,30,100,-144,-69,-83,288,158,216,356,304,341,168,59,137,11,-45,211,-117,221,129,130,218,194,-118,319,-124,219,326,-35,93,146,-141,-50,41,343,46,185,221,291,137,91,39,301,-35,124,-103,90,155,-84,-146,183,298,330,244,168,4
224,267,132,316,-60,241,23,241,-56,-27,-74,193,201,368,157,-98,120,206,284,102,255,51,-125,321,294,55,51,74,-106,259,58,314,372,98,25,199,-11,33,-96,313,75,-50,281,265,192,-27,250,-39,147,117,352,391,-21,317,140,263,261,-45,154,-132,13,-132,23,360,-119,326,30,247,-119,262,377,-131,355,210,218,-48,17,145,388,329,308,189,192,-16,59,121,4,52,-58,81,-44,303,218,126,163,-118,-70,228,-31,304,52,-86,-144,69,104,138,312,-61,124,12,-122,-117,175,178,35,75,158,-97,122,-62,-29,292,391,20,237,-5,-74,-2,299,126,-11,101,273,-72,192,381,-148,232,35,91,101,234,118,-7,333,295,155,79,-90,294,249,398,-93,188,306,137,150,223,-70,257,-35,391,-130,277,77,-128,193,247,33,352,-70,215,108,325,-59,-15,-42,-101,1
164,-116,243,-145,-29,206,-93,358,8,151,-97,54,223,306,331,394,28,51,327,240,176,165,248,387,35,286,-42,271,-97,-31,123,362,8,-33,-6,137,99,-73,174,249,-16,125,-93,354,186,232,-38,292,-25,248,372,54,-127,5,224,-128,320,-15,344,-150,256,-131,378,327,284,-36,-81,292,94,-5,296,165,24,329,85,302,333,-147,328,335,97,-116,380,180,130,19,275,-116,349,171,-38,203,370,108,375,49,-110,-140,110,102,-112,-15,278,248,222,312,351,2,-39,18,-109,291,62,-5,159,321,17,105,363,240,-114,61,-113,-116,105,-115,146,337,48,384,251,372,-67,125,137,-55,61,388,-83,-66,228,9,-109,164,242,297,382,-129,321,56,-141,-31,67,-142,-55,221,257,314,27,47,226,187,286,12,138,61,301,286,105,-36,75,131,123,194,84,5,170,121,2
240,229,252,-138,343,-26,-76,298,-67,182,312,21,-59,66,-35,103,163,333,7,152,334,114,-149,238,171,141,145,-96,-45,127,-125,335,257,158,372,39,-119,314,189,92,-69,26,78,-76,-4,59,-39,82,-32,68,-144,383,67,344,24,360,212,207,131,59,-93,15,-48,103,240,225,18,381,196,42,-150,182,-97,27,-43,-79,38,203,168,396,-148,17,371,-116,27,341,119,77,385,114,169,275,94,27,347,233,150,372,-25,255,21,329,344,-136,-7,95,118,65,-116,39,370,311,173,11,287,55,385,298,350,42,5,343,157,298,336,176,238,7,-103,213,289,244,354,265,-128,147,166,-149,22,283,13,-5,297,45,303,1,216,-50,133,311,358,384,146,338,344,-22,89,-58,208,10,-70,83,228,388,-126,-106,393,-45,235,275,386,13,56,338,161,348,328,-62,5
124,57,5,385,45,-87,320,251,120,-33,59,75,25,113,310,-63,42,308,245,121,-7,254,162,196,56,-116,258,104,69,257,237,211,247,300,190,341,112,268,384,74,386,-24,-28,213,-51,379,121,-12,54,107,-111,258,17,84,55,-43,126,-66,284,346,79,-62,48,104,-12,116,293,-126,241,55,-63,92,243,341,191,398,70,-82,-43,299,-77,313,175,336,151,-56,-61,202,156,3,361,305,-75,-133,268,278,16,329,142,258,399,92,-7,164,170,130,236,355,-82,142,337,-103,-72,100,-56,-35,374,-132,221,-29,207,-35,260,281,146,226,270,201,-91,140,252,-59,-144,-47,-37,257,119,225,250,-49,-24,237,29,206,-43,-90,72,348,-38,300,364,-90,299,-100,365,38,103,280,115,106,-95,-23,-62,-53,285,157,230,230,-95,208,-47,85,-88,241,209,105,-32,-101,4
193,132,215,172,-92,218,158,238,-95,46,224,343,317,114,248,91,-148,237,-133,150,8,293,131,190,-111,-2,275,211,195,341,201,-30,248,389,291,178,-82,87,162,-70,219,395,81,-91,356,123,-51,144,77,-60,-41,367,93,-24,218,319,103,90,357,76,-56,174,341,-63,34,174,346,-136,16,15,111,380,363,156,-122,386,396,381,56,-39,307,73,177,-54,-39,3,339,-39,293,287,43,-87,239,144,54,359,-110,20,-30,-34,194,-21,223,154,294,338,101,186,-125,-93,-115,86,352,374,84,285,86,186,246,172,14,53,-134,186,274,209,-137,123,329,6,-148,-3,140,251,196,111,-98,152,209,-68,233,-123,0,-64,-41,173,393,371,101,394,250,-116,163,191,-107,-23,290,-83,-142,245,-133,-93,324,124,183,304,-86,61,276,192,68,392,339,96,23,153,-90,110,1
268,57,-99,280,93,344,382,134,320,288,-95,225,143,-101,79,304,-117,-29,278,283,-31,188,-20,367,-52,186,281,147,204,353,340,-95,86,-133,-70,336,256,107,-119,-8,-71,119,153,207,255,-4,-116,150,315,76,12,10,47,350,177,231,-79,383,273,382,215,-5,247,19,209,287,376,108,111,110,-52,-41,104,252,369,-9,354,282,245,138,138,-101,288,-136,161,-131,203,304,115,-70,289,386,-82,362,393,142,167,218,1,256,335,-147,182,133,129,-34,297,137,344,260,140,18,106,73,-39,-146,-102,27,374,127,380,57,287,-70,-30,-36,235,316,397,171,330,306,128,-115,340,287,-142,-43,337,301,57,-71,237,153,81,-62,-141,-51,176,-12,139,-141,173,241,122,218,138,98,295,111,37,-2,178,122,81,-15,300,-15,-62,235,-52,-80,-61,-66,103,89,308,304,5
-32,-120,182,155,1,350,13,-9,95,208,68,10,287,260,-51,-119,-8,223,371,85,361,22,167,371,38,103,-47,35,357,-5,-90,-75,196,-42,261,-97,-20,316,328,215,332,100,377,191,6,-102,341,-16,258,203,348,155,-20,-116,354,341,156,0,270,28,117,-41,312,310,284,13,359,-1,206,180,154,-31,-44,-53,36,307,250,-60,224,-92,-136,-83,258,-73,122,8,-133,120,266,183,-30,3,-4,256,230,-125,318,26,284,-136,-103,143,26,304,354,154,76,108,-76,-67,139,275,-66,348,32,-57,-71,13,39,113,257,-62,-129,98,9,18,-105,-53,-132,-2,361,4,-65,372,189,-25,-19,0,58,365,281,-123,243,372,304,-22,11,-54,395,-95,-89,105,397,-2,313,-29,360,292,356,-29,5,-27,26,-46,-96,107,291,-125,155,-121,-9,-136,42,195,-100,-36,375,154,1
151,175,288,-38,-130,355,315,118,16,-21,190,232,-57,226,-112,87,-36,-66,362,-13,52,78,210,379,27,192,339,-113,231,264,229,60,-43,144,-37,-78,167,22,173,-37,156,208,375,-55,14,210,90,69,267,396,54,37,-32,61,253,257,26,255,382,57,322,-42,-52,32,395,243,334,21,147,-45,-105,10,302,346,377,293,320,-86,-109,69,-146,274,-142,-103,300,318,18,295,45,81,327,22,389,226,-127,162,64,58,-44,-87,203,-53,184,191,247,72,137,189,271,-18,123,51,355,171,90,-22,359,-117,267,18,-84,136,318,68,255,-133,88,303,57,-91,337,354,265,353,10,327,312,101,140,388,5,160,323,384,70,-147,151,390,324,105,187,181,58,-90,-79,263,93,235,285,333,-113,45,-29,392,230,372,108,-150,279,104,233,191,52,33,294,339,320,175,5
143,-56,-129,-20,-125,171,-129,389,47,329,-130,130,62,-77,-62,377,16,133,93,-94,-74,307,-41,50,52,-13,-127,248,192,-18,145,282,-34,-86,275,107,398,257,117,13,372,149,338,-137,134,360,396,9,349,147,65,98,293,-24,375,188,-22,-47,238,119,324,-149,-129,166,135,244,-8,142,350,141,219,-99,-86,-71,165,234,-68,103,217,-14,252,-14,139,350,183,163,385,41,396,120,186,346,-2,288,44,298,-58,151,337,66,223,210,-104,52,-52,-35,97,123,185,344,299,227,-21,59,74,-86,92,328,-43,79,-124,363,250,144,151,-38,392,-80,350,28,220,310,209,35,328,-88,330,203,294,37,155,-149,-82,337,-41,-145,261,39,-4,294,98,133,-81,188,235,-57,371,35,141,-86,137,260,207,97,67,372,48,174,28,158,363,30,261,220,-18,369,53,-9,5
300,56,73,316,240,309,176,142,269,-64,-53,221,-48,-71,-21,-115,-96,-70,262,4,-125,-22,370,-100,315,-135,63,308,-90,146,324,-79,173,329,-144,-89,275,-26,123,203,230,-128,211,391,121,-5,218,-10,36,378,37,285,55,-100,-68,245,115,326,74,247,183,309,-81,264,239,98,73,259,213,306,216,162,387,233,-53,132,366,-97,-108,353,-144,233,197,388,-7,225,123,83,121,137,139,11,204,362,-10,5,-15,300,10,214,361,91,164,278,-25,-60,24,331,331,165,389,34,-127,379,366,-51,377,182,266,209,30,279,310,-82,27,343,261,-14,103,388,26,-41,-133,215,224,299,345,381,360,-96,27,262,284,364,304,-11,276,261,-104,284,-6,271,289,124,-135,145,225,101,248,33,301,290,-106,386,275,399,142,389,7,81,349,227,197,94,143,-69,8,23,2
174,59,-92,240,40,239,94,165,-44,-105,200,205,198,28,113,142,99,-97,271,-9,317,241,-96,-85,87,-72,184,-26,222,186,128,-107,-129,-136,-20,-35,171,150,265,-29,39,252,116,358,-39,356,0,-146,-35,-74,172,38,-63,130,-93,50,377,308,-74,300,8,-144,192,119,-60,234,89,331,-9,380,146,-89,381,10,206,70,66,382,-71,326,254,-52,-149,74,18,285,-81,-85,103,-87,-149,56,375,-93,27,-132,199,314,226,139,38,186,211,154,217,-118,-73,-8,113,320,201,-59,-113,379,257,247,-52,345,136,68,-66,100,94,-48,238,-101,-37,-133,176,204,-88,163,-124,364,223,178,209,344,-122,-14,378,70,323,158,196,302,301,331,-121,248,345,166,47,399,246,102,355,269,153,-24,-42,-145,269,102,30,39,257,383,-22,4,138,367,-138,247,-28,222,-67,337,3
-138,276,260,78,32,-129,-47,81,185,14,20,31,288,292,-26,54,-100,151,-88,332,216,1,-135,-56,-58,298,-136,-43,-100,348,127,-61,240,135,66,356,251,167,-21,-117,129,216,326,21,293,-16,282,-58,326,28,-19,-73,216,362,34,335,35,18,141,376,-37,328,-86,261,-131,205,39,72,90,37,-95,33,-114,12,-82,293,288,123,156,245,259,198,-93,78,136,-117,211,173,98,197,-97,90,8,202,159,-33,34,25,-3,211,357,-114,32,257,27,52,344,184,246,37,-33,163,58,126,234,185,128,-102,342,-20,245,-78,41,201,13,137,-33,279,-118,113,-33,-83,349,290,151,337,-96,265,124,355,14,163,-114,189,7,203,-93,383,311,-85,-43,297,265,59,322,99,-38,344,-85,-147,113,-86,-14,133,344,19,-145,-141,-30,170,68,253,-48,7,115,128,193,267,1
-113,-22,77,229,297,147,-106,150,335,30,-118,336,188,159,59,-75,-15,-124,161,336,149,-118,9,-124,184,11,-77,359,184,38,67,66,328,310,48,349,293,163,203,-49,-11,-150,336,173,-90,-29,17,285,-91,383,-59,381,-78,-18,-65,0,371,356,-16,279,156,124,204,258,268,241,-132,174,271,94,-144,197,146,278,266,54,110,138,359,-24,314,170,264,-138,69,268,224,283,206,-141,-142,345,-115,17,143,126,-56,374,297,-90,130,151,-116,-15,76,-136,-67,201,196,30,18,374,22,264,273,382,-48,-84,199,368,10,229,367,107,94,-50,374,250,-143,332,-139,192,-41,366,179,32,93,25,-5,177,104,-150,375,346,374,359,-49,203,191,53,395,54,293,376,151,-59,-115,31,-137,82,-147,399,44,266,35,-144,32,-44,-14,48,240,275,174,103,43,223,144,111,2
-47,218,-107,34,60,-91,-132,23,129,-83,16,252,-128,136,-144,-35,144,-136,-118,195,72,207,-128,276,104,63,366,247,368,286,56,108,-74,236,163,-33,67,268,45,193,-60,-99,107,61,184,-139,363,57,89,169,-115,304,295,268,-98,-45,221,-32,-138,-127,-70,54,54,-11,181,364,227,274,368,177,112,-7,382,-8,263,226,-94,73,62,305,24,-81,312,-59,101,-135,389,46,-121,27,373,18,107,142,37,286,184,155,110,-54,21,75,-23,278,261,112,239,367,256,98,-59,293,10,342,321,248,382,117,246,17,29,129,27,35,-29,225,32,219,132,115,82,-38,117,235,146,45,73,-132,321,-45,150,350,273,103,211,136,199,253,342,282,180,241,114,259,240,263,-36,162,212,-105,352,173,391,217,-4,93,-29,264,110,340,160,61,282,-89,90,315,-51,382,4
111,270,56,267,293,309,-68,377,111,359,260,243,38,-79,201,47,7,181,172,-138,241,9,276,-24,315,-49,161,206,42,-133,-60,284,-113,-5,36,-51,209,232,394,260,-108,-88,28,60,99,91,100,109,-131,353,0,175,86,15,382,194,67,324,18,228,31,-46,-94,277,247,-8,283,25,41,276,118,-150,-74,369,69,129,93,80,120,313,-15,399,223,172,145,-138,148,-73,263,-35,-66,279,381,-33,111,229,-2,315,9,152,186,-110,262,182,-141,203,265,138,8,110,174,269,106,379,183,123,167,321,-26,257,-73,-1,-22,374,83,39,-83,83,18,-35,128,28,-58,55,275,-148,-137,97,330,267,172,121,-47,80,84,207,385,287,226,171,-112,234,101,2,199,-114,33,355,115,-10,100,-50,76,-116,31,99,284,119,-31,96,79,42,170,327,395,290,-142,-10,3
117,-39,7,284,102,227,40,377,-147,125,88,330,337,399,-70,-100,75,-49,-18,-76,108,138,-60,130,253,-12,145,144,111,-94,368,-132,358,21,217,280,194,261,130,-20,309,241,367,399,354,106,22,253,153,256,263,194,358,-40,261,378,-38,204,123,210,-125,328,121,213,334,129,-146,213,168,273,263,132,242,223,296,263,89,-128,254,31,280,107,39,-29,25,-14,391,-53,-113,286,194,385,-136,169,-102,322,-36,-29,174,217,-32,179,108,32,-97,308,33,118,-65,-146,-33,202,339,395,74,-17,-21,-8,82,15,204,270,143,371,-53,163,115,-101,191,75,331,274,267,204,163,-127,-70,-55,247,74,367,372,260,-61,286,130,-59,161,-141,99,399,50,208,382,227,266,2,300,331,281,18,241,339,152,308,-42,273,-43,166,288,-107,354,-66,202,104,-88,227,178,1
200,-12,78,122,343,236,44,121,243,282,23,-51,33,82,377,-76,104,231,-140,-13,41,341,121,289,386,191,-93,-118,197,185,16,222,149,-35,165,214,194,269,348,291,338,117,18,103,125,-57,69,-4,-102,-130,228,-103,-26,311,8,214,0,-106,-43,52,117,67,120,-13,217,151,-17,-140,236,245,273,288,3,-45,-78,220,327,368,123,186,133,131,-137,-118,-15,202,276,262,113,270,129,349,102,182,215,190,-113,353,310,141,392,390,-30,-110,-146,107,-69,378,39,239,325,153,173,216,152,185,367,91,377,89,336,243,254,-68,4,380,-9,-26,288,173,267,321,-32,349,187,293,370,251,258,292,349,312,208,241,112,249,313,270,396,258,193,-48,76,-47,118,86,57,-20,212,-92,-129,-123,185,22,4,148,-35,120,387,143,-9,335,191,311,181,-97,-112,231,2
101,-140,-108,139,-16,331,385,345,330,203,-85,150,363,381,343,-96,14,-88,139,266,-16,366,294,110,-150,21,-18,-79,116,381,290,16,269,36,335,132,399,64,389,21,178,-101,34,175,-126,360,149,165,14,193,165,-35,269,99,67,-124,-93,78,-127,387,-145,355,160,-111,18,-99,215,160,75,-45,267,6,98,369,219,229,374,88,-112,166,392,166,43,249,388,-134,163,-139,-127,9,-78,59,226,-7,-123,-135,-149,79,-81,-29,25,295,317,303,168,153,-98,270,130,-24,308,79,217,97,71,345,154,323,-19,18,-8,1,345,132,134,116,142,71,58,212,266,-53,-108,363,-63,176,-57,-75,-106,266,126,353,-7,343,342,125,249,-47,53,322,-5,-63,7,-127,-22,145,-77,91,396,142,224,46,29,-15,-137,-42,237,97,184,4,-6,357,303,255,125,365,-25,-115,5
345,-84,61,390,240,52,-34,-54,-15,66,134,143,333,258,304,-100,380,242,120,-30,-80,117,54,-132,15,150,20,288,330,167,80,-91,-67,337,-21,-111,231,215,182,-48,-33,39,-76,54,78,19,383,396,219,292,-108,36,-50,232,179,83,276,-59,338,-62,310,29,4,274,-138,164,260,212,325,50,45,362,10,3,361,97,93,298,-146,287,86,-57,205,151,-126,-93,135,391,147,213,371,243,-5,194,260,110,-61,-114,155,300,7,224,-43,382,147,70,360,261,181,-57,252,283,69,325,299,-21,362,-101,-145,5,105,246,-118,158,293,284,93,-7,-8,305,253,44,-141,176,227,-20,-128,193,104,365,100,-96,313,95,-125,350,58,395,393,288,124,247,53,-9,-33,96,231,378,252,-80,223,321,53,273,219,327,355,65,130,313,386,166,-88,-30,292,115,399,-133,4
-126,53,29,1,322,214,286,105,52,-94,161,-144,233,56,316,230,3,261,30,315,97,390,181,-65,199,172,201,92,114,312,344,160,281,313,143,323,-22,232,303,135,69,-132,-65,128,187,93,389,265,-30,206,383,-6,32,32,-30,-108,92,231,233,1,-93,332,-30,119,-1,162,-88,-99,78,152,283,92,-98,288,18,-95,359,128,269,255,202,322,-18,287,262,188,-4,160,211,173,191,222,166,328,19,-121,3,189,-25,50,-121,314,107,7,3,31,114,119,392,369,289,296,190,0,144,317,-117,111,-19,-23,-49,100,193,110,337,212,386,-48,305,377,8,185,-68,39,-43,128,227,283,34,34,268,40,-39,-134,271,19,224,275,386,134,367,119,140,355,-81,5,-124,-24,195,349,168,37,200,-67,232,127,385,348,239,14,328,234,329,2,339,290,219,357,4
324,186,35,-51,200,358,95,152,70,298,99,294,275,388,280,-20,-119,-110,102,110,151,158,25,161,364,117,-79,357,-25,14,384,378,141,214,-82,389,83,2,36,276,-44,164,376,348,191,-46,227,311,76,224,33,183,263,-39,95,-143,384,91,339,-129,73,124,117,207,323,-43,219,-56,18,279,137,325,181,-29,61,221,14,-140,368,39,364,-50,-126,14,61,196,276,21,318,204,-78,-38,-23,320,136,356,277,225,71,-18,259,238,314,119,167,193,209,94,-72,136,-126,-43,108,-61,-126,16,-70,-127,311,228,278,39,213,119,92,-43,-50,22,154,58,-114,-70,158,218,377,300,358,380,316,21,292,320,118,372,294,-78,356,390,60,109,-28,232,-7,-88,130,140,-33,118,62,38,364,254,-146,-20,150,-116,187,-72,-104,77,358,-17,50,-110,205,122,67,-13,3
303,321,-44,-24,89,313,-46,-106,373,235,357,-6,292,112,125,77,-33,51,38,-134,318,-43,234,-140,96,8,230,84,368,-42,-40,10,118,-16,77,273,321,62,215,341,193,122,-12,-47,105,-149,345,263,-38,172,143,-83,160,187,180,396,359,305,275,312,347,-69,-98,-8,-10,-28,44,-146,72,79,315,342,327,327,186,114,276,-128,-135,-130,102,36,392,328,67,214,277,83,227,-138,188,215,98,-26,397,82,397,196,237,32,124,51,156,6,226,346,142,196,-78,390,-108,103,189,182,137,69,399,88,359,-28,399,150,288,69,206,389,2,243,-19,380,123,-89,309,-66,169,327,91,113,148,-134,154,201,264,3,197,192,275,-104,-147,361,27,-14,22,-148,205,363,237,-94,166,-28,287,147,247,199,363,-136,308,-12,223,290,-67,172,-16,106,-110,216,293,-135,1
251,392,-123,-29,82,353,217,257,320,-61,-74,43,226,132,345,257,-24,-87,114,-48,294,347,-109,206,-20,34,294,318,370,-6,178,320,27,223,314,249,-138,62,295,-51,233,166,57,343,301,163,380,395,238,-72,-39,371,72,18,385,318,58,-59,-54,222,-138,40,335,100,239,197,273,-34,371,128,329,387,365,229,263,285,297,259,-9,291,-106,-101,109,-14,241,164,-33,383,340,2,-67,-98,386,-8,132,238,-126,308,57,301,328,4,114,-31,125,102,196,219,56,249,13,346,151,204,265,-72,12,93,-118,267,239,-24,-84,326,233,384,230,-127,98,397,192,144,-124,59,62,399,228,357,-7,38,68,309,156,259,7,-6,-10,101,-97,96,-125,23,-16,-135,294,97,118,7,268,311,26,375,346,296,29,-60,14,24,7,121,189,-44,350,143,279,-87,164,6,4
318,-94,115,72,175,-46,-38,211,47,-8,17,376,383,-93,124,178,241,309,380,-130,82,67,-148,-77,239,376,115,-50,254,183,49,-116,-58,398,-95,393,197,394,399,112,205,131,219,286,184,329,59,124,-126,107,98,-35,-28,161,278,228,153,27,195,81,47,114,-130,-24,295,398,122,268,6,192,-147,26,-33,72,237,217,267,-148,265,-130,203,343,-136,339,-21,121,360,24,204,302,150,367,375,-78,384,268,211,12,-142,-127,95,-66,-65,368,112,93,39,114,155,239,276,-125,-14,140,-6,21,288,-82,172,-129,125,230,377,244,-12,343,25,345,142,253,-43,234,239,148,141,341,-80,231,151,-21,110,212,161,-65,-14,207,329,340,102,-137,4,242,-68,132,146,-49,315,-62,101,119,330,394,331,-23,125,92,-91,-68,311,-115,-69,343,135,376,-39,-42,-132,111,1
-147,115,-21,-21,245,192,321,-31,6,284,128,300,114,256,376,-11,142,366,252,155,309,70,-50,219,162,-40,74,-81,92,151,184,267,254,399,236,329,-26,92,-91,103,-143,153,4,-147,399,54,233,35,2,382,-14,20,151,6,-59,364,243,319,76,167,159,-14,-16,333,115,-2,224,-48,22,334,273,316,-43,155,35,90,204,91,148,-127,186,-103,286,-104,191,0,102,-69,-36,134,-89,146,-39,352,278,6,36,187,288,106,322,167,-42,371,21,361,354,259,-38,329,92,337,325,11,-18,207,335,313,-29,49,153,140,134,269,386,29,-126,296,388,-35,-75,-28,399,395,206,36,271,62,286,201,231,287,-56,220,30,174,52,345,107,268,281,-90,29,243,-35,146,160,-89,200,56,381,351,232,157,327,36,140,389,189,213,39,-138,342,-78,26,257,48,371,5
269,117,215,91,204,112,2,351,356,228,-75,327,370,23,125,78,112,141,-137,321,-102,258,-117,16,-17,354,21,14,192,338,280,308,316,133,-108,148,316,-91,327,297,174,-82,-117,166,131,91,168,21,-10,270,-22,169,-51,-98,308,-20,128,274,68,157,171,38,147,-59,176,-96,198,331,277,289,83,107,310,222,1,53,-77,275,-37,-98,-83,28,-39,240,311,-134,341,48,256,163,57,380,30,267,371,229,-145,294,84,219,130,154,233,-35,271,26,184,338,339,239,-34,362,83,238,213,395,63,81,-14,378,-73,388,61,338,39,188,286,45,270,-69,23,392,294,365,304,334,203,358,-2,293,-83,339,-148,-35,146,120,-34,-54,194,185,344,307,-30,224,196,-38,158,-59,309,281,-118,257,252,393,48,-102,-141,383,134,342,313,-88,193,151,337,129,338,394,1
88,242,366,-42,335,163,-38,176,23,-60,180,252,-57,-115,-117,-16,-96,232,343,58,209,143,47,301,-81,398,-58,39,-72,344,62,139,-76,232,-44,257,17,350,68,280,260,162,282,33,111,-138,-102,12,181,270,4,-108,255,-60,226,132,290,-64,6,-134,370,65,68,-111,-17,-78,18,395,32,260,321,278,8,231,162,104,81,81,251,159,-70,181,111,208,32,71,351,22,245,62,-2,368,71,31,-30,295,25,-110,364,84,369,377,-29,192,-6,390,79,197,-77,-146,263,208,156,272,387,-25,329,-68,-136,-109,-4,315,308,-42,-145,68,169,273,-61,228,12,265,179,35,384,287,-70,332,179,10,-45,126,-92,6,101,335,77,-14,23,70,-112,64,-67,118,44,-127,238,344,-90,104,77,163,216,-121,18,113,248,68,93,-64,-44,-36,89,233,170,393,-96,368,4
83,244,74,187,297,28,-45,141,311,-51,-106,129,272,178,356,9,-23,144,255,114,308,394,94,136,205,-115,-38,363,-85,211,314,374,-128,-115,294,268,-42,-108,349,320,81,300,-12,-110,195,54,185,350,236,359,-66,296,-17,312,-31,72,-74,208,-122,391,71,239,28,-139,189,377,-3,77,-47,-37,213,185,343,80,64,-32,108,356,195,2,362,-46,357,344,173,167,-101,50,213,298,319,100,-19,-54,227,204,279,135,-143,339,45,52,279,-55,364,73,-1,-140,190,291,-6,120,381,-33,45,160,184,87,173,94,372,354,384,330,143,320,-12,-99,11,119,130,-24,164,384,-35,190,-63,360,10,17,-142,-66,-123,207,295,67,63,307,-101,-43,185,252,-146,-105,-46,75,-90,213,86,-103,144,104,-74,-130,145,264,257,-147,102,160,-143,-95,134,-12,308,281,271,76,2
199,89,218,290,290,173,347,282,134,83,49,-110,78,30,122,141,304,332,356,-17,111,-83,-100,308,-133,-45,-73,-105,227,-2,-141,161,264,351,25,57,239,-119,128,289,267,303,-108,250,67,353,235,254,142,178,315,0,49,-39,173,-100,219,383,-103,384,367,-19,77,378,242,-1,167,211,82,212,-118,264,126,276,219,352,170,-61,165,-40,274,338,133,-15,208,337,51,219,342,60,283,371,-99,-111,179,-90,24,133,215,63,219,-46,254,17,152,-88,84,248,251,349,350,-89,-96,267,277,269,364,215,121,-96,266,314,341,-96,255,368,37,380,293,-93,194,-50,-32,-27,26,26,167,92,267,102,280,379,380,368,-84,-148,343,390,330,-110,292,222,105,312,231,159,-138,271,96,260,141,-123,140,50,-34,-39,69,270,78,304,269,240,268,110,37,192,29,177,3
-58,268,-63,-56,-3,-55,53,235,224,214,12,77,-30,203,348,35,-96,288,239,191,207,13,339,-20,363,216,389,345,297,64,-42,43,299,-113,304,-110,54,184,-81,-105,-130,162,332,216,163,5,56,311,313,149,164,-145,-103,31,342,264,-53,355,38,57,21,319,289,-107,232,135,318,215,108,5,-146,-104,53,-149,317,161,66,355,30,220,-110,112,212,292,351,283,194,-34,265,-73,108,62,-23,392,191,26,134,280,250,265,239,25,149,253,173,188,-111,64,156,161,-110,339,80,-146,193,48,49,384,-144,-62,202,326,191,9,271,58,77,118,143,149,347,64,302,252,-42,186,-69,306,293,-41,62,-9,-13,-6,116,151,288,-36,393,317,362,315,-39,63,52,312,-32,84,186,379,172,176,-133,67,222,33,148,-102,217,321,93,123,253,-46,-144,-8,163,251,1
211,363,-35,69,37,-43,267,82,388,-50,308,380,142,71,-125,90,188,18,65,-81,125,-39,330,346,-59,151,80,253,354,-57,262,-48,190,64,-97,-65,347,240,375,59,369,-17,82,-82,238,-71,229,-85,123,364,202,19,210,318,-50,133,-107,-8,-82,293,-64,-32,338,138,151,202,304,157,255,-136,283,28,305,390,253,-86,102,240,309,125,-108,214,290,188,-106,240,331,362,165,315,225,32,108,205,148,150,113,69,87,221,359,208,10,47,279,-143,22,96,120,-87,38,161,-1,21,87,-25,160,-130,-142,370,-29,93,312,-129,68,21,32,140,57,74,-72,27,238,-20,389,-120,306,4,240,343,121,120,274,309,265,22,-91,-19,374,264,328,176,193,281,88,86,177,101,362,295,180,104,257,272,292,202,297,216,278,-149,284,356,71,359,181,16,372,106,1
40,191,-140,-46,-45,-23,324,389,-102,351,193,-55,301,16,222,-3,274,289,-141,309,5,178,240,-3,-86,186,357,-1,38,390,68,96,340,88,-143,95,144,141,-127,-126,172,343,51,-34,-89,-121,195,255,207,308,25,-34,59,375,307,299,354,120,-122,-98,240,245,36,-65,353,0,45,145,-15,92,312,47,121,277,129,367,-41,-37,97,79,368,276,-95,70,31,-109,124,22,125,263,-57,368,332,376,105,51,129,300,-29,377,5,67,305,195,34,285,-120,342,384,228,-7,-130,118,195,-78,175,37,383,381,321,60,-139,133,328,249,78,-29,34,-126,161,97,38,-109,14,-125,107,-83,81,-45,272,145,80,269,129,-6,361,-120,317,-70,319,11,46,217,398,129,-28,119,225,330,-42,152,165,157,344,316,338,-63,381,9,94,-6,201,-59,315,67,-62,202,348,5
270,381,395,-86,245,96,56,272,94,-115,197,14,5,394,-60,277,-128,285,231,330,217,-60,1,169,11,256,83,296,74,-5,34,181,109,367,363,243,147,-98,284,170,195,68,284,265,-116,321,13,273,22,137,17,196,300,31,73,129,201,197,-33,178,141,108,-110,365,258,31,194,324,299,260,336,183,341,-53,127,-52,119,224,3,-130,381,-89,295,302,394,258,396,279,397,-37,-64,146,39,263,3,-146,-11,320,-104,4,-136,26,-70,205,181,-105,217,282,394,346,-110,-41,363,-53,323,-17,18,212,93,98,326,289,-95,-26,48,-58,369,-79,377,179,257,171,-142,10,6,284,-55,252,318,-24,0,81,296,136,373,-23,-108,102,275,346,195,-97,-142,-117,2,-39,229,187,133,31,-139,63,233,386,70,41,-27,28,-123,46,-103,-67,126,-21,246,-59,-25,171,5
96,225,303,73,-102,381,254,393,-40,-34,312,-38,-35,-95,-37,271,269,-34,173,354,202,65,375,-63,-135,-109,327,64,229,14,187,-67,139,45,-147,28,73,16,-99,83,163,169,209,247,16,122,-103,274,-91,178,160,-148,24,335,-74,192,59,115,387,128,81,-18,208,207,133,53,-62,137,326,100,-78,163,-44,45,258,-19,-87,-27,-54,174,-58,124,226,145,266,-68,83,379,-72,160,369,52,36,-33,7,141,-2,320,248,49,-129,304,-129,387,57,330,268,1,110,-93,209,-42,-97,57,91,32,-97,62,257,343,303,-72,315,134,-93,57,46,215,164,-96,261,372,49,126,83,-9,242,380,1,18,-68,62,-46,-49,26,363,291,-83,202,97,-99,136,70,237,-148,213,47,201,131,289,253,85,213,-7,-44,5,323,353,328,329,-113,78,386,397,280,310,-114,-106,5
362,214,246,145,220,-22,-130,309,370,29,24,397,87,242,233,275,201,165,-13,351,-28,212,-19,334,338,255,26,264,147,267,-6,334,-3,-87,204,118,258,313,-77,74,339,144,-8,-142,90,151,82,-49,210,-23,-63,-11,214,173,202,-22,-50,92,32,282,317,361,-102,39,61,173,216,212,49,314,361,-49,112,109,129,271,-122,288,271,24,245,250,259,150,62,259,-130,275,222,-66,-73,140,246,217,-43,361,25,31,-86,-79,-116,79,-118,255,-144,39,20,72,99,-54,287,-72,340,-35,-76,128,274,176,104,-104,-94,325,43,294,257,152,292,396,-27,-86,0,-71,265,12,357,274,113,-11,205,232,-57,77,141,281,348,239,224,279,-75,-96,136,70,3,172,228,213,216,370,-16,-136,-24,241,328,-112,244,-30,53,65,177,233,357,292,52,316,5,64,147,24,3
-58,115,392,92,61,110,367,40,-90,120,12,-104,-136,-35,-148,363,306,222,276,278,213,-134,167,115,-127,37,252,312,213,343,-46,300,-134,395,313,62,279,-36,-63,200,33,19,259,-129,257,-89,298,263,285,117,204,91,338,-150,-54,-91,347,-29,-10,233,250,302,169,-61,74,214,116,-47,372,-101,-78,-82,-41,323,-31,96,332,223,91,376,70,223,-48,132,310,-14,29,10,378,390,-125,53,227,-35,323,377,305,185,-121,100,84,-7,320,363,-73,120,-127,-115,-85,-104,89,206,15,153,284,379,191,206,242,163,-23,260,-139,188,-9,313,336,8,-19,75,-103,-123,44,187,381,62,-54,136,372,57,-103,-126,150,-148,86,-147,51,-20,105,-87,-110,-18,-40,108,213,374,154,269,332,-87,384,112,44,36,21,307,-5,82,75,161,371,157,-73,-32,365,-107,-86,359,3
260,278,317,-116,-146,314,155,-68,316,279,53,226,225,44,60,-76,241,126,92,72,-89,83,-124,202,-40,-84,300,-88,118,352,181,90,320,295,358,-133,70,193,-60,378,345,43,145,286,85,8,-112,279,-116,-88,30,205,-85,33,219,185,336,-91,249,374,-95,85,-16,132,295,348,146,99,-64,303,241,132,-109,357,14,292,173,-12,136,170,309,-118,368,354,27,95,22,-38,319,362,37,-98,71,-11,274,324,-53,383,-18,-60,144,84,-47,387,69,-128,12,290,194,332,40,-117,-74,59,-24,297,330,296,190,-20,272,227,242,3,249,201,390,-44,8,363,-139,-74,-20,137,375,312,-27,-36,261,-11,-94,214,23,39,118,117,333,-98,-120,300,-35,-29,313,171,-149,-29,-104,331,196,98,276,383,300,213,266,170,202,232,56,371,-121,79,36,-126,330,211,-136,285,5
-89,30,95,250,-57,53,77,198,341,192,335,257,-6,128,283,63,-51,343,144,-105,-112,92,239,104,-8,351,327,378,-75,274,51,-71,-145,190,-106,212,174,109,44,385,319,-78,-56,248,19,304,313,-7,394,-19,-136,117,-115,-21,177,301,321,45,89,350,245,89,-67,242,-121,-114,-69,-23,165,214,311,63,-88,359,346,105,231,325,16,-13,98,308,-69,167,70,-141,-81,309,-131,179,-105,279,249,398,-70,183,273,100,154,153,345,396,389,226,123,-113,29,294,172,141,9,-141,6,352,114,174,-20,-39,333,196,180,177,158,-138,-143,45,139,387,-55,267,133,192,-51,-41,-130,232,133,-130,143,257,-87,399,331,-31,-30,89,-147,176,-82,-73,33,216,0,-33,236,227,360,187,193,310,-104,165,149,83,124,-79,316,152,255,275,-10,-87,157,292,266,385,-96,-78,1
130,58,91,5,-28,318,41,145,231,72,170,104,-69,66,195,-17,169,325,324,63,85,219,-131,-42,-6,17,-127,237,-46,258,-108,145,340,379,-10,-108,368,-117,212,-146,280,-131,125,-94,-92,-49,-27,190,390,28,-57,11,266,316,-17,328,355,-111,233,112,366,346,49,47,290,223,38,106,245,329,5,374,196,250,-59,389,-140,-109,40,171,-41,-71,294,157,190,229,240,369,27,58,-27,272,-120,109,-126,13,265,81,373,217,354,195,1,173,96,10,219,273,291,-15,244,126,103,250,171,213,182,320,-138,65,307,-122,269,249,106,305,345,107,21,51,142,4,24,269,-66,49,388,25,-13,230,301,295,122,159,163,119,390,308,201,-73,32,-90,322,-26,-47,181,26,131,93,49,289,186,242,205,-97,326,92,362,-96,203,-107,204,245,219,119,275,81,72,5
-36,-149,-111,253,-51,341,166,215,132,-128,-99,-146,148,212,361,248,121,145,280,92,-86,186,197,150,-142,259,-150,367,364,4,208,47,324,123,179,317,25,26,26,318,4,121,398,123,30,-145,-38,-5,10,244,349,-148,59,389,-48,-115,173,249,228,388,-136,29,109,37,-38,-50,-27,104,173,300,134,67,-88,366,237,276,328,32,165,355,295,96,170,173,-111,98,167,-13,362,167,218,4,-107,268,326,212,-104,42,340,-17,283,225,161,63,42,278,72,340,237,243,-73,224,197,148,30,219,114,201,-47,-22,86,189,-5,140,309,139,138,302,259,283,-34,361,-41,375,134,355,244,-88,-63,-114,-50,281,150,43,149,47,168,386,-14,22,-2,245,273,248,387,211,146,237,228,110,72,261,278,380,337,-126,-42,-147,394,11,194,160,-44,320,-12,-20,-148,-54,5
-146,334,172,334,374,137,-82,399,-103,73,40,384,373,-27,-130,-115,132,153,-24,257,61,-31,-46,-36,-34,33,26,54,120,288,-13,376,332,380,181,286,-63,39,43,112,90,106,244,-141,143,202,330,-20,118,367,397,46,120,136,13,74,-96,351,-53,162,217,350,268,142,-115,-146,195,254,158,90,343,-144,369,-46,57,257,-70,-31,-51,181,271,-130,-27,330,-38,300,-104,105,39,-138,-9,56,-41,97,121,229,316,-132,-13,118,-22,161,352,155,146,378,-74,112,25,59,23,-70,356,276,297,237,-88,285,85,274,-34,41,-88,-121,325,70,88,-123,107,264,-100,12,57,-59,-42,343,51,-27,110,77,298,129,-135,137,22,112,86,-130,55,370,298,8,-52,-30,-109,-109,84,214,383,384,47,305,34,-19,162,107,77,-119,-106,366,180,306,208,-85,-65,366,175,233,3
349,231,-43,106,299,335,147,126,50,158,373,149,-8,249,328,289,127,120,-72,-93,-42,-52,-6,-95,7,-30,100,-119,-27,218,-31,361,208,273,112,161,42,301,226,-28,-78,305,258,301,-138,332,-106,40,161,91,66,183,136,246,-5,92,-43,-40,268,-137,-45,289,47,-132,-127,-76,-50,177,-28,355,-71,119,377,331,76,-1,157,115,-41,283,120,-41,328,232,269,-58,297,0,309,149,275,358,315,121,127,55,264,323,262,262,-99,203,-130,47,-135,284,355,133,114,293,94,50,265,2,261,249,223,-138,244,-41,255,-76,64,282,-24,386,-136,78,149,71,105,166,-132,316,273,-141,324,163,85,158,94,75,81,132,-96,-109,280,107,188,352,216,33,4,101,212,-109,348,65,248,389,-55,158,-128,-46,76,35,41,180,183,22,-103,-90,118,91,331,265,221,216,1
-130,-136,-123,240,322,63,-97,184,-59,154,225,-14,27,265,184,-45,52,394,47,132,-67,-36,114,168,176,260,9,252,6,142,314,227,346,-35,-141,-16,130,-6,-3,264,380,307,-72,262,335,-44,69,14,-136,-55,105,350,65,162,-15,-35,-136,367,-135,-76,-150,-132,26,55,179,315,-76,195,119,-59,310,106,-35,41,-105,228,-84,123,125,385,68,304,233,-62,235,-32,159,-28,87,-85,321,54,110,-18,-148,268,352,11,235,-101,22,341,-110,-9,314,0,-138,343,322,300,51,-87,-127,77,-138,369,332,-117,129,29,-50,210,-12,269,225,68,46,160,75,30,-24,219,183,391,224,338,183,56,34,-86,-100,369,399,138,-59,-32,335,112,-102,16,-20,113,53,116,198,11,197,35,357,309,90,-2,115,-126,274,386,193,64,301,12,300,-131,279,55,168,231,96,-5,3
394,-89,133,-51,20,211,254,95,146,139,173,-143,337,324,195,217,289,-109,-48,396,121,-70,304,172,397,89,-114,153,-113,112,-41,-28,371,123,39,288,5,13,-138,-17,354,-98,-122,327,206,249,32,320,-16,67,215,139,3,201,-111,-138,172,375,368,169,-97,-29,116,82,-50,356,296,227,149,356,240,14,80,178,323,169,-42,83,84,325,193,288,269,341,336,143,78,336,207,244,243,297,-38,198,272,313,244,212,-107,59,300,216,201,145,137,-47,-22,15,-46,240,343,234,348,-59,100,-94,388,310,22,-101,80,65,-74,173,-72,156,66,42,46,398,-8,-80,181,-84,156,151,-67,-32,283,33,147,87,-112,264,48,130,373,295,265,322,-65,-10,223,53,331,31,320,300,151,90,300,-133,-123,210,209,23,269,379,261,-148,102,204,-8,391,395,45,-94,-84,3
-122,296,396,160,350,-94,323,-103,-93,398,-21,186,165,116,110,-35,-30,11,-70,96,227,380,272,155,81,-49,348,330,119,173,357,58,-102,310,367,94,75,-7,145,18,-52,38,126,68,178,174,9,198,89,282,161,193,32,135,-58,140,234,275,262,97,354,165,141,-31,-55,393,15,180,360,153,196,-127,104,207,42,-73,106,-79,128,-129,-30,30,-109,125,377,-102,42,16,255,53,-3,-2,361,314,358,209,64,239,-134,132,378,265,90,-51,372,159,67,-30,84,-55,-131,287,327,-32,105,-16,1,283,291,49,141,106,283,-58,397,21,137,-136,375,-148,330,189,100,138,344,-74,160,110,307,69,294,337,-59,188,282,-35,-51,176,117,280,-144,383,351,-132,273,256,291,370,-44,146,178,329,221,-10,-55,128,-145,373,151,327,93,-53,398,-149,132,7,2,-16,2
-98,-110,19,350,41,55,-52,-75,324,80,189,-86,-107,52,156,-141,-84,6,168,37,201,365,175,392,309,309,-84,304,-107,212,173,388,167,316,208,385,-33,384,222,275,-29,252,186,258,149,46,246,40,-77,217,152,54,-70,210,-93,-34,230,-77,257,291,-149,175,-50,-88,285,238,20,382,-139,353,-54,332,-69,296,-39,188,27,296,171,272,307,291,250,145,182,86,195,72,135,81,120,-116,-121,312,368,-8,395,-33,316,-19,372,29,34,-62,76,173,86,226,15,-89,270,166,188,225,306,384,-61,-64,-7,197,330,-52,22,-130,2,-32,343,85,-97,-91,259,-91,126,315,91,265,297,30,281,151,383,212,6,223,164,238,-146,54,-58,246,171,-16,138,125,-3,235,111,399,320,338,17,105,305,58,-33,352,22,102,-41,-71,62,-35,327,-136,-122,-68,175,-77,5
67,-126,297,132,26,-65,36,293,232,308,-52,3,-139,-40,88,39,272,243,335,-124,54,295,276,307,283,59,-109,156,395,203,266,-30,15,160,50,-140,5,-47,-94,337,360,-137,394,-105,377,88,81,307,398,73,263,219,79,-121,85,90,224,119,-33,-121,285,35,389,116,55,200,376,38,-20,-18,349,187,363,60,-134,290,-37,150,124,-84,280,-2,204,364,121,150,-50,263,166,349,179,296,198,293,399,-52,277,105,-45,-104,114,3,314,19,103,119,294,-77,207,32,329,341,70,-36,14,285,105,85,208,336,18,299,340,-103,-29,127,247,48,170,134,172,-51,386,-71,-12,-60,146,-47,356,-54,-94,63,20,392,258,-61,40,-62,266,-3,-13,-123,-42,123,129,357,-75,-82,120,-78,-96,207,134,143,-107,383,28,188,186,-129,363,-8,200,-83,91,-42,-43,177,3
-55,363,-141,130,322,-132,-4,383,291,-67,362,98,-38,358,248,-76,165,223,-94,384,295,396,-86,-96,326,11,142,115,149,319,297,309,86,41,-117,-115,216,396,46,360,175,123,12,331,188,-38,39,289,277,399,304,224,287,92,-102,241,3,-119,255,-21,395,77,63,285,328,118,344,84,387,-15,236,208,381,212,122,-134,304,357,249,76,249,57,138,239,310,133,315,121,-70,77,324,-116,261,-84,21,304,240,102,155,282,-146,-27,122,-8,374,65,-136,354,123,-6,39,-37,-114,164,397,341,369,-59,142,164,325,190,-39,196,394,118,287,257,343,284,268,-52,299,-37,193,172,-58,-95,289,-103,-123,388,353,354,-147,-18,341,53,-8,218,-95,-99,116,207,-101,-74,165,116,34,67,90,-43,140,78,-8,83,23,329,19,379,239,130,47,283,395,161,-18,171,2
6,-93,289,-114,328,-67,-69,330,208,-105,-24,133,-12,317,-39,359,138,128,217,283,19,47,-5,-49,139,216,-45,25,88,88,183,236,351,-128,-73,-98,204,-136,-4,326,-52,261,309,156,292,5,59,40,-27,44,376,298,16,154,134,3,-128,18,160,256,190,114,-24,89,239,255,9,-5,-129,270,351,394,230,192,114,191,230,362,-98,51,201,-77,-107,88,57,334,380,-86,-132,233,196,352,-123,287,158,280,178,273,91,27,-134,313,196,287,48,386,330,-123,16,256,198,264,78,-92,305,87,43,193,107,-123,259,-142,350,180,96,30,78,-30,222,24,-104,201,-97,268,-95,152,311,21,266,255,267,-59,-106,-3,-16,97,122,68,184,-32,213,-137,-135,-74,396,376,290,175,-131,33,65,138,389,-139,156,236,48,356,-74,159,-24,68,330,-53,-134,376,-37,-67,2
83,-115,34,-129,-111,-84,175,299,-47,310,339,136,324,63,304,119,-52,-143,-119,223,305,142,-141,-45,-65,-7,315,243,377,-52,332,369,149,32,315,-16,118,-142,312,50,209,32,-131,358,41,-5,31,194,-37,148,94,157,149,70,-145,59,140,281,296,72,324,296,371,15,378,208,263,-87,126,66,323,245,171,161,294,171,200,125,-149,335,-50,84,145,-11,98,-81,-55,102,150,330,246,-74,-134,96,-124,-133,126,-15,232,169,90,226,77,144,105,91,117,313,130,268,233,36,-48,364,302,126,399,-108,168,360,-96,164,-39,25,328,163,56,214,132,132,286,197,314,262,144,71,356,311,244,104,374,-34,216,27,362,298,-108,241,-4,200,-129,369,173,78,185,166,350,-9,308,232,217,77,283,106,147,23,-86,99,-124,360,-92,380,-12,-34,9,27,6,348,4
392,385,372,76,175,-29,287,374,259,135,293,-3,205,-9,320,38,-126,349,182,232,278,-107,252,-79,-141,77,395,175,6,324,100,77,175,186,328,183,129,231,187,253,180,225,-119,259,276,364,-57,-123,240,145,45,261,398,180,230,231,72,54,153,274,148,14,-44,150,268,125,136,-150,48,184,221,-14,160,304,-82,388,-149,248,36,190,103,216,380,392,159,373,216,-97,183,70,297,-135,-90,341,137,223,77,114,90,354,339,-100,353,-120,112,-74,-149,160,373,-28,-76,249,340,-80,204,165,367,-116,269,-105,184,380,248,-85,348,-11,-109,374,276,93,269,72,307,111,228,-104,175,147,89,326,-97,47,43,317,16,244,-65,164,395,-47,-131,159,-148,-140,192,284,266,187,70,377,277,256,98,382,376,99,-61,29,179,243,66,55,306,278,396,-148,-93,-109,5
309,274,288,261,334,326,-34,56,-106,218,-33,88,388,-148,299,278,182,11,-2,80,208,103,164,-79,43,-93,347,281,262,354,-67,180,205,313,156,329,-134,329,309,91,186,254,65,342,55,-95,250,209,112,332,302,-135,-92,114,106,162,329,-129,8,315,-42,-103,-50,41,95,-37,365,-54,5,-15,216,-17,-104,-51,49,65,250,-72,99,-58,115,394,367,386,307,62,-71,144,-94,-42,339,132,-90,151,-18,308,397,-82,76,-51,-46,-80,15,-60,260,310,-132,-116,76,361,46,30,-95,335,384,-26,39,357,42,192,326,-145,384,-60,392,-93,145,112,-122,-81,-85,86,246,174,-115,-70,69,82,-132,244,-36,373,-115,235,109,46,-89,299,261,324,-68,239,329,-134,394,329,56,112,-78,-51,-101,369,-75,207,365,-132,245,351,391,247,69,242,-55,247,-33,-19,11,298,2
-134,156,109,96,40,-34,91,380,170,138,216,292,355,252,-6,355,224,118,27,-50,-13,-28,-13,-20,175,-24,4,185,162,138,217,149,205,2,-11,-47,359,31,185,-134,139,299,175,-116,359,-113,209,389,30,-80,116,282,-84,122,233,366,20,298,367,-138,-128,331,261,119,109,302,109,335,-125,396,232,-47,270,134,-1,231,-38,102,87,182,256,-147,394,184,17,100,167,143,67,272,215,4,188,111,74,294,-65,50,9,190,-136,192,139,324,-143,260,-19,96,-108,246,-48,45,207,74,69,-134,-59,128,209,314,164,-143,-104,83,137,394,1,-25,247,-136,-48,-27,395,248,251,-3,5,241,-69,152,366,-42,274,383,385,-87,-50,339,-45,266,384,369,88,149,-42,171,279,336,93,-100,120,365,-56,287,-29,288,377,-142,193,146,95,233,153,142,119,394,-59,-82,1
22,368,180,173,309,-73,265,39,18,305,150,198,-76,60,282,81,62,244,19,-109,-14,13,332,275,258,63,281,350,100,215,15,183,225,148,372,81,109,328,102,226,344,-19,345,262,40,27,246,377,-106,319,374,31,-97,-130,20,-70,-107,-50,-40,-33,34,-143,326,-135,78,51,86,129,119,-11,-28,-94,379,177,330,30,-73,378,323,308,117,91,-120,-7,397,9,92,51,352,88,292,335,263,173,105,57,-1,205,-108,329,295,37,369,169,166,139,385,358,96,-140,84,313,176,7,382,263,84,-107,31,-31,363,260,61,300,-131,201,353,246,-51,-110,-47,250,184,-139,241,319,198,-11,370,225,395,335,-61,-57,-99,61,59,-106,59,144,-150,166,49,390,261,275,391,27,34,347,154,190,333,50,240,284,280,140,269,-57,304,-42,296,-114,-77,334,11,-102,1
35,189,187,332,258,338,357,14,21,295,181,369,128,96,274,10,221,-20,-76,-78,114,-138,339,218,19,130,-62,255,-72,219,286,-20,-12,297,350,344,143,137,64,114,-24,138,-118,297,65,333,-88,156,320,278,187,344,138,199,149,392,81,-23,230,-118,342,188,395,262,-121,346,-146,-115,282,300,7,346,178,8,284,104,-16,392,99,-149,299,8,376,-83,128,-127,151,393,-123,227,-98,94,87,220,-9,97,54,351,-109,78,-76,173,153,365,35,118,-12,176,312,272,353,212,252,-10,-147,171,-48,354,24,119,-94,109,285,65,289,-27,67,284,171,187,-127,-53,-26,-141,285,-66,260,-61,73,291,193,387,302,45,390,49,205,233,374,-44,353,-39,99,272,386,316,66,118,389,265,-106,36,23,326,381,-59,100,-49,159,337,33,60,36,-56,179,-128,43,274,1
-29,-24,263,218,139,-97,337,27,380,391,-62,-73,-20,380,-25,258,161,391,302,141,151,180,119,306,-24,-88,178,103,348,153,352,321,-127,240,263,-39,-69,8,271,56,275,-124,33,-41,298,135,-122,373,-11,300,-60,42,82,-94,358,132,18,243,320,-142,-127,291,358,-103,353,71,18,205,-41,266,-147,159,-36,35,1,-94,97,374,109,147,38,-127,201,-118,-73,335,-106,51,242,269,55,334,71,-55,122,110,259,252,149,379,286,206,106,265,56,-117,151,182,85,-129,-53,354,232,-29,66,126,-25,109,203,-104,-18,313,82,-18,-121,35,75,153,179,-145,222,-39,11,98,-70,392,127,178,123,126,-81,-43,353,390,-48,279,237,-23,395,21,215,-93,294,228,243,374,134,28,23,256,384,-43,356,303,60,2,23,303,357,-105,265,382,195,-64,305,173,-135,-67,4
36,-111,-104,-36,136,49,390,-17,372,-87,233,258,18,327,229,-117,348,160,231,-119,-41,220,338,255,75,218,393,292,162,370,-44,367,-63,374,375,307,86,118,353,53,163,70,117,-47,136,86,347,200,218,103,234,-138,396,101,-10,155,-116,-79,244,332,315,-44,-8,297,145,-128,-136,342,200,-65,-139,195,51,181,120,56,254,196,390,37,285,212,-141,81,203,360,256,15,81,374,328,239,158,344,286,-17,265,-74,396,-149,202,377,326,142,21,41,243,271,-94,233,57,-125,354,325,248,149,143,260,129,260,360,86,36,-118,100,264,4,350,92,-76,89,395,66,145,115,119,236,7,201,331,157,96,-69,-1,-136,312,-26,37,-43,392,-73,195,151,380,-136,91,-115,-117,-86,358,-43,232,72,130,250,-90,-81,281,196,310,126,165,21,-105,-119,319,-109,361,2
39,-60,173,-111,75,-41,253,129,150,239,170,330,305,292,370,-134,72,200,239,-127,-36,-15,391,-53,-107,326,-21,-143,-72,363,-128,122,371,83,105,-58,201,-110,-17,178,257,261,342,266,188,-54,99,-116,-52,354,-91,38,-27,125,-40,-100,381,-7,74,323,33,111,384,41,159,-71,286,-146,307,-139,-26,302,-101,243,166,306,-138,166,288,-129,-150,300,-91,38,-54,-128,239,220,278,154,360,142,-133,206,76,78,109,333,137,25,161,318,-105,387,210,69,193,-136,-57,334,54,-120,398,227,96,48,-100,245,-93,45,50,17,28,123,119,-112,264,299,-11,174,149,112,156,120,-87,266,325,5,92,32,95,-144,-97,-63,279,385,33,95,-139,316,329,-35,331,-107,339,62,125,-9,223,-54,-20,25,-53,-51,50,394,210,311,200,-35,117,365,-28,276,80,146,-53,-30,4
255,173,283,209,159,368,293,384,219,43,-51,252,340,-72,82,-45,74,-85,-145,179,-1,212,-132,274,-120,109,39,-9,73,-36,66,143,-29,230,293,238,-142,-19,287,211,290,-143,98,375,-123,314,24,341,192,-98,171,308,291,393,158,361,267,225,-104,-129,54,314,-101,244,197,-132,383,132,-149,-3,-109,8,-88,109,269,323,341,85,33,85,39,-20,285,-127,253,371,-5,37,287,164,303,61,77,13,-135,124,250,315,356,397,-124,-102,96,330,290,337,348,-45,387,197,185,-41,367,-42,284,42,14,201,19,140,330,8,137,354,137,143,188,155,126,13,-131,-108,-129,2,124,101,350,-47,371,357,89,95,112,251,327,218,353,142,100,286,-116,249,26,39,236,264,205,93,-103,-1,215,262,125,293,341,344,325,356,39,-34,255,125,13,-55,133,248,196,343,5
-118,133,128,17,-129,64,-93,61,-22,347,-63,-107,-92,-80,66,93,-107,190,65,-118,86,-61,-10,235,-108,395,291,-131,3,187,17,327,197,251,-122,-31,75,-109,387,-60,328,-138,394,283,171,153,394,176,391,13,-108,356,194,276,294,365,-28,-20,-6,182,203,114,309,288,75,325,164,319,242,34,313,290,-59,181,-139,386,54,145,267,65,397,217,86,-74,13,-42,-52,23,91,223,84,54,153,383,231,244,68,-150,-41,339,-144,381,124,300,351,239,159,214,-102,-15,-50,-72,147,174,181,390,281,142,277,-148,227,260,215,127,252,345,-47,-61,358,82,206,173,153,-5,100,-71,261,330,225,381,350,184,-112,169,139,-59,380,-55,9,283,-122,107,337,15,385,-36,232,72,245,231,52,64,221,-29,367,252,-142,325,168,166,13,11,93,-133,-126,359,-139,21,2
126,86,374,-139,180,-131,95,265,392,-137,393,256,-88,184,-10,113,263,205,60,217,87,133,-98,-43,19,391,300,-130,274,331,-86,233,248,345,284,302,392,294,-18,-56,17,-132,34,-123,117,124,172,-19,-77,204,19,364,391,259,42,-135,252,53,366,321,255,-125,289,254,214,-120,168,386,5,50,136,285,124,167,242,199,316,38,256,1,30,122,-45,31,281,-33,264,219,-2,244,352,-141,232,-31,-35,87,-135,117,283,-135,-53,55,126,362,-87,-56,149,157,208,-115,266,-3,87,111,222,-12,302,333,-4,396,304,382,272,107,-28,-135,292,-150,-97,255,58,-73,-6,227,228,271,189,292,-78,200,176,79,52,218,41,329,369,28,375,52,-116,349,239,-91,320,285,-40,-140,-20,-49,286,238,62,157,-100,119,-105,-5,313,-149,299,0,-46,333,13,26,27,4,5
63,169,-9,272,184,166,220,126,291,52,278,328,152,110,-22,81,31,362,76,332,393,102,116,79,232,8,-5,87,340,279,-127,-48,-105,67,381,57,22,-90,380,393,112,70,55,219,17,333,42,171,-10,82,-126,228,221,-36,-14,-25,-30,218,113,2,121,285,135,-54,192,-16,-109,348,58,263,197,95,-80,-90,255,218,281,-16,354,372,72,-115,-143,262,275,361,89,255,-25,172,19,40,148,-18,8,121,296,169,333,366,-122,236,-61,97,-127,-29,367,27,253,134,294,259,-37,22,335,366,101,47,5,347,-34,-75,207,2,262,77,383,155,358,44,330,-79,169,229,109,201,222,119,176,-92,-4,-45,328,47,-20,364,221,-10,222,203,25,215,93,43,119,208,361,348,-12,159,299,-49,119,-52,151,296,285,-103,139,222,398,397,-116,341,163,160,-103,152,2
288,309,-8,282,184,25,-100,63,188,387,222,-100,31,-66,209,330,126,308,175,179,149,337,-48,-15,227,82,98,-108,101,124,347,190,389,380,-1,-128,394,241,-4,-70,332,343,-133,70,-80,390,39,353,-131,2,54,195,243,123,368,124,319,19,363,183,-135,232,214,169,117,86,223,-33,219,81,290,218,103,11,331,320,395,239,-16,-34,237,142,283,137,192,56,-85,342,245,376,219,-57,94,176,-80,332,319,358,285,102,14,111,-36,53,266,68,168,383,90,395,-78,269,39,133,-14,50,266,288,399,336,174,335,116,-50,305,-122,-76,78,343,246,-41,-102,-80,163,83,54,37,-59,-129,-63,218,340,136,-51,-119,123,-61,385,187,33,272,363,322,228,57,327,128,113,-59,289,24,332,48,-93,-108,94,361,385,-67,-101,-73,294,-134,319,322,218,93,-62,4
-23,142,267,174,253,343,111,390,298,116,102,34,-112,353,-122,-11,210,-92,222,103,116,102,87,-111,316,-50,-96,18,335,80,71,316,188,251,-115,266,79,174,97,214,-17,211,377,41,196,240,288,-131,59,255,232,356,167,235,384,329,356,217,170,63,-49,-145,14,227,177,276,-150,37,218,184,-18,124,297,98,204,-114,-147,-123,219,123,65,118,297,348,45,108,52,-3,-46,-36,-50,370,139,-84,-15,182,-38,12,139,-18,-78,253,6,330,104,22,200,90,183,369,178,42,-88,346,169,189,108,395,-148,381,57,-114,-73,-38,201,169,-146,268,187,190,122,341,243,-20,-98,-83,20,-4,172,392,223,44,113,200,-79,260,126,198,-111,-99,270,290,270,-86,-28,325,78,-96,-74,143,136,230,333,380,279,222,147,348,228,242,264,-134,-45,-131,251,-39,347,242,4
399,39,393,366,369,296,215,133,24,-11,-79,191,-90,116,375,-97,37,-51,63,232,362,338,387,195,98,282,160,59,331,-11,296,356,384,121,252,374,26,-12,364,9,92,225,72,125,125,121,386,398,30,88,139,178,211,-89,125,382,-105,-29,-101,393,3,104,313,-116,-7,286,297,319,51,92,-43,227,232,35,-3,239,33,160,274,-20,-48,333,165,-116,168,267,50,314,-114,345,260,-62,-64,-116,-134,227,-137,-1,-51,95,-53,-46,210,156,182,204,126,281,86,-148,270,-144,168,371,-31,207,105,257,148,175,120,-81,-123,-46,220,-143,40,29,-68,-77,398,9,14,37,372,225,201,-3,-126,-82,222,92,176,64,-129,237,268,380,-135,302,-132,271,267,60,390,334,-45,103,307,-150,89,52,355,-22,329,185,76,82,103,195,-96,-122,218,130,18,-99,112,184,3
229,399,115,227,230,390,-97,85,-141,246,-105,122,204,376,171,176,347,106,260,-38,351,116,380,304,0,-10,-98,3,95,-58,92,54,-80,213,-31,255,167,116,180,222,-133,207,30,323,237,187,40,284,244,-51,243,68,368,137,155,250,264,136,-68,39,-94,-140,-130,-1,389,354,8,291,-95,363,164,172,326,-79,-88,119,-45,-125,-47,62,135,110,295,289,-12,374,-4,-105,164,-38,-49,133,304,363,-24,9,346,103,-64,-9,290,-138,347,340,-136,28,224,-82,-96,212,-143,224,-122,240,8,198,107,189,-125,-101,375,286,-1,211,-37,120,146,195,25,-45,354,356,394,145,71,266,293,-128,254,272,-28,48,381,121,11,189,113,329,163,81,273,67,-19,194,138,387,-100,98,-63,241,373,13,60,85,51,308,281,-118,206,369,-124,391,373,325,-138,-62,386,359,1
-71,-77,239,292,-120,234,-9,-35,183,346,222,346,51,158,25,-9,195,82,28,114,43,-18,299,-21,66,382,292,29,22,263,310,234,197,31,113,325,182,296,233,326,24,-95,360,218,-87,1,-8,194,41,316,-112,161,-149,51,165,375,-87,343,152,-149,332,-102,150,-36,19,104,-107,169,303,54,-23,202,28,161,332,15,-133,307,85,-91,171,258,354,27,-60,75,206,36,-51,222,140,-49,51,121,-67,-94,158,243,306,152,-42,341,279,-50,95,238,235,26,261,-90,237,-94,-61,191,127,-69,371,158,167,-25,370,383,289,216,-137,-28,-111,-145,-149,189,238,90,376,205,114,-16,2,-114,301,143,-59,372,90,371,363,106,45,-95,226,-58,107,108,159,-133,316,115,-64,25,341,222,390,87,93,-23,150,-49,362,-145,66,51,-42,20,-78,224,9,-34,281,306,1
284,356,64,111,318,150,337,16,252,126,182,-35,-82,194,46,-22,-122,-52,396,335,177,-19,282,82,43,311,77,344,10,208,246,209,-26,399,257,334,-86,-82,-16,-89,389,362,246,156,357,27,-1,30,-7,-74,-8,286,93,-3,-39,-56,158,128,318,358,94,34,381,-120,-31,370,208,-32,119,221,115,9,209,175,260,-33,172,330,294,111,34,86,-95,-28,345,-114,-48,-47,295,331,310,-16,221,-70,-19,295,382,187,-126,316,-102,-122,38,115,-110,279,-48,319,-93,365,146,-134,342,-29,152,-31,336,317,17,-93,137,318,244,-39,265,319,3,3,380,-54,-91,-9,396,354,-65,66,203,354,-13,-47,77,32,280,52,326,-99,195,-76,-124,170,335,374,15,-33,-43,355,393,382,336,-146,-71,-11,-116,-84,381,334,306,231,-59,54,-49,248,20,95,127,171,-33,-32,1
-57,23,114,272,355,299,76,-102,275,-9,169,-86,-139,91,194,-80,150,336,112,88,0,357,193,38,32,141,276,-141,374,168,136,276,55,-73,281,204,172,238,389,54,232,-47,368,306,214,190,211,186,220,11,150,342,-107,110,336,386,13,254,310,-68,-130,199,99,181,-113,279,346,15,-5,-96,-63,101,132,238,-142,304,106,-42,4,399,36,382,65,210,267,250,26,322,-127,347,191,289,73,209,262,193,-83,246,55,-65,103,-121,299,275,78,87,3,166,198,62,215,361,391,-20,-77,209,-143,216,398,-4,388,254,358,-31,296,-76,-29,4,55,175,-80,-107,230,-142,341,147,290,178,-57,154,389,-46,162,331,315,119,79,98,-131,-48,269,-120,39,21,198,205,67,139,157,255,304,-93,292,-57,202,86,30,318,-57,221,-149,3,-60,44,-103,361,236,-94,3
123,-50,202,21,153,-134,-47,52,-81,-97,-136,-46,25,267,-48,186,323,-87,255,38,396,81,208,-81,-41,192,338,-58,244,154,224,302,-132,70,135,179,8,124,190,-145,-132,390,189,-103,-109,312,229,-80,228,89,-24,397,243,20,-135,178,-102,53,279,366,288,-15,95,-97,-146,21,111,-95,-4,226,202,185,-100,-144,-135,391,209,122,241,246,172,329,-76,13,70,-146,385,-68,353,194,200,130,129,303,123,50,-91,242,284,-68,-98,174,38,326,146,30,-117,-1,-27,-68,325,-113,236,286,281,259,131,352,253,270,-55,317,37,350,-48,288,330,108,41,102,-125,-134,168,4,-137,-23,381,-102,-63,81,20,-78,-98,67,189,54,233,112,384,294,128,-32,392,159,81,-140,327,-34,-86,-12,-78,-93,375,55,297,370,-22,323,318,-132,346,363,252,313,208,-40,-52,356,5
-32,-38,79,270,55,256,-82,-137,133,55,111,-8,18,-67,219,45,89,142,-94,-78,315,124,5,-12,239,169,120,131,-73,-2,165,76,214,-140,190,-142,4,55,112,-16,153,112,-4,38,-103,335,219,66,-119,-107,333,-117,-104,2,76,173,17,-13,351,239,-38,224,350,64,392,20,130,-84,214,-107,195,-102,263,205,59,101,154,-9,390,153,-58,332,36,-25,342,375,-30,85,77,103,265,-101,-15,109,293,38,83,-125,99,-7,-14,-114,358,-50,384,148,171,-92,315,83,297,-7,-132,271,-149,384,286,-149,199,162,-49,266,-23,-101,-28,9,-105,72,65,-4,-148,329,-133,109,248,92,81,-1,198,294,-76,333,160,217,-103,56,91,365,-93,85,69,-102,-64,-70,359,377,22,-104,167,0,-131,357,86,344,46,265,55,-127,68,102,268,-62,-80,395,-80,189,155,-22,3
71,170,300,7,298,84,180,-6,95,-28,351,197,365,231,52,29,43,79,-30,306,336,-50,-99,245,78,-17,98,-107,150,340,53,-143,-23,286,326,343,-8,96,-139,361,321,313,396,136,176,55,169,101,128,73,140,26,-66,283,87,365,-71,-33,296,-43,66,-30,392,215,176,-128,274,10,16,297,149,33,13,-6,166,224,343,-53,281,-143,101,187,52,194,22,-25,58,136,-20,309,358,328,214,-59,363,143,379,334,185,215,382,357,-117,-95,159,-51,256,173,123,18,200,69,304,-102,234,-87,137,338,383,-146,2,35,365,101,-109,206,-114,-27,185,-81,82,318,-106,64,-35,121,256,-97,-11,236,350,-53,1,-113,116,309,107,27,167,-51,37,120,154,-92,71,-45,-108,23,12,179,259,322,273,12,17,263,369,115,282,362,-30,305,172,24,-67,-71,47,2,2
19,-37,341,203,257,-86,56,162,345,268,273,16,-135,-105,342,372,87,72,259,-117,137,-16,305,219,214,142,57,369,67,-141,-19,68,344,150,139,248,119,-135,376,172,194,276,175,277,131,273,-120,71,268,348,183,-129,13,-56,360,197,139,345,-22,86,-98,-147,-22,297,394,340,303,319,226,113,275,-132,-131,360,353,-40,-91,291,-26,338,387,236,227,148,-81,278,-149,315,107,-94,-94,352,232,244,76,-82,-101,-125,107,87,-20,248,-135,-81,46,-150,74,72,-68,80,235,246,67,177,86,-86,349,-59,-100,-57,10,14,316,-79,252,139,390,292,236,354,163,145,114,148,374,88,348,-54,354,284,377,153,77,129,-147,115,-109,391,106,14,-1,232,-149,171,144,60,200,379,362,-86,359,-69,379,143,-77,341,378,-144,319,-103,380,261,5,-115,1,213,-76,113,1
-103,251,328,284,291,113,235,-77,299,-123,244,-27,200,-44,177,240,2,61,280,253,171,261,55,-32,376,57,-42,-29,-48,-132,102,358,331,152,177,-121,20,325,249,100,382,330,-80,-140,-117,-28,264,304,-61,261,-65,310,-62,-112,-45,194,239,31,76,277,203,267,-71,-147,212,228,31,-112,325,-100,298,370,190,72,360,308,399,-53,341,70,287,200,-121,-116,161,-59,67,303,-43,263,-73,-49,85,-48,121,-71,-14,338,-68,249,91,84,-98,168,197,183,119,198,95,390,201,100,-40,113,223,-29,375,29,100,-42,-29,-51,104,207,373,42,-87,90,398,-125,-83,247,393,216,95,86,236,398,200,-23,1,-6,71,109,368,86,68,261,100,368,36,376,274,43,295,-104,9,55,-27,-67,59,258,290,-81,-7,8,188,275,393,270,23,62,46,83,4,124,66,276,2
300,7,33,48,107,0,330,-50,139,394,58,-28,-36,108,360,-74,302,309,282,316,41,256,351,-90,54,8,302,-102,158,366,-130,-107,65,298,280,6,1,192,-29,106,79,47,54,234,99,183,-114,15,-117,165,222,266,-106,190,-125,239,-58,124,21,332,80,364,353,376,353,318,-142,150,228,331,298,65,250,-150,-53,345,-129,-132,363,166,398,30,138,130,121,387,293,119,-75,-110,161,94,271,-57,-121,69,-15,259,-147,74,295,-65,-63,337,81,71,22,-40,399,290,-85,-48,-134,141,79,187,129,-147,370,-147,243,376,290,203,304,321,268,200,-79,263,-17,85,130,314,214,222,127,230,81,349,282,36,156,388,47,154,-71,24,353,201,67,79,139,378,251,-70,-22,130,214,-104,248,153,22,153,150,-88,140,220,362,250,-149,-96,42,24,193,86,395,277,5
216,-80,0,-5,363,-39,235,311,-71,178,-72,202,330,19,-12,-40,-133,-133,5,114,264,91,155,-70,43,-140,-128,217,60,365,-29,-7,-26,117,-52,277,279,-53,233,27,112,97,-108,299,-133,109,379,395,184,212,196,326,131,43,108,190,-114,141,283,214,298,-20,28,249,78,69,-107,322,166,-95,-55,84,43,142,247,242,252,-112,-97,279,326,151,-24,399,85,393,116,138,27,-135,172,324,230,-141,112,291,24,381,-146,189,295,-113,-95,-6,-109,-58,37,186,105,87,-146,306,249,295,-129,295,374,-102,-112,-65,352,108,379,398,336,141,25,-120,-71,307,353,234,34,-78,-114,375,363,108,27,132,111,398,-42,-138,121,104,217,-22,321,0,199,384,159,250,163,343,208,296,-136,41,-128,21,293,4,360,62,295,151,-130,89,277,351,-20,-17,365,305,377,180,3
188,153,118,274,240,366,240,184,124,231,333,54,-40,335,-66,104,115,209,191,270,369,89,228,213,-59,-96,195,381,292,-114,-75,-103,185,244,-79,159,-88,392,96,74,-94,-108,-100,-67,393,98,382,329,-125,129,21,231,161,227,59,361,258,-4,132,-90,-25,374,190,66,-64,319,255,214,353,-136,-66,-56,396,-60,-107,197,-88,157,338,398,7,30,147,-121,75,-142,-149,59,-87,61,-23,-15,340,272,288,205,-101,-58,-23,-11,272,-4,315,36,39,-52,36,280,183,280,353,23,-36,16,-68,166,242,24,195,259,216,-113,-21,339,39,31,111,383,256,-144,378,-93,-119,272,35,-59,302,394,268,-4,37,344,257,-56,-4,330,66,-149,-119,85,-113,233,178,204,358,-100,-106,24,-111,148,353,118,80,319,-26,-100,245,-4,375,271,395,148,180,-11,319,207,168,102,1
141,333,-113,202,294,2,226,376,230,217,371,324,201,-106,-147,206,-132,392,67,208,351,105,205,373,72,382,80,-102,208,86,181,297,226,384,-71,263,317,-86,-9,375,-113,-60,168,216,107,-83,209,287,47,-79,115,313,-89,113,206,187,39,-83,-128,160,218,117,-22,358,-127,294,312,342,245,325,15,-76,77,361,133,53,206,-94,185,215,274,396,208,358,41,151,327,-86,98,307,360,-90,-26,301,109,-78,-54,374,308,398,204,273,155,154,-32,263,-81,-39,-20,326,34,-79,133,294,53,-39,399,41,105,-105,-37,-95,147,180,-132,376,266,294,190,353,106,226,345,240,-25,377,219,98,18,-28,142,-88,115,352,-124,384,-21,242,270,223,218,173,329,318,59,3,154,-43,348,190,-37,328,-148,-129,296,-134,113,11,170,-9,364,-110,22,307,-125,145,179,384,2
-130,149,-54,-58,-96,-88,57,243,278,194,-147,-18,-32,297,367,-12,30,171,370,-142,306,-110,342,178,387,22,42,278,2,128,-111,187,-1,24,-58,-12,240,352,367,249,-4,175,104,273,98,209,80,30,33,264,269,294,46,-11,-44,-80,318,105,-29,194,288,228,138,343,211,359,-6,280,46,226,355,-51,19,159,139,171,384,-95,392,-139,118,84,201,355,74,-109,186,259,-60,290,261,66,97,28,215,-72,269,48,294,327,371,22,124,234,9,346,225,233,-43,154,81,84,-139,350,-16,352,-89,267,-40,370,56,-53,37,146,178,-130,-51,-86,61,-132,-70,110,99,29,313,389,255,-68,366,303,-80,-71,346,19,216,85,-134,38,295,316,195,-19,53,394,337,69,31,-93,336,236,299,-50,-33,284,-27,158,180,61,207,26,117,-92,263,-18,-1,356,158,-84,5
298,43,376,249,22,266,-107,189,51,343,106,361,307,397,394,-2,-90,33,-49,12,161,96,-30,-107,-136,397,373,30,91,22,-41,372,-8,326,-124,-86,-102,103,249,-86,315,318,259,125,164,31,181,109,66,110,-122,297,381,-133,309,249,168,76,248,246,362,-63,-142,-71,269,42,140,142,376,173,-141,-136,396,-13,77,-23,325,353,-73,-115,122,-1,-69,242,349,27,211,-96,243,-134,44,131,375,310,330,379,-12,150,-149,130,-144,247,351,265,305,205,246,360,359,-49,172,58,338,60,133,221,314,347,-69,-76,291,282,317,392,16,-14,134,92,253,41,203,-86,9,158,42,203,263,-28,225,117,-124,115,242,34,-74,185,65,239,-121,376,242,251,-51,-98,-49,155,-79,311,183,262,86,384,171,54,320,292,169,25,37,253,-43,363,141,186,153,162,178,-45,3
271,30,-18,381,-115,182,-38,62,58,166,-133,289,320,-118,301,347,-105,-36,-28,200,288,-49,360,-76,-70,181,107,238,-12,-117,175,384,337,-90,196,-134,175,-52,-115,399,347,62,-120,127,-111,-24,179,197,260,101,-74,170,29,340,320,158,11,-76,127,26,290,105,179,-96,-2,152,-78,118,-105,86,-111,63,51,290,-43,-36,-99,246,87,63,275,245,-66,327,301,300,-143,179,5,93,281,297,142,374,70,-87,152,201,-96,-134,319,-33,291,357,-108,84,279,83,294,145,138,132,107,381,99,248,392,224,325,210,240,214,215,-22,-16,242,36,227,-76,85,285,227,-38,121,366,-105,66,221,-82,219,322,48,175,250,43,224,-30,180,-39,202,-91,57,145,273,214,50,110,-108,106,249,130,194,215,187,68,353,79,-66,302,-121,113,389,382,251,103,187,214,35,1
-9,78,-94,191,-116,308,42,329,387,329,118,56,-113,44,313,171,-108,301,-10,249,218,76,95,208,-77,-2,97,322,100,-10,83,32,141,16,202,111,357,110,275,-58,-69,87,-9,179,20,-79,369,89,336,399,320,83,372,303,218,11,71,148,365,187,-49,273,-42,15,134,-113,-28,284,-95,122,-12,-37,53,108,149,308,259,282,112,-125,147,99,-8,201,321,105,-117,-150,-62,57,296,-6,-60,142,-76,364,223,301,362,67,214,272,305,215,-130,73,-80,249,265,27,96,12,222,307,201,0,-67,234,224,153,325,-35,-129,0,-43,291,-41,231,223,115,256,288,35,183,374,67,374,235,76,209,285,197,-14,261,297,13,108,141,-82,-125,-38,-23,87,-67,180,216,341,50,151,95,359,326,-141,-86,393,247,365,173,-95,96,106,56,-52,-19,-136,320,160,-111,2
34,337,368,301,105,-82,360,156,202,139,331,-95,-33,32,386,-4,137,265,209,127,184,189,35,92,-33,229,152,-51,198,378,-109,71,327,19,339,260,361,-149,32,365,19,329,271,43,183,-42,-113,20,-137,106,-128,143,-137,-41,127,19,118,-52,28,314,-133,-59,-70,-102,319,346,133,310,346,45,-84,32,167,72,-104,357,383,129,228,-142,181,-9,-110,77,193,377,-57,32,127,282,97,-74,210,259,-40,11,-104,89,-58,-118,-69,124,381,359,22,-87,-39,257,351,268,330,-49,197,272,279,-15,207,104,-142,90,-52,-87,-12,-16,125,188,-40,318,-102,-115,-73,-26,254,287,279,99,315,-49,119,-39,291,366,104,-144,76,275,133,118,350,394,-31,-50,236,324,367,309,-32,58,221,159,41,351,-19,-16,129,397,287,316,-115,380,184,-2,-25,187,-76,341,-98,325,1
107,-82,163,-133,280,-58,265,204,306,-140,358,13,-150,199,177,323,-7,-149,137,232,280,198,-86,-83,70,-29,283,-82,19,281,36,37,-98,62,-3,60,199,116,255,-68,70,34,306,140,362,4,280,-134,287,152,118,82,221,17,260,9,371,142,112,116,210,-39,171,349,-47,229,295,-88,293,46,90,-29,391,-48,356,102,372,-44,332,309,367,18,26,127,235,382,-116,37,317,-127,-77,392,151,92,338,384,130,-122,24,-62,375,-31,275,366,183,132,260,16,37,147,42,14,399,132,173,171,347,150,201,394,-2,-99,-41,-66,375,38,-148,279,43,262,-47,-77,221,30,50,-54,40,251,162,44,375,244,-96,342,253,26,145,393,37,65,-61,203,283,68,213,-86,362,109,-19,131,24,-102,109,348,100,341,-41,67,4,-113,369,256,-11,380,-3,308,381,126,1
155,-117,389,133,-120,220,323,388,227,-127,319,-22,226,-43,-64,349,273,180,257,102,313,305,-87,32,229,355,95,-5,-28,-103,83,78,-15,-15,391,329,4,385,264,179,-92,-80,212,319,-134,306,28,210,269,128,226,339,25,55,281,395,-114,184,192,151,-121,348,368,-2,40,251,333,27,86,-129,117,190,352,360,386,-105,-85,67,205,-116,5,311,-128,280,265,60,332,278,116,215,-56,164,307,93,290,-38,295,383,250,-20,53,202,279,-31,111,-28,307,374,-26,305,-8,-30,3,-85,99,250,298,193,341,236,-47,81,10,104,55,-122,364,257,3,-127,375,-83,336,-150,55,319,238,-116,194,22,398,220,254,126,-93,255,-26,267,340,199,-149,220,92,-121,186,233,-36,-10,98,288,-61,351,-2,103,16,41,272,-73,86,79,-35,55,332,23,-110,-61,200,330,5
39,5,-109,-77,62,118,-47,67,353,332,98,-70,373,83,-133,111,316,21,326,345,368,356,392,-145,227,-40,-109,-66,249,-60,28,12,173,199,261,-95,313,-87,-29,158,292,63,273,173,-131,-43,72,293,-131,120,-100,250,-71,181,62,168,7,129,27,13,74,-28,284,309,353,109,-108,-42,207,-85,238,56,162,217,255,324,181,129,348,190,281,16,125,-47,35,267,265,70,-104,126,0,357,85,242,-69,186,315,393,226,67,392,234,-11,18,-75,87,85,264,-82,188,-82,372,112,5,-9,213,19,-119,378,278,279,198,292,151,351,-1,-120,175,393,57,357,66,76,316,-111,24,266,338,-1,25,-99,376,36,161,245,354,217,216,66,-97,-64,28,142,-45,205,85,361,357,340,14,-51,371,337,-66,318,133,-141,-5,355,101,246,388,0,117,-128,270,329,14,1
105,2,149,394,-140,-114,375,174,129,33,-20,251,251,37,183,-57,239,278,386,63,152,-81,167,-131,123,342,351,298,198,140,97,258,99,192,92,375,39,246,278,368,-44,257,321,331,385,36,-46,3,169,216,21,-118,-21,16,225,329,-101,63,134,-65,-65,376,-120,-111,-115,110,304,14,367,309,335,220,184,143,104,231,94,-66,-57,-17,396,-53,293,134,172,242,13,-136,226,52,-68,259,63,254,37,-31,212,297,251,27,371,377,216,10,289,148,64,195,61,-44,148,94,322,389,-114,-137,221,140,173,310,-73,81,66,265,387,-132,373,397,-65,399,-22,376,364,208,289,355,335,28,-125,-140,75,-110,172,339,231,379,119,281,-98,73,-16,358,274,344,-55,214,-33,93,-109,237,61,-84,381,70,-124,105,280,8,108,78,318,191,18,311,148,72,373,65,5
370,240,-16,-87,334,-150,233,279,-63,247,-102,108,157,204,160,-3,-25,143,50,356,210,114,335,9,-131,254,188,-32,-143,178,14,92,-3,218,29,380,-13,25,386,129,248,349,-56,-97,293,366,109,339,70,372,6,241,-102,162,-61,26,123,214,12,348,202,-69,-122,-37,-134,223,332,300,352,-114,161,190,162,185,314,208,39,138,278,392,292,-38,-11,250,65,-118,248,373,21,285,-18,22,133,126,229,345,383,98,-15,214,269,328,26,-11,-57,69,358,182,-79,312,70,-57,398,299,339,347,-20,263,-102,41,78,281,-134,12,121,174,-59,131,-92,254,116,344,299,-147,132,321,44,222,70,269,-82,310,212,109,-115,-112,390,222,244,89,-77,-12,111,-112,-117,-12,-145,26,-135,-125,154,271,214,374,-86,-91,161,376,371,315,324,297,91,200,74,278,291,-92,1
-115,-33,332,201,80,-127,-61,237,254,65,-2,121,105,366,-132,153,-94,179,346,-98,-107,372,187,-99,147,208,12,-6,203,242,293,221,63,-84,-48,251,49,203,318,-71,56,54,164,16,307,360,-139,66,144,-48,227,112,-60,86,239,368,69,233,-80,275,295,254,254,4,12,-25,92,14,-21,-50,99,-58,170,-5,-71,-41,273,94,178,-28,232,214,-91,130,-6,-128,356,-113,288,171,226,21,325,198,207,299,352,-148,393,-124,-46,35,-125,212,-37,-125,376,170,265,229,124,-9,38,281,245,-8,91,267,-124,196,399,353,285,225,34,-59,114,338,346,359,138,362,-149,29,54,111,282,245,359,-46,54,288,274,-77,234,297,98,235,236,317,95,201,207,350,169,14,-8,-58,48,397,-103,69,194,33,283,284,183,292,42,-132,-118,283,218,-28,292,-149,47,399,4
6,23,368,232,21,170,288,250,273,321,164,-33,241,186,30,143,148,-119,67,28,7,-100,25,126,387,118,300,319,318,-101,-31,207,-3,-74,42,-69,256,130,147,63,-115,270,-135,221,73,59,227,347,103,-31,334,71,62,98,57,12,137,162,1,395,262,71,167,210,264,295,185,199,143,-108,-17,-133,150,368,-72,-122,207,377,293,-88,155,-146,77,-83,109,234,74,-91,-71,0,-86,162,342,85,52,-21,99,201,393,121,-60,142,391,202,92,134,69,23,251,-12,213,396,-51,-93,322,384,183,290,35,265,56,-107,266,-9,358,-149,55,388,347,304,51,197,236,361,267,17,224,164,-115,-43,149,44,-123,393,23,396,-106,395,-123,89,302,-60,-6,130,-138,-17,-127,-61,160,30,278,3,346,148,269,346,-140,-115,171,53,362,-61,-36,255,-51,109,377,183,5
352,253,376,89,-54,139,370,179,-57,149,384,352,-53,184,372,-95,268,-96,-148,32,106,-78,218,260,-144,58,16,340,364,89,198,31,109,-71,68,57,255,335,-62,-143,-71,284,-86,261,-104,-34,127,363,47,263,-33,191,206,318,-25,152,71,395,270,201,269,228,368,186,26,85,100,270,289,207,220,312,158,29,202,88,17,323,153,72,395,-126,-77,-11,8,341,-138,393,-27,307,-104,-128,267,281,261,241,390,251,93,-98,124,286,-102,98,196,-15,270,316,-90,359,-71,395,32,-103,-33,48,42,249,50,4,-109,151,-77,-16,-59,381,-107,-58,-38,159,349,274,363,95,293,-6,179,-119,97,-136,143,35,-91,234,148,-142,86,-15,372,346,131,304,371,-83,-116,105,81,129,37,291,3,36,215,132,-92,263,265,-38,292,-27,348,11,-22,58,329,283,255,92,2
-49,319,176,359,66,154,13,356,319,222,130,-36,136,-18,-123,153,296,-120,169,242,-57,318,331,19,81,179,54,203,-69,178,228,107,307,-82,313,82,-127,155,307,-50,150,398,87,-3,246,319,71,-42,-83,344,34,205,183,67,48,-76,-148,187,243,225,-99,395,-2,-7,133,390,14,359,303,388,189,-129,235,-23,-24,128,36,45,313,126,2,90,-23,295,-129,335,351,370,122,240,-33,305,208,345,361,109,129,-93,117,290,-146,-54,338,-96,22,190,338,357,49,231,119,-19,-115,-118,-89,-7,61,123,18,-131,58,146,229,70,313,-48,173,-116,110,-7,261,75,221,64,41,16,22,-98,-70,-27,-125,289,391,33,160,397,374,275,327,158,-21,344,131,36,30,-32,286,364,72,95,282,172,120,-54,187,-8,363,-72,23,38,313,-127,-55,110,-95,-32,-97,25,2
127,314,380,-9,116,-109,11,-37,104,-65,291,116,27,108,245,-110,-17,372,243,-57,301,127,89,256,-118,241,92,-71,93,-33,-75,219,-24,341,-85,313,136,6,128,-78,-74,397,155,93,257,397,-13,-102,238,26,283,152,370,-60,108,113,35,-131,51,-7,373,-97,349,44,242,392,-2,-80,135,-104,-48,343,225,380,371,139,82,377,-84,392,360,384,101,196,46,2,-36,57,43,351,177,120,193,231,41,86,-118,70,-150,-83,238,224,72,388,154,72,141,378,-34,84,100,120,319,247,312,94,294,-145,275,-19,-147,110,103,197,43,-63,173,231,69,159,319,43,231,141,49,129,335,-9,146,-126,286,281,-126,21,-65,96,279,-83,-131,388,256,24,-41,184,185,272,167,103,19,35,-125,-16,42,178,64,160,184,379,38,-95,213,-68,90,-48,346,131,98,230,5
306,-1,-88,-108,331,235,-43,393,94,104,143,-19,-110,244,294,-81,102,81,67,130,-52,-107,130,-51,77,-11,134,245,310,94,-96,144,329,6,-11,392,-35,-7,252,70,6,177,247,379,113,349,265,208,75,218,123,245,-137,163,-48,-68,252,-113,-83,323,141,107,378,275,368,314,56,-23,332,-72,159,52,58,-13,-146,306,-141,130,-96,-30,-121,-141,214,-12,-106,354,144,28,299,366,233,280,26,-61,114,-96,245,-122,192,92,-122,16,245,-75,59,60,288,253,185,219,367,-65,293,-132,-74,91,-129,336,-109,379,-143,-26,290,398,267,210,51,145,-116,-18,195,176,-16,-11,208,-29,17,-88,66,211,106,-95,144,306,103,320,334,48,-9,330,-17,120,-43,-87,281,271,390,360,-111,220,263,169,144,-150,-131,147,328,342,120,108,91,-5,124,341,28,-67,208,-37,2
323,-19,91,182,67,51,151,263,294,387,278,-109,338,47,94,132,66,209,264,174,169,265,64,88,61,43,249,112,-88,273,54,-67,-37,322,13,-104,-34,157,-72,297,325,-106,121,385,239,380,260,379,170,288,37,52,352,43,-35,-50,47,303,319,301,-30,191,340,123,376,355,321,-36,342,-116,195,142,128,-29,-109,317,202,97,-66,150,-70,-37,102,39,358,323,38,201,-136,147,155,380,278,330,-2,161,221,60,155,369,-119,-39,-117,125,260,-101,222,40,104,-74,62,112,-71,78,190,-122,13,-121,62,11,30,-123,104,189,113,379,-102,169,-35,365,155,267,-116,64,352,312,-128,170,388,-67,336,265,73,317,261,-129,110,236,216,206,295,333,-52,-51,306,-103,208,256,93,244,-49,290,232,19,-46,5,306,302,27,219,23,-98,342,170,31,78,-123,237,1
-138,37,-92,184,-36,245,210,-87,392,309,251,-20,246,-90,175,-16,287,201,-33,294,230,148,341,-46,252,-54,-106,309,254,95,311,296,294,38,86,-75,-133,131,-46,342,122,245,81,216,43,236,13,306,-41,302,128,367,351,103,394,-1,-19,220,141,398,-52,248,37,253,256,-53,355,127,-33,114,148,67,252,-138,-57,133,214,12,386,357,-32,22,395,180,-98,221,226,112,399,-73,51,274,249,286,328,-56,157,362,303,369,391,73,314,143,77,49,-62,145,332,86,330,-37,209,-17,-118,330,168,139,-17,-79,117,334,141,110,-27,10,44,-55,-141,-8,-36,271,67,250,-127,308,224,-104,-77,25,95,317,156,164,392,289,394,-21,238,75,314,-62,35,80,-46,-98,-13,101,-130,288,361,329,202,156,184,2,33,-9,244,232,102,7,110,45,163,-37,173,277,1
323,283,-78,29,4,114,-133,243,15,269,-141,-72,-12,41,-108,188,9,310,274,-100,104,373,336,276,23,335,19,-63,238,276,201,-97,-136,-132,301,74,153,200,1,138,355,172,365,303,224,-79,-12,366,170,286,232,139,-69,239,36,321,-81,123,355,223,232,291,81,282,-115,26,278,-148,339,341,323,211,186,-125,-10,64,45,369,-83,-62,-72,291,266,229,324,59,-40,324,-147,47,-146,-8,-27,394,-113,170,-80,45,255,-57,327,158,23,116,220,242,-8,51,392,-83,310,-149,14,270,-139,-11,-73,-127,279,303,133,-86,143,350,145,-58,335,27,-81,-89,109,-72,103,-124,53,-125,355,137,-43,381,230,288,351,-10,350,344,206,140,28,-18,114,-145,146,-40,198,0,259,127,231,63,251,96,-105,-112,-5,71,309,-38,-54,207,11,278,168,-73,350,101,309,242,1
57,360,353,389,-16,268,265,-103,29,224,119,254,360,289,-149,12,399,48,-50,84,11,-37,22,-30,29,378,377,152,363,264,385,196,265,371,211,159,134,125,20,-23,338,-62,-82,211,-134,-59,378,119,396,-78,321,76,368,315,221,-126,-80,-103,129,205,98,-13,38,177,-99,293,395,325,297,63,9,369,55,306,-65,353,148,92,116,37,92,314,365,160,120,146,77,-42,15,44,37,238,380,80,254,-45,13,-59,-134,-32,56,187,153,94,321,-25,387,12,177,239,284,298,300,375,216,6,-91,79,102,336,77,394,-31,73,118,-115,118,-21,-21,-121,395,13,347,-99,5,121,377,68,214,363,-42,16,87,194,-55,-65,-9,186,-77,-65,-6,354,34,63,23,243,81,255,331,41,78,-65,-112,-33,257,81,145,-106,391,-99,223,-45,-95,271,240,140,66,223,1
17,-140,392,135,391,-65,335,107,-55,-150,213,-36,-92,265,165,-83,81,59,364,87,390,290,280,135,63,-110,-83,66,-7,385,151,390,374,101,-58,-85,76,371,344,-135,-146,265,361,-51,201,267,189,-121,219,388,343,312,208,-90,-106,100,-7,298,-21,251,375,-27,-94,332,195,-45,287,292,393,-105,174,253,-42,-101,344,-35,154,179,138,81,372,51,-74,51,340,288,193,-89,-2,387,246,98,277,-145,109,384,-146,-11,165,67,201,198,292,-43,246,358,20,-129,-69,147,265,61,72,-72,170,132,-5,-73,150,201,90,-18,-86,291,128,84,-40,153,373,266,-39,190,-42,379,248,165,333,190,301,-95,39,-119,-78,-18,387,-3,74,25,270,203,189,228,-9,82,247,387,-1,-111,234,52,-30,-133,-122,354,-144,328,236,-8,235,-98,-80,338,18,392,-63,116,-20,-32,4
180,389,387,357,104,276,-138,392,315,-23,286,345,-85,196,316,-20,338,27,22,-62,80,362,327,43,260,162,-79,316,328,-81,268,12,344,63,295,93,6,-17,-135,137,-148,306,253,275,-132,324,-85,299,305,7,335,-96,290,320,-56,394,208,-150,259,202,5,164,76,147,99,203,-121,188,52,168,-77,112,265,222,209,242,82,102,217,-148,383,176,228,-46,56,329,25,66,209,18,-57,-9,-147,-60,-127,327,-19,311,110,4,205,356,306,-134,368,241,131,334,-65,-5,198,202,150,112,202,14,179,217,-143,-150,228,93,135,78,159,-78,61,245,-85,-55,200,183,65,-55,251,98,349,136,89,161,366,369,54,277,119,179,0,-10,-148,115,259,133,279,214,-12,125,127,158,342,69,392,253,26,62,76,370,96,142,102,398,-13,322,-77,-75,211,41,331,289,2
9,61,-16,-33,-148,28,-31,-29,125,299,249,-98,112,94,-134,148,97,311,-143,389,-114,-84,337,25,19,-9,77,387,84,141,-36,4,-11,231,13,231,200,85,340,380,-5,183,-100,269,102,196,334,83,234,23,-86,-4,-118,36,-118,52,144,382,-126,113,49,172,-126,278,-104,181,-19,339,342,96,295,223,-136,112,-41,-82,285,-9,-146,112,-47,22,14,-26,-109,-18,371,352,-67,-88,180,148,50,-60,-97,55,271,287,184,233,104,-127,-118,-110,-9,89,42,-46,251,-129,-26,-69,153,200,330,-31,122,216,206,339,173,244,20,-1,216,333,-35,-122,116,315,245,336,182,71,-114,359,42,141,116,-13,141,-121,103,-74,209,-55,251,205,269,73,-19,174,90,150,279,157,13,-93,94,308,144,-21,-86,279,119,313,328,249,-85,153,371,360,-73,99,134,91,65,-6,4
271,-14,199,163,-35,98,151,244,-125,348,145,184,21,-141,175,282,335,67,-98,46,340,3,93,376,-98,231,257,-124,221,143,223,-79,-68,266,135,37,-91,318,179,367,87,62,-120,196,127,-70,294,-28,-86,-34,232,192,29,80,76,344,-11,-74,208,24,6,211,256,144,275,-125,-13,215,-20,106,241,28,-28,167,303,-72,73,272,-20,-125,193,102,152,-98,95,251,204,260,193,119,197,103,16,307,-104,80,212,-53,399,-48,142,205,119,107,279,8,49,28,273,19,48,73,231,95,-34,40,209,88,380,189,-24,-10,-9,337,109,-61,261,278,82,209,186,113,297,-27,371,170,265,-31,245,131,28,265,189,301,398,199,55,51,243,27,330,266,-110,80,387,228,313,358,43,245,271,-38,94,-63,113,386,273,83,109,346,77,319,-109,215,-121,230,159,315,1
330,274,30,53,-20,-40,84,-34,80,297,-20,375,-49,75,117,205,184,98,-96,364,84,-57,-35,-74,148,217,-1,-85,162,178,90,269,334,256,379,335,-20,6,19,252,156,148,200,131,361,-117,307,-61,-93,94,378,-64,225,393,340,79,6,365,-100,385,-56,166,-121,250,252,271,74,389,113,288,351,-46,204,137,-3,186,-17,68,107,106,-48,299,181,-65,-83,-8,-24,-24,296,125,-81,399,393,356,176,293,268,84,208,-55,-90,-47,-135,205,152,328,186,-41,-28,110,292,92,340,-83,-70,-63,394,-11,276,-131,168,203,-1,388,216,226,273,165,60,-73,207,109,189,-119,49,65,-63,218,-54,-39,305,-29,-94,63,-107,-32,203,63,254,122,386,386,98,-85,78,86,84,-81,287,68,296,222,-15,171,222,-96,42,223,-9,321,25,162,262,144,153,398,209,151,2
41,-91,-33,395,11,-25,32,-65,254,105,148,0,-39,380,21,-64,93,309,361,-56,207,137,308,288,216,363,262,-55,48,-96,-18,78,363,95,336,-109,232,-2,329,45,-110,307,-87,202,279,46,308,78,7,388,226,346,-57,340,54,386,94,-40,-22,-1,34,343,371,-119,367,-14,-142,-120,276,301,399,399,314,145,80,232,267,20,382,280,345,133,123,5,56,269,284,-66,251,64,36,324,344,-149,292,377,-147,129,-95,-102,367,-142,121,153,236,254,149,-55,52,346,-76,351,341,45,11,-150,-145,386,229,207,275,223,92,63,229,378,114,346,143,-33,251,92,371,-38,226,-50,174,397,223,366,284,67,209,280,56,-126,88,242,348,270,12,-147,-112,238,381,-33,348,256,92,85,156,77,96,266,-66,352,163,-91,193,10,111,25,288,-60,-72,-116,393,101,1
108,121,397,80,-30,348,333,11,196,110,76,217,-117,183,318,-83,60,219,187,64,-123,286,334,41,287,-106,139,161,382,305,128,203,115,-50,107,296,-84,-107,-127,28,149,119,-34,4,240,229,-81,-97,156,186,248,121,-5,13,262,-119,281,11,330,70,380,320,-67,385,297,300,-73,257,-17,365,306,95,109,72,-63,-1,391,342,67,299,283,5,95,319,208,-62,234,54,-29,359,-64,25,320,14,166,239,107,338,223,227,354,217,312,304,383,282,109,233,208,340,200,231,77,-90,-66,233,-14,5,-91,-13,88,14,36,206,325,310,-123,-16,-120,122,212,-132,-27,189,33,-9,-144,380,63,174,-13,64,335,-41,289,376,-54,355,306,136,-128,220,-92,-76,-96,171,320,303,127,68,193,-4,11,-144,26,261,77,-33,305,-105,24,194,108,199,-2,278,145,348,1
237,202,341,-24,-3,181,391,-95,260,339,318,31,-95,372,396,-99,258,167,47,-106,275,261,140,-59,-85,345,-37,146,151,-50,375,128,-75,337,214,261,-77,-80,241,96,32,18,327,215,226,18,111,373,-86,-100,133,358,222,-3,-39,105,-98,258,-96,246,-133,233,345,215,377,209,204,60,253,9,-76,263,-118,73,236,-146,259,-5,-30,150,207,289,23,22,206,384,291,397,-89,-8,-140,158,127,349,307,328,10,291,219,159,254,320,-7,-54,386,251,345,282,-71,-124,51,385,170,9,238,385,-121,-11,313,221,-130,-66,196,-126,-76,-134,289,297,345,286,-136,33,-119,54,124,-101,-130,315,-15,163,-116,-100,212,-20,151,38,-19,71,4,-146,286,90,373,59,-37,-21,174,360,266,17,113,10,168,364,-143,321,243,322,164,350,232,326,-75,143,61,-34,79,15,4
-19,-3,396,-27,235,-49,316,17,185,81,-6,393,339,358,-93,384,94,-71,87,68,-80,-47,113,359,327,160,227,346,338,20,40,-137,363,303,290,329,230,179,-117,387,166,-83,36,-132,363,-101,263,159,56,-100,265,-110,321,290,350,-116,68,332,273,300,-7,113,-83,53,211,112,-33,-10,202,50,-111,-29,23,11,182,-139,-44,97,340,269,253,42,-5,-106,280,349,169,236,18,205,-122,12,95,-33,375,198,266,286,-59,283,394,45,110,55,338,-35,270,-54,271,113,106,191,7,383,20,91,5,66,150,122,55,377,-38,-10,-134,-35,215,243,51,275,-28,-125,282,40,3,337,191,17,166,147,297,-38,38,244,266,369,-35,143,372,394,112,-142,128,157,-38,74,190,103,-148,227,10,245,-145,23,173,-55,-23,-115,-40,-76,362,9,228,-115,-74,138,76,-99,4
148,357,-146,250,-43,169,191,-97,396,163,229,149,273,269,388,364,366,355,342,347,347,42,136,276,333,20,164,-119,-16,-119,133,386,-31,158,-117,65,-93,182,234,-46,126,77,282,104,-86,289,-17,-46,-83,-37,246,-86,285,65,-26,164,214,-24,-45,-138,313,198,3,-104,360,-23,299,40,-49,-88,240,105,-40,336,-85,239,297,-89,336,311,311,215,59,388,-80,49,-5,279,121,228,336,20,-88,-70,179,-127,130,308,43,367,244,349,-36,152,-76,133,-128,180,297,-8,294,-103,159,388,228,42,316,-48,268,120,183,-30,48,295,276,240,-29,99,111,382,68,197,89,-43,-12,36,46,45,299,105,224,-38,131,124,-8,378,283,-42,-60,225,16,302,171,49,-48,197,161,91,258,-10,-105,147,288,214,-31,385,278,315,241,-20,376,306,266,337,-62,380,-94,307,5
176,-128,65,104,109,47,-143,-19,353,-38,-106,-98,136,364,-41,131,108,8,-149,-94,74,217,329,381,166,364,188,-8,395,288,229,273,339,203,344,36,-56,163,159,387,149,-79,130,115,344,-61,169,281,50,68,222,-148,-36,-110,-17,350,344,134,121,70,83,-135,241,45,200,147,-41,133,-119,157,-69,397,78,360,-20,259,39,-47,199,363,338,234,62,-24,83,-80,288,354,260,315,119,-127,304,337,366,-141,-12,345,349,43,-33,218,17,254,-77,263,345,-135,211,262,97,251,228,91,-77,117,396,-2,63,394,313,59,276,-129,303,332,-41,348,102,22,115,97,377,187,216,31,380,229,4,399,293,272,32,279,-106,-127,-112,-18,-44,-15,90,-78,243,334,115,270,193,291,310,-8,290,75,272,238,273,-2,262,144,138,251,-40,209,321,136,103,303,62,-144,4
366,267,356,-90,359,262,246,311,312,280,97,-33,-134,-103,91,-34,230,-127,246,-136,-7,139,36,0,280,71,320,152,70,196,-3,386,-148,-120,-104,261,233,34,319,66,165,254,282,345,81,294,109,363,33,-120,-23,336,384,165,396,197,57,-80,278,329,182,263,318,281,346,-67,-117,-30,-124,116,115,-126,239,-8,-147,189,-44,110,-5,-34,-126,364,-138,-39,-14,133,241,371,264,-88,-135,-150,301,261,-9,187,365,164,97,-35,372,4,38,229,-74,-116,28,10,-103,318,206,322,300,306,358,273,18,-110,-81,-95,-86,201,390,49,-136,-15,-72,378,-86,25,68,183,-95,168,375,-78,-120,-102,-16,-95,211,133,-47,-44,311,19,353,83,250,215,251,-150,74,180,87,44,273,109,288,328,323,263,-119,14,186,-4,45,-75,368,-19,13,-45,-98,-118,363,-108,-19,-114,3
370,261,189,299,374,236,-22,338,-64,-97,287,42,135,200,170,148,302,205,19,-61,164,179,6,263,282,283,-29,-62,321,337,40,109,-110,397,87,46,176,310,251,-112,275,81,248,314,222,-77,225,-35,300,-126,371,94,-23,-126,-7,180,397,135,155,-142,-11,386,380,191,-24,-53,-131,-36,390,276,100,309,108,135,-77,177,152,67,306,122,337,243,165,0,119,172,341,-4,231,-10,215,44,177,28,24,368,-33,103,-110,-103,-108,-36,72,73,-123,73,284,334,-14,319,43,-99,146,-36,53,191,248,243,89,-103,284,-80,142,221,395,363,246,-129,-104,85,151,-55,-111,-52,115,78,133,-71,143,200,399,372,351,358,193,97,-6,-53,18,11,114,253,-69,199,-20,-113,277,158,312,365,328,159,110,18,129,51,138,176,-57,43,233,88,1,152,-59,132,-56,263,5
137,228,353,267,279,208,-114,-122,179,313,354,162,372,329,147,330,-102,219,101,-45,13,347,291,234,93,-142,13,68,67,30,38,325,-49,156,-97,-42,134,294,366,323,-138,166,281,75,163,188,192,222,209,384,107,108,-57,-47,-30,272,-78,145,137,123,335,257,84,-147,239,155,287,-94,234,-64,178,-59,255,8,194,179,28,12,35,159,239,-105,-40,186,-79,398,295,48,-87,-117,295,78,303,374,-129,305,116,-100,44,38,102,265,30,341,264,84,-115,-91,-48,105,11,124,177,-74,-139,119,287,350,291,77,357,370,301,-86,292,109,4,36,85,-126,185,395,325,243,365,-51,191,159,-125,380,27,18,-42,73,171,379,234,72,13,-117,-117,169,298,13,116,9,348,-68,192,199,328,-149,101,59,342,-78,311,297,2,-96,-52,118,-33,50,353,196,-68,-90,3
283,70,336,-147,175,78,157,227,83,-3,27,228,-59,-20,226,46,-146,159,-11,195,381,-18,92,239,-38,-138,389,91,182,-58,362,183,22,260,80,318,-89,157,378,157,23,135,-27,269,103,-27,-55,34,148,366,82,-38,32,-14,19,373,185,114,159,91,-148,5,389,66,208,-110,391,204,-109,396,6,182,306,331,189,-95,129,-105,219,357,271,24,379,359,243,-54,229,311,145,254,192,158,-87,-89,382,87,297,-96,290,149,372,-49,75,-46,350,51,-78,339,336,227,287,214,311,-136,112,331,-112,109,157,268,159,277,224,185,-76,265,-97,-150,-67,-112,6,167,268,15,-76,154,161,52,387,67,95,126,259,253,232,-37,258,147,-12,-46,-80,233,274,-34,34,20,91,247,-84,132,171,176,309,263,46,67,45,-42,-65,387,292,-89,18,363,47,-88,7,218,4
-58,39,239,-56,305,346,65,121,219,-16,-102,-26,369,-51,348,200,-67,-14,128,272,321,-92,332,310,148,-142,331,35,331,307,88,72,252,69,115,-87,11,-22,62,-101,73,-106,-74,196,-98,-69,-140,262,280,243,277,363,293,175,159,312,133,-21,-108,67,279,-7,266,389,193,321,294,304,351,95,4,35,-90,330,14,342,109,-1,227,244,312,-4,384,293,59,145,165,71,284,70,189,231,346,-145,156,51,-114,113,-24,89,346,-80,155,77,280,325,286,30,-78,63,275,-106,113,316,280,-32,164,116,270,163,31,381,191,-132,-138,168,169,-72,295,-21,-99,-34,126,336,197,49,205,-53,58,26,338,91,119,301,332,329,365,193,11,384,380,135,2,374,194,387,-8,284,148,-125,99,-59,-44,153,367,114,370,-104,340,89,309,356,-50,254,-3,-128,385,81,1
-141,-114,204,-137,41,159,-8,299,185,107,-130,-20,248,382,-76,275,-148,245,255,105,-70,-113,221,-74,350,397,348,-120,189,-39,11,80,-112,247,236,-86,89,30,218,-38,-19,173,44,243,171,165,380,-86,85,-130,256,120,232,377,184,253,-133,358,365,222,130,315,237,-122,184,-76,148,320,48,23,-44,59,-36,356,-4,275,371,138,222,329,76,-52,-140,265,133,354,36,161,-23,-127,199,-109,285,330,152,-99,-49,337,-69,186,-136,-96,-77,184,335,-72,-27,-4,245,317,257,355,-3,-126,222,286,270,254,314,-49,14,76,-91,-83,219,-53,13,311,-57,278,-148,319,378,-11,302,-28,116,-146,-140,143,122,71,317,219,-21,218,356,-26,17,154,341,-71,304,227,251,171,167,-11,73,166,381,382,289,120,-68,-29,378,14,-18,156,44,242,372,268,310,315,-7,-145,4
-2,73,81,-64,-149,277,-49,365,146,-51,-22,64,328,-71,359,341,298,265,8,163,-32,17,299,308,-53,232,104,342,125,83,55,157,-126,265,-39,345,-21,-88,14,-139,84,304,36,217,66,382,244,99,-117,56,-40,-27,287,131,146,220,198,-113,394,187,214,284,38,390,67,141,284,91,387,283,389,392,308,205,-115,84,222,-11,132,-12,251,-88,222,177,14,118,-54,-105,321,-55,47,8,241,328,-3,221,-60,-101,81,353,-127,263,-72,313,48,222,339,150,144,114,-97,292,-8,34,-122,303,131,246,107,29,191,363,23,-50,-101,290,-149,-54,333,-139,142,258,-106,300,-22,53,-120,146,163,227,-1,290,-79,-45,385,-94,33,157,291,-41,-54,6,269,313,-128,187,315,219,-113,-56,58,114,9,126,258,189,108,-144,239,230,250,0,389,-19,393,161,-22,-18,4
233,151,-12,314,271,133,251,274,284,69,50,-18,222,47,349,-13,297,44,75,-138,151,-26,-109,-130,-56,-139,66,114,306,378,334,-18,-126,193,163,-115,72,174,-37,-108,-139,21,-18,5,-107,-109,-102,185,-51,316,226,119,99,229,139,276,210,145,-86,172,292,362,300,56,-117,101,217,-53,199,181,230,341,271,90,-45,372,187,11,-28,133,120,73,58,153,354,330,315,284,175,-24,-138,272,-89,46,238,387,325,281,-29,226,165,328,97,-29,-121,151,140,304,33,31,264,125,133,341,123,161,153,-106,320,385,60,-5,26,113,195,-141,-141,-9,173,217,235,-27,-135,85,80,199,243,153,-83,321,360,298,262,31,-62,203,79,68,225,213,241,68,296,-4,-24,361,105,209,223,138,-46,89,342,314,353,-52,68,399,-26,79,232,79,108,230,122,-88,43,189,2
213,-48,351,392,283,293,360,-45,390,-101,-18,78,369,391,-112,161,372,184,-69,38,357,14,145,-21,255,173,-25,62,110,41,39,35,343,141,345,-55,-130,213,-133,-80,277,-98,156,86,272,-34,238,-110,291,214,-81,-82,196,366,327,262,-7,382,155,-30,186,211,-97,15,205,244,265,-86,199,129,-72,18,328,-109,208,174,-27,-51,-83,173,167,193,-36,128,-140,367,318,83,-68,5,209,332,355,129,-109,349,88,117,-25,287,-101,6,108,70,-49,-36,196,-102,211,145,-23,-90,-53,-72,59,120,182,-147,332,100,-15,102,71,-4,391,-59,398,189,360,363,310,-135,186,199,87,196,38,321,147,190,130,374,359,-34,348,342,67,-67,370,23,-129,265,30,56,132,334,374,71,20,216,-140,284,307,-132,336,-99,63,40,287,323,95,103,283,84,-64,-79,-117,-94,5
-27,-86,145,211,-61,230,330,277,119,-124,182,367,-32,-114,396,60,229,398,321,139,61,72,250,-87,-108,170,128,66,0,-1,302,-70,164,-6,169,-39,-113,237,-119,348,392,-118,336,-130,-49,70,347,-141,305,342,-97,127,183,349,348,392,375,-133,-90,112,285,176,220,105,-85,221,274,96,219,-108,-32,129,311,297,352,-147,-121,264,105,326,256,24,115,77,316,-67,-106,191,-36,236,-150,-107,-148,255,332,179,139,-137,10,383,-44,-69,89,-49,-100,182,238,62,328,69,313,-38,100,393,85,257,268,-17,57,271,-79,-101,150,336,287,303,37,197,334,323,96,10,-89,-16,92,-40,278,133,386,312,22,235,2,351,-145,-79,273,266,-93,277,181,98,-104,63,105,-143,374,132,86,365,274,8,299,-58,196,108,55,365,146,16,3,-3,249,-33,376,69,52,153,5
210,-12,-121,346,140,230,398,-34,42,-40,91,142,161,57,110,-136,208,284,234,117,141,-50,37,79,-19,-129,355,394,-49,-20,24,321,287,368,241,255,123,-15,119,-83,250,229,181,355,-67,-57,-130,313,-53,205,89,69,263,127,-132,5,364,33,63,309,294,221,175,232,187,-69,245,345,48,132,38,-71,183,-146,-150,279,211,107,73,39,78,361,-23,378,319,179,-39,40,97,27,-71,170,260,-104,180,-61,-100,-75,191,-135,146,167,96,103,17,278,68,149,-80,246,197,99,-43,-66,63,188,-47,-39,4,28,343,156,68,-22,231,168,218,-3,173,-68,197,9,-87,-8,-81,112,381,-135,323,33,55,64,53,127,23,-13,-1,-119,101,39,81,208,291,250,294,288,226,-67,-37,368,63,-141,-30,314,-18,265,-4,214,95,180,202,-83,-63,-59,173,92,12,64,4
-44,71,-70,-112,298,113,68,87,63,-44,101,134,355,25,-113,130,101,121,302,-88,122,282,239,-117,-146,-3,197,119,11,95,269,-9,-96,21,205,5,143,396,-34,303,306,-136,-15,349,-99,154,103,290,293,232,-47,151,154,-10,54,153,-138,151,-22,397,82,151,12,360,62,-25,171,322,62,-134,238,18,24,-93,291,-99,17,14,121,383,4,143,-58,155,-111,279,332,-26,248,236,-18,167,-130,307,-19,252,46,292,292,-38,-17,-147,328,297,128,-33,235,-101,173,217,-55,333,40,6,261,247,-49,270,208,287,189,279,355,-134,-135,20,44,23,-82,-142,159,63,-113,307,239,369,4,56,59,201,154,-132,241,73,264,-100,-113,33,100,205,133,84,329,-137,-13,351,210,87,206,0,-16,272,-99,292,223,257,119,17,147,61,88,117,393,114,-78,323,129,6,3
44,-137,218,375,47,-145,189,117,-56,56,398,-99,-34,344,-46,-60,-15,190,-74,-48,282,-145,115,10,-139,37,-132,160,-26,-36,314,61,286,-130,136,345,294,-46,-24,283,345,-29,261,345,2,-34,59,314,306,-45,222,8,149,86,297,-104,348,223,175,-38,2,169,-13,153,225,374,82,300,252,76,304,266,112,-29,298,-59,185,386,194,-62,-144,343,-21,-95,358,-53,119,-47,66,350,-143,324,169,335,222,44,-112,48,249,38,60,-132,171,-5,112,310,284,213,243,-121,328,263,-45,43,-90,14,321,195,60,363,51,376,46,-103,312,313,263,13,-21,250,16,237,-51,-136,7,183,323,383,-142,57,-146,46,382,291,129,215,87,-149,335,363,228,-37,-99,282,148,-21,289,20,212,89,398,182,14,104,61,321,335,154,125,-26,189,45,19,212,395,375,-31,-9,3
394,242,81,303,190,-145,155,113,-46,-48,-67,-17,373,-115,-15,92,153,-106,61,-116,-78,-117,250,17,35,-88,326,-90,-144,148,252,150,261,45,-52,93,-8,86,194,-109,86,354,198,-29,-98,199,49,-90,101,172,353,240,-34,28,-2,35,-116,94,172,-97,-7,213,-39,-138,342,14,64,-112,137,10,351,350,115,245,-79,10,143,358,-117,60,-95,-87,25,210,379,346,110,268,-58,-71,-49,68,-131,129,304,-6,74,310,321,232,-138,259,-141,82,253,66,-52,247,92,83,-71,161,83,226,394,-135,93,142,116,-91,346,294,17,37,-109,-147,195,353,26,281,98,96,-92,178,338,97,323,255,-130,296,215,-35,369,155,333,271,-84,4,262,151,165,21,52,17,321,25,129,79,279,-44,274,-8,45,347,-10,96,57,281,291,-118,-49,13,308,31,166,231,-67,390,5
-135,113,-12,17,-41,-115,24,131,-96,-92,385,68,62,40,44,276,293,25,55,348,313,245,181,397,-25,73,83,198,-97,-41,121,301,186,99,274,72,-15,132,-29,129,186,183,334,142,-149,147,-34,-130,54,21,25,186,-106,-124,-55,381,328,99,-26,-26,246,182,-82,123,357,-67,-44,54,-79,197,115,393,318,256,-1,19,395,-138,-2,109,104,269,367,-66,5,237,189,295,136,-2,208,319,277,-11,333,139,48,-144,326,100,102,-131,291,101,-114,-31,321,40,34,391,53,357,373,34,310,-125,67,294,-116,-92,-39,-77,-149,78,192,226,6,-10,-122,318,131,208,233,66,96,185,-124,-109,1,191,236,396,187,72,-14,-35,3,68,-7,365,200,169,307,189,261,115,328,297,158,182,252,-108,95,-8,-99,-85,-60,-49,395,188,-22,113,146,283,399,28,392,209,4
-125,38,254,-119,242,108,260,328,94,192,-140,-109,298,179,-32,286,-71,178,59,22,-49,363,69,-76,-96,318,12,208,124,310,6,39,-132,-34,-30,-64,309,-132,382,221,140,-80,227,156,-93,273,2,-122,203,326,-139,-111,25,-25,276,27,149,208,-75,-59,-98,24,258,311,349,1,-106,-59,-49,354,35,167,186,215,157,51,320,323,72,-7,115,267,-143,-144,17,-107,398,266,126,374,-57,97,71,-8,391,290,-125,-81,173,-76,253,-80,339,281,-133,79,158,288,398,62,182,392,13,155,66,25,282,363,270,-57,-64,68,343,-33,-104,251,-62,-69,225,124,123,181,390,92,213,39,-109,54,184,169,167,376,110,-87,80,338,374,325,286,319,-53,13,144,86,-51,110,-50,185,189,230,278,149,364,-81,75,260,125,109,-123,32,267,-11,389,47,263,308,82,288,3
93,256,3,142,-77,253,153,312,271,67,326,268,397,319,292,79,232,240,178,339,-100,192,-21,82,22,66,86,-31,355,93,30,35,34,177,-83,280,149,92,388,84,120,-75,255,74,351,99,255,-2,213,310,272,158,350,253,101,-14,-111,39,321,348,-115,-131,120,36,-100,37,40,272,358,358,241,379,60,44,353,-104,6,7,-106,-55,74,164,-76,27,292,34,15,-56,-139,182,49,126,378,112,331,-45,-100,1,346,-70,13,238,-73,-49,100,176,-106,339,338,327,-25,397,27,-68,9,301,345,191,-86,153,350,-133,150,233,31,183,-122,263,-120,393,218,156,-129,-96,-68,-102,388,371,-143,13,246,143,103,100,-49,273,124,-82,300,390,115,246,154,381,224,361,141,258,267,183,-113,20,-18,380,323,363,-100,343,-90,138,57,316,183,366,-51,187,194,245,2
224,-62,-53,51,127,181,125,205,-124,372,371,-145,299,234,371,255,73,44,396,129,159,-148,-26,5,-32,-115,-25,384,-104,356,82,323,203,366,39,-38,162,-18,195,190,43,332,190,311,-125,369,278,167,249,-95,-128,241,176,69,383,69,178,309,-52,171,-148,334,48,-115,63,-69,269,323,296,-144,98,-93,267,131,114,12,149,346,-141,152,-105,-38,122,164,243,120,284,24,-32,196,352,26,180,-7,63,149,-53,83,126,-115,63,364,337,356,-43,267,128,9,189,114,-125,280,136,-123,110,-135,199,-135,383,280,344,-80,61,-83,118,207,177,-38,228,190,54,239,111,207,382,334,305,-77,121,116,110,320,-86,-125,-132,272,222,-147,40,-83,243,151,144,-94,-114,349,52,-75,178,-80,-149,137,237,119,-44,177,163,380,333,77,-125,320,-68,191,-28,203,264,153,3
296,200,340,60,132,316,395,230,-25,142,201,397,-77,97,-71,207,77,63,178,369,-112,181,154,188,182,196,132,304,51,103,134,-103,57,-55,66,154,177,-48,1,-67,82,199,164,154,208,223,-8,308,-125,355,43,323,-2,247,241,18,5,198,76,48,-56,384,43,39,311,-95,-40,215,120,390,-108,265,235,275,98,140,22,398,65,225,225,371,311,333,69,374,235,385,113,300,84,75,-26,227,247,290,63,-134,-28,272,12,18,69,-38,64,220,186,-44,-89,98,115,-32,171,97,301,83,220,217,-107,338,161,202,391,-47,382,194,153,154,309,241,334,84,307,177,-119,-82,7,352,-29,55,-43,-73,-26,216,290,-46,132,298,165,-137,161,165,144,238,-79,-97,60,48,-50,-39,195,368,397,148,193,371,18,18,-51,385,322,-38,234,318,43,-27,370,233,1
206,395,193,-54,-110,-149,-29,306,19,331,47,234,399,-6,36,223,364,320,200,47,102,-117,11,207,-116,2,-65,324,374,287,-70,117,200,-52,-6,388,158,176,111,-54,275,90,-51,42,-5,-82,297,134,-73,-1,-70,393,209,125,114,82,-32,225,306,311,246,368,152,271,341,-78,95,-93,159,100,170,248,16,299,163,-12,-23,270,37,-38,38,223,-62,24,304,-118,82,383,177,125,-93,-8,260,149,311,170,103,42,279,374,196,108,68,-137,292,92,-49,-135,-33,292,265,394,142,227,-44,100,147,278,234,-67,-1,292,159,-96,68,329,241,243,233,-118,335,98,148,280,-144,172,-15,179,338,-54,264,189,-138,-117,344,117,356,-26,130,-53,-68,82,-75,-63,75,21,230,365,-37,-7,-41,371,189,153,-145,-4,-44,59,62,227,261,-25,182,-69,58,320,221,243,5
70,-12,116,237,339,120,368,-83,71,96,131,300,-49,395,357,263,-113,305,136,177,356,145,333,-79,-134,190,188,125,-133,42,-138,13,-115,17,218,-131,-34,213,376,190,73,24,353,-133,-22,64,62,250,361,-111,197,-87,322,396,158,269,-5,200,332,394,367,376,304,-19,271,111,97,175,255,123,232,25,357,294,252,74,-89,-3,-43,-134,109,-39,281,-66,-22,284,204,-17,254,316,-114,-67,32,244,41,-81,98,7,-121,207,358,-137,213,-116,276,101,171,19,85,314,305,71,50,122,165,139,-74,-83,380,50,-67,338,-36,123,-121,-78,-11,171,39,-62,-140,69,89,165,206,119,10,21,18,318,-18,15,-54,265,251,-96,-126,384,49,333,-126,-146,207,7,246,341,252,333,-42,-88,341,372,377,258,-113,175,145,245,376,210,277,259,273,49,119,110,-110,20,4
156,-72,351,393,62,342,128,297,141,365,131,12,346,-87,20,118,65,-49,165,339,-8,384,351,31,173,312,136,185,299,379,107,-101,219,-75,-63,-101,-97,295,380,-143,296,-58,147,383,173,311,215,-89,342,145,114,28,353,143,276,-94,-93,-98,174,374,315,-10,260,343,-43,4,89,21,322,134,185,216,335,-20,389,364,250,223,22,309,-53,-27,-73,328,-122,106,36,130,-32,229,62,-52,270,-42,85,145,381,-146,126,315,-93,-69,365,394,366,-92,-124,71,-145,350,177,339,-134,-18,-20,371,27,350,233,390,-71,192,-143,52,-34,-49,153,-123,347,192,184,213,-74,16,43,57,146,2,127,326,331,199,151,256,234,17,106,387,-74,266,111,277,110,124,375,-41,204,323,200,78,101,60,45,111,49,282,321,300,54,335,280,347,-115,-11,-83,212,246,18,4
33,21,137,283,257,333,-3,368,50,127,139,112,-44,247,379,62,193,270,393,187,48,-32,-50,383,119,120,-150,373,24,32,233,192,48,187,273,261,301,-128,235,-73,-149,270,208,215,-124,355,-112,148,-66,-7,368,66,-140,-76,80,-51,18,235,-52,-133,375,109,284,-59,89,211,330,49,228,-144,136,-105,349,127,310,167,147,-9,389,0,80,226,258,73,41,-123,118,129,286,260,277,170,204,29,199,381,333,238,301,-103,-18,307,93,226,338,372,127,-138,274,295,216,180,100,389,242,99,377,228,279,69,153,-120,121,118,228,46,-127,-34,-72,-17,193,-85,366,228,-5,-108,137,366,114,-128,340,289,-102,280,-62,107,112,338,294,138,106,1,9,96,-8,184,128,166,87,136,96,282,352,-70,132,289,262,26,211,278,143,42,106,68,57,-147,363,98,3
-16,213,152,178,75,-46,334,-89,-149,135,325,248,388,6,362,273,-144,35,214,274,103,190,227,380,139,-104,-84,44,-83,-59,-47,69,163,216,275,309,15,354,100,-102,347,289,101,27,154,148,281,40,376,350,75,-78,149,121,-10,92,221,-60,-121,157,224,181,56,198,255,388,75,15,-140,127,201,77,102,166,251,-114,-133,135,375,59,138,85,-16,-24,222,36,172,336,-17,364,158,291,300,287,128,42,-126,202,-147,10,10,298,209,385,-106,150,260,302,340,262,-110,69,52,337,135,-63,67,171,350,57,-21,-29,-144,-100,137,304,287,59,-74,51,117,356,108,63,-67,-78,243,-43,219,85,-16,302,-70,-100,-136,200,270,204,-137,138,370,260,281,397,126,345,119,195,-83,-40,350,-83,-14,128,370,27,-37,4,178,134,203,191,272,371,59,152,296,-113,5
49,99,-108,41,191,-116,62,-17,395,118,-8,170,355,26,-107,109,394,-54,297,120,353,72,-63,49,216,158,-104,122,171,6,-82,94,295,201,-92,207,-5,146,149,229,-1,197,-32,46,-53,56,-41,0,396,55,-90,209,149,-107,295,293,44,286,309,15,164,10,330,-124,120,45,186,146,172,-58,-135,194,-29,254,-8,16,33,252,306,50,-100,-120,153,20,5,-56,291,373,-89,207,-136,70,287,-15,107,223,364,391,330,141,190,268,57,277,-150,393,17,302,324,75,-150,335,288,9,330,-30,-72,-109,195,43,308,30,302,-52,-76,263,110,374,148,-1,-9,121,16,275,367,-142,284,-123,283,228,-47,260,181,97,351,347,22,118,-117,116,126,-132,256,34,-4,183,304,-39,-77,391,213,-147,86,213,181,91,205,-106,200,89,62,8,217,133,24,-54,279,161,4
-93,-43,255,241,291,319,397,260,-57,-13,-106,-149,20,211,51,324,237,220,233,73,-115,9,-39,277,-112,188,150,367,324,171,-72,373,322,89,90,32,36,360,-119,278,81,67,-32,271,305,-118,181,207,384,20,32,108,-125,173,387,398,3,186,-39,283,-120,23,204,307,118,-22,389,-3,-146,-147,373,277,22,324,1,130,69,170,279,200,379,311,204,62,207,-40,227,118,50,-77,394,213,80,107,43,149,253,95,-64,25,1,300,-77,220,-51,227,25,-10,350,147,-119,-90,392,-46,188,-110,204,103,377,147,255,-65,249,95,133,-66,-22,368,-118,135,377,89,-125,27,-4,150,-62,310,291,341,210,-131,123,-109,-83,155,-39,253,256,-120,121,-62,104,238,-47,137,93,175,91,344,167,-39,-87,-34,-93,138,72,13,354,-6,136,155,93,193,-25,-127,248,386,5
-106,120,21,97,-110,88,256,205,-54,94,-137,-74,108,308,-136,89,163,208,-91,381,115,209,201,-97,148,288,157,112,106,62,-75,369,142,22,28,164,-20,-147,99,-63,149,104,143,137,149,-146,85,249,-62,-46,133,221,123,-87,122,251,269,127,164,150,-87,15,-119,57,13,-143,-27,119,145,-149,64,-102,377,125,-3,-116,-38,287,-66,397,159,369,157,-35,5,-26,56,217,13,109,104,-78,79,360,-45,2,345,218,-1,125,-14,-37,69,24,316,-77,-150,131,195,285,399,-78,-85,137,278,-143,240,25,227,287,242,97,137,192,362,-27,330,-25,257,62,117,80,-138,20,203,264,213,161,-12,-102,-71,252,52,-25,258,239,143,280,346,155,183,357,35,172,164,366,190,337,160,77,325,39,322,-107,33,67,119,303,35,-9,318,135,314,371,228,7,183,2,5
-145,399,166,315,-49,123,-37,121,46,43,340,-106,-81,248,121,163,167,236,114,212,246,184,-128,-45,379,186,200,17,131,119,-48,171,117,-132,-100,-104,353,-48,93,138,343,307,209,307,289,330,347,-66,-97,15,-75,94,33,25,311,366,358,320,135,283,19,294,70,-59,245,117,171,28,106,213,39,324,-72,-12,0,-7,120,-28,-74,286,-70,240,-49,-75,9,288,78,-32,183,34,-97,-29,321,-107,201,-42,378,-21,140,154,12,374,-134,388,-29,-5,-86,142,192,-13,-39,-150,-58,143,173,-91,322,388,-68,95,367,190,62,203,201,268,351,-27,110,-68,372,230,48,192,-146,-62,99,325,-2,3,175,107,11,355,62,-31,-53,375,93,-133,221,62,-62,-105,11,370,190,276,57,-5,46,215,8,84,362,-126,-106,392,2,0,164,399,258,248,173,298,57,52,3
-81,62,9,-112,23,197,70,-101,-1,56,182,235,148,-81,-128,56,383,-10,-10,27,398,13,178,174,-83,8,369,321,323,342,10,4,177,141,-66,6,-74,356,-127,-25,214,370,-113,11,170,175,-28,178,95,-14,-74,243,-66,199,227,310,259,298,399,258,274,232,308,238,65,122,61,62,341,176,-135,350,-137,-83,100,131,-141,-88,52,340,299,-5,-59,306,-78,15,-72,238,62,158,72,365,241,159,174,56,68,150,366,-1,329,-27,289,58,255,231,267,185,379,259,219,312,-117,147,364,268,-79,390,95,359,-32,314,6,34,245,85,39,353,-82,119,180,138,339,-45,354,203,106,274,20,65,174,-33,-42,44,272,237,380,254,11,94,-100,213,176,44,50,28,200,-20,90,143,133,-11,-39,45,-56,308,-148,-16,241,322,-62,303,110,-70,97,141,140,222,5
86,215,161,210,195,-140,213,244,-84,-75,-80,388,-127,-78,73,290,386,114,158,73,336,78,-35,159,241,333,-145,275,342,301,211,247,42,362,98,-81,91,159,51,-110,137,255,-92,146,-132,-137,347,52,146,151,21,153,147,396,-51,225,371,305,115,-50,128,27,33,178,-27,-53,207,-11,5,335,7,-28,-101,-31,-20,-12,200,382,-39,208,5,69,205,242,362,32,332,143,306,374,290,267,-150,247,234,196,-16,-15,185,192,-67,-54,5,10,-125,10,374,399,56,174,230,292,131,352,63,-120,-93,-129,35,-104,298,-9,-93,368,-103,35,-56,-136,43,26,-5,196,39,114,237,253,227,208,33,143,-10,391,11,-7,26,95,89,-108,386,309,343,-97,-141,7,46,19,-10,-100,119,-26,-25,-122,130,-52,355,268,-35,325,-63,-95,40,42,259,-104,78,23,292,-74,3
82,-66,43,304,-117,-43,77,-19,210,16,193,-92,117,-2,397,-50,32,-40,339,-66,30,-131,-28,-1,34,-132,364,-109,246,133,337,50,116,7,134,-32,398,337,128,124,281,69,-46,-107,189,247,239,27,290,189,196,182,-104,374,88,270,141,363,322,285,323,373,-134,195,80,59,325,-4,123,-30,290,300,-134,240,233,-117,-130,158,275,247,-37,18,131,332,-67,190,77,360,165,70,120,-72,393,78,-73,367,10,161,278,-66,255,-139,289,340,65,339,343,349,244,-53,21,-17,367,-53,117,62,104,128,340,119,-91,-95,170,-39,158,180,318,24,229,53,135,53,263,181,-82,-145,304,185,-21,304,-90,33,-102,373,393,-18,-133,385,170,202,261,269,20,-35,89,387,4,169,-2,55,-92,294,-92,-54,109,87,211,377,-64,259,-101,376,245,166,20,232,116,95,2
33,-3,226,51,66,231,161,104,-121,350,231,163,227,393,-104,232,357,-28,309,228,131,-34,360,293,56,-102,207,-76,376,271,369,320,310,56,381,84,-55,19,-13,20,194,370,218,224,88,343,97,-146,155,232,-23,-32,-92,261,229,379,33,397,83,-120,44,-115,165,190,42,317,307,47,204,-50,256,214,371,373,62,303,-15,47,326,-12,48,67,392,177,105,-90,317,-110,105,276,-3,-74,-19,-82,134,-72,189,-83,333,122,180,160,-5,100,167,-61,-149,17,-75,305,-5,-45,162,273,298,-87,236,368,351,104,375,82,318,-134,385,113,244,74,389,297,221,368,354,247,-39,-46,190,340,-36,159,-64,352,-27,50,262,118,57,25,184,175,132,-143,351,144,-3,277,264,181,1,104,244,275,-87,204,165,259,58,121,-143,201,96,124,96,-26,91,377,-59,50,1
157,45,43,294,273,225,382,116,-1,-121,47,-120,-138,147,150,375,361,316,140,245,252,-69,78,262,-20,210,-49,13,381,41,358,-67,197,338,5,223,-77,242,278,-4,-79,35,375,218,163,-102,37,-35,199,32,-76,-144,350,181,396,-126,-147,273,58,348,-52,235,86,2,355,118,-9,366,313,357,177,263,261,124,-142,78,350,-145,269,327,320,-64,-148,130,193,327,335,84,-132,11,70,-119,-82,-120,153,29,168,-14,313,-31,301,-63,-146,-88,92,389,41,241,-35,-50,202,-33,-4,332,-116,232,150,41,336,277,-127,391,-67,147,230,-13,132,338,-140,-6,-53,246,-142,-62,383,-75,222,257,121,250,95,117,320,-118,264,346,201,64,353,-146,278,337,-103,239,-69,317,255,287,337,171,174,151,-8,65,49,332,36,159,22,173,352,230,353,-123,293,61,88,378,2
1,-45,70,43,198,342,96,365,3,-67,197,43,187,343,-99,77,300,-88,-101,300,-94,358,-98,235,385,208,-69,94,391,231,238,-22,84,-59,216,-83,61,278,346,-122,111,366,-85,207,152,-46,-122,361,317,-130,146,209,287,31,-12,9,-70,2,114,256,377,308,220,-77,-101,89,-47,-32,159,215,112,144,260,254,166,343,212,200,92,49,211,-128,275,284,78,315,348,353,170,79,195,310,-114,142,0,-76,316,45,253,-34,244,-134,78,28,-47,118,357,177,353,80,398,-41,18,158,379,146,102,-120,-2,78,-98,259,143,102,124,163,-102,281,178,-127,149,357,-37,323,329,-2,-83,25,55,16,223,332,63,378,101,-90,14,-76,346,-104,359,211,287,234,330,75,112,170,125,289,174,289,36,-59,123,58,-85,-118,110,338,-120,179,310,-61,-147,126,-70,-23,4
-33,394,7,47,211,-44,44,144,174,-141,197,99,0,-98,101,328,-7,-86,-38,178,364,-125,88,-70,-114,73,73,42,-123,-129,248,-57,243,210,-57,-146,-43,315,105,40,-85,-142,127,350,53,99,283,-42,280,113,-63,-44,124,257,184,-114,216,245,173,-52,340,-26,86,348,-134,-93,373,-87,200,345,171,351,56,104,251,-148,54,-121,147,163,171,5,45,270,134,249,366,-96,393,209,130,280,186,154,304,-132,125,201,276,71,152,275,207,-50,245,-133,12,-118,394,202,-97,46,-140,71,-69,-34,356,367,-94,113,-23,297,202,-143,336,303,-148,0,89,234,27,206,86,-76,348,371,41,99,-82,166,66,-2,-37,310,379,-2,-47,-145,318,-147,398,229,189,-27,318,120,-24,-14,15,59,38,217,-62,338,296,14,374,272,60,262,184,215,-103,321,133,26,-63,-10,2
-81,-7,334,-136,243,-12,99,-114,289,384,-137,-97,-13,333,-149,137,208,-26,-48,283,-84,-61,33,-73,124,378,-14,366,100,197,161,-54,195,-85,-71,13,276,300,80,-6,184,-137,-28,13,-35,158,-6,304,235,-13,298,252,-58,37,-21,-110,-101,205,206,32,-131,143,322,377,260,210,-15,-26,85,384,197,54,146,-133,6,-121,128,249,217,-118,364,219,-100,115,136,-148,229,268,394,157,288,359,145,396,397,-23,263,-45,-108,356,161,233,318,188,60,-114,-140,69,-8,-88,128,274,213,24,119,264,381,78,163,138,311,201,245,280,122,341,247,-133,255,130,242,-67,248,13,173,-19,202,348,342,-103,-30,89,39,245,-27,-114,-22,-126,-10,227,116,78,-88,220,-122,134,-15,-142,144,146,2,-59,-37,32,380,42,137,90,360,232,14,-49,-85,86,-24,71,-18,264,3
-40,-84,169,228,17,43,-97,84,174,116,394,88,316,89,380,-35,76,277,306,373,163,20,26,310,-14,2,162,156,186,-136,-21,366,153,-149,-22,316,182,84,-39,-73,54,360,226,138,82,-113,114,323,-82,11,30,-20,98,169,248,311,-83,0,342,-87,386,-73,74,58,256,-7,358,-114,-20,161,223,56,262,100,14,221,-50,-89,349,-129,-13,127,8,251,-31,37,205,-32,-109,317,112,34,205,-64,265,122,349,68,68,320,-97,11,122,127,95,340,-52,109,149,181,278,-63,65,346,79,112,70,128,206,-142,328,44,41,-5,185,-44,46,-83,103,-141,12,322,203,298,314,78,109,305,243,386,398,169,309,-116,-139,396,387,-78,365,30,-53,139,-92,-120,-30,121,295,74,22,-13,198,235,321,370,-18,-76,-93,167,-76,150,39,-46,394,76,303,107,164,235,3
-123,21,46,-26,-14,53,-97,294,-84,366,54,8,44,-69,57,43,-12,-58,30,-105,-109,-30,112,103,172,40,139,-96,190,191,-137,150,98,-92,148,-61,68,-94,108,250,239,-96,-86,38,104,-113,-143,-132,86,39,202,125,237,114,-129,294,39,325,224,-63,141,-64,9,214,-4,-128,254,149,-20,-95,-21,191,-79,133,26,-44,322,356,-14,-61,-79,297,76,-38,166,224,234,257,262,121,350,302,294,314,346,362,209,246,-79,-11,121,207,217,266,371,381,119,34,-137,210,169,386,-22,-65,191,393,274,287,210,124,-56,200,-25,183,-6,364,339,40,251,233,344,174,-108,266,133,99,98,-43,-78,25,71,228,229,-150,73,17,367,186,-103,336,339,165,22,297,385,-69,386,245,381,61,290,374,394,384,-72,94,101,57,-87,234,247,143,362,397,-109,353,46,17,4
-111,-96,177,55,20,142,35,-149,-4,315,134,54,-57,111,270,257,206,117,181,287,-126,243,238,394,325,-107,12,103,188,357,167,356,-79,324,227,291,10,267,199,-108,31,199,-129,-82,-54,-149,193,297,192,297,154,345,363,-110,119,199,-65,311,-136,-17,-8,186,47,235,212,222,194,322,-70,136,269,56,351,339,84,-39,275,51,319,158,192,141,339,112,283,-4,32,-111,335,131,318,188,96,-21,9,-94,384,350,27,-133,21,289,110,111,-40,-58,-146,12,387,38,-140,135,250,205,40,152,-104,-79,-104,188,-19,-17,174,-104,275,11,310,357,25,-105,195,143,18,391,187,393,2,144,296,105,227,-115,41,-50,-19,295,-52,187,338,31,142,-18,242,281,-37,18,327,-56,118,314,97,-74,90,176,-146,340,124,182,91,261,84,119,-140,59,392,234,194,-14,5
-97,148,23,127,194,390,204,294,391,368,221,128,300,-7,115,319,182,41,257,100,-136,324,-34,250,334,197,-126,71,-77,303,-34,329,211,29,50,-6,162,276,211,-124,319,198,184,280,220,43,-133,38,361,179,-10,310,228,10,142,251,-101,-87,193,-18,85,360,368,318,-66,-141,221,-124,277,98,82,42,-56,16,328,-89,41,317,-17,337,322,151,25,94,311,198,122,280,311,-49,-4,185,-39,79,263,-94,-118,130,372,-125,381,182,232,102,28,-132,343,128,146,392,-6,-125,360,21,-15,-24,354,175,-61,281,48,91,289,-34,-29,154,209,163,245,320,295,391,263,110,197,174,-101,96,75,-147,151,-109,320,331,117,116,-125,343,368,-26,-106,234,391,206,357,-4,310,292,387,164,226,-4,254,131,147,250,-134,-110,30,297,-149,399,-79,93,-75,370,257,216,3
6,-80,-74,-114,31,-32,-127,366,-81,-114,159,15,30,100,-44,222,321,333,96,313,338,-140,364,140,205,66,-149,-126,282,366,10,3,29,88,-35,-52,-57,287,10,-17,80,180,-80,194,29,169,127,-45,42,190,11,-25,268,170,399,250,263,-20,70,353,4,296,-135,179,137,179,243,293,94,29,301,-6,389,-37,198,108,119,72,-55,-68,377,336,-17,351,93,-40,-99,274,224,-88,286,313,-42,15,72,396,165,201,347,73,166,275,-61,281,-142,294,72,252,52,-81,168,-58,171,288,-50,135,-62,338,23,53,-45,-55,86,299,257,186,241,286,35,228,336,-39,-147,-41,222,-74,218,327,344,289,-104,227,-26,361,129,138,-76,146,-82,46,-104,147,-53,87,-47,313,387,49,380,291,-92,-83,226,118,232,378,203,37,162,207,89,180,212,124,320,22,145,-68,3
12,-124,-60,61,373,233,129,290,-48,-37,296,-78,158,273,-27,-6,346,183,107,382,45,25,-148,271,-123,337,191,303,255,-108,216,-139,118,194,-46,-141,-24,115,229,198,352,-16,21,58,-17,-123,-40,44,299,273,-36,190,348,81,-117,261,-137,351,252,-123,295,219,21,345,385,-41,341,-56,259,366,395,349,209,393,31,27,323,324,201,150,105,-3,354,-133,102,161,70,52,111,212,82,-44,42,-115,334,95,45,165,132,-104,-79,100,-63,263,252,256,56,-43,-72,107,138,22,131,-103,-21,-108,48,-74,-72,228,263,139,165,237,197,-136,111,115,363,-62,391,64,-57,-9,-122,-54,129,129,117,376,1,-4,17,75,162,120,281,58,397,-25,23,111,374,-21,-81,-125,-140,98,-13,289,311,133,382,-124,-111,25,62,249,217,271,-112,256,35,333,97,342,200,213,1
-48,153,310,168,283,12,361,350,129,308,49,-99,-131,-4,19,367,6,395,190,-33,399,268,166,73,104,141,361,50,195,-74,372,-76,102,222,-127,364,328,155,133,93,262,148,360,86,-11,248,120,391,30,-84,-122,33,221,47,-54,245,-104,-25,46,349,149,55,-37,275,229,207,294,194,-117,-114,357,185,352,326,272,-25,26,161,-81,18,71,-47,330,371,7,59,61,117,40,10,121,-34,381,55,-112,74,275,227,-2,251,191,85,190,-58,136,-13,275,-22,314,283,20,-40,269,157,41,-114,279,215,167,170,14,-35,31,368,270,-46,145,-143,134,69,252,60,21,238,-59,295,326,311,41,-43,335,5,-119,-124,49,-113,88,-67,252,172,-135,-16,188,330,-85,176,-25,51,-125,-111,95,-112,193,40,168,-91,73,81,227,-124,5,395,-57,12,282,37,-111,322,4
335,108,-92,-115,29,369,371,-15,-83,-21,-36,389,370,-116,381,220,344,387,222,-49,81,-57,-89,24,171,167,-36,97,110,-41,7,64,85,-55,203,121,354,-6,70,65,69,154,358,220,-84,63,141,29,360,-73,331,13,227,-97,19,277,355,-57,386,340,328,-51,-2,336,191,183,262,-78,-12,-136,226,-134,66,294,-127,367,140,142,56,262,150,262,205,158,263,278,-63,210,226,-108,120,395,378,-149,164,399,-95,119,-142,257,321,383,184,68,-114,-143,-84,275,113,241,1,192,-81,155,317,42,333,-141,59,180,-143,110,150,42,250,-131,379,158,350,159,239,220,46,190,-21,341,-25,69,132,239,167,-143,33,128,28,44,398,198,274,204,122,239,-101,82,310,364,313,184,71,61,-120,165,332,156,15,88,78,200,340,232,16,2,-30,360,-140,335,-66,34,1
392,-103,323,-126,-75,361,99,387,244,256,-63,262,182,-29,95,176,69,158,136,146,8,163,49,329,161,12,-75,186,361,-40,-32,270,-53,302,130,278,230,152,62,34,9,-99,328,315,24,153,-83,309,167,147,-47,-81,-19,278,382,-82,229,36,-133,-76,73,-119,390,-34,320,180,254,-139,179,-56,359,-104,-56,45,-45,-73,-124,-110,-91,28,-94,-101,170,344,348,108,71,186,162,133,-27,-110,214,5,226,199,-63,126,-106,269,367,393,36,87,-96,120,113,61,309,-40,249,-116,-24,-69,109,50,28,-68,-3,175,223,-111,-136,55,-135,187,226,379,-13,-81,-68,356,0,348,95,302,132,369,-25,337,-80,44,323,132,-132,181,252,47,298,8,75,89,175,-107,85,71,-131,-37,98,-40,88,344,222,-2,348,325,-76,11,285,215,-67,141,204,364,125,183,282,394,3
16,122,273,32,25,82,-85,337,83,-60,397,-92,28,133,170,-57,70,-75,-31,251,313,-28,16,278,328,-120,179,-42,211,-79,-70,96,143,-52,233,168,329,344,135,141,317,48,-31,77,-96,60,-142,36,-130,-103,14,-3,79,356,-35,152,272,-134,346,321,-135,-3,116,202,351,-119,-149,87,169,-81,-108,52,-111,138,299,-62,-149,166,112,329,-150,176,304,134,-108,-22,134,139,-132,-129,52,114,310,8,9,208,228,260,-50,310,27,-99,-90,323,386,177,206,-52,363,113,305,-101,188,26,117,-18,-8,12,196,31,101,39,1,113,307,387,-74,27,204,351,72,303,13,-144,238,75,117,-52,30,-40,114,217,13,270,84,325,257,128,369,88,129,96,359,-17,-131,288,29,-118,235,-126,91,-115,355,263,71,373,291,275,64,178,224,172,344,-7,134,359,20,-26,1
16,-63,80,-34,-121,80,-62,-42,140,364,82,-149,22,370,125,-106,282,-87,85,181,282,325,244,-98,-26,133,197,-10,50,86,277,275,145,-101,12,161,222,104,-142,121,389,278,308,386,138,160,14,-137,70,149,301,17,44,326,331,148,46,-77,255,101,271,143,13,382,-51,-138,-18,305,267,-67,356,201,182,241,194,184,308,61,-31,-2,197,208,83,313,-139,29,267,-60,45,372,-83,317,185,266,140,267,106,224,-25,189,352,137,-73,374,142,237,-98,350,300,-91,95,246,102,325,161,132,339,248,275,73,-92,359,203,-24,234,34,388,167,-16,-142,296,384,225,370,-18,-39,197,353,264,370,-142,87,167,361,1,82,58,294,-19,314,-33,204,223,-11,276,22,224,-46,228,371,127,-2,238,44,-80,131,41,122,214,-7,48,64,155,265,91,38,-107,50,2
228,41,51,240,384,-13,108,152,-100,-39,190,374,-28,126,194,11,392,49,268,183,221,176,-107,111,-29,326,174,-13,0,53,155,81,114,-134,311,309,84,34,145,55,149,211,-74,186,157,-58,70,317,10,75,233,22,146,372,-67,-70,374,139,-91,-10,11,289,-18,340,80,181,2,306,29,-145,-18,73,78,88,99,166,27,377,-132,163,-21,-140,-84,368,33,91,-89,125,30,-134,319,74,-77,82,79,19,-41,107,0,-132,318,367,266,-62,370,-25,192,279,197,100,80,169,287,-110,231,-105,-128,99,329,180,367,105,-122,54,-1,-95,91,-67,387,398,393,-80,-73,-10,-116,-27,-40,92,149,31,9,245,168,201,184,12,-51,101,262,-129,25,37,-124,91,62,-133,297,194,245,309,-12,227,270,24,-15,275,131,27,394,211,379,-76,376,-89,135,301,72,356,3
168,315,6,119,189,86,361,-4,12,-144,384,62,57,0,-42,-132,344,-87,113,23,393,253,-75,-45,73,170,-127,183,-103,71,-29,-92,272,307,211,282,370,-123,-108,147,71,78,-135,-67,280,122,260,45,-22,44,-67,181,-94,32,187,62,145,89,-113,131,274,284,-145,50,162,-36,26,-49,-65,-14,61,45,360,85,241,23,141,72,-21,187,181,164,-28,168,266,325,-14,-24,217,94,163,-72,86,253,-144,193,-139,-48,263,372,237,328,109,338,82,95,334,36,-117,263,68,211,193,304,131,307,138,-63,328,0,60,304,64,395,146,101,-8,91,-93,-100,218,346,103,356,250,304,105,36,57,205,182,189,-54,145,204,-76,-57,-12,214,-4,-133,276,59,214,47,100,178,136,314,-149,-95,232,-120,-3,156,100,-33,144,208,144,329,231,-69,36,346,146,241,40,5
-133,213,42,-52,322,353,363,205,211,191,86,-122,344,208,397,300,202,54,262,74,111,-58,357,318,-84,-145,364,82,136,-91,-122,357,170,-74,-76,179,-92,-144,-87,2,203,-8,204,381,105,166,344,-99,38,22,72,-50,251,-62,35,131,122,-1,-59,139,-117,-25,79,135,347,147,134,203,360,-16,224,56,23,42,113,-134,97,117,-96,-69,-61,-25,358,236,-141,146,187,97,80,221,188,209,99,38,-52,371,306,202,-126,-148,69,44,387,320,96,237,-133,-79,124,94,-143,127,-78,215,-12,-45,350,376,77,129,-132,299,136,202,131,86,237,209,332,389,54,316,75,283,367,-28,-131,274,138,-95,369,87,226,-25,321,134,370,-142,276,-61,-149,125,-30,337,-97,31,-122,73,123,-22,182,101,8,6,-26,198,9,25,-60,-32,-44,358,26,152,105,211,148,4,1
-119,65,131,-83,12,381,227,-110,-130,35,166,371,204,12,-33,-26,279,338,30,43,57,52,341,389,67,167,389,-139,176,158,154,-63,275,155,258,-58,186,278,393,389,146,373,105,13,-122,276,144,-15,188,103,-57,155,392,-1,-76,-22,290,363,-15,-74,-63,-80,187,201,293,397,131,-41,173,-130,57,238,263,-66,-145,-55,325,120,-140,302,384,365,69,8,244,32,80,-96,-95,77,-50,241,338,172,-96,329,-100,187,328,-78,30,128,181,39,209,357,63,24,254,-45,-66,-105,309,196,3,152,297,46,249,146,24,2,-134,23,147,395,357,-38,204,370,133,-117,271,-38,273,91,-24,183,225,142,241,66,113,174,138,146,133,74,210,223,397,155,245,81,271,129,117,5,109,122,375,-24,-132,88,-123,77,16,79,80,339,67,-147,-14,-145,52,-76,240,38,2
67,388,373,197,158,362,-32,338,-16,-141,-24,100,61,283,57,225,153,292,86,84,61,-78,94,294,-28,-136,366,306,-47,-107,156,163,-145,234,-131,-147,1,163,316,231,-25,224,-91,-146,388,-75,-26,293,-115,-65,273,-146,196,199,216,99,137,195,-71,343,-13,-21,308,343,88,269,139,-32,41,350,-61,380,84,254,223,164,-49,21,140,-50,23,83,298,189,186,-111,235,214,-85,51,185,108,191,21,-117,286,5,215,196,269,69,-69,59,308,-48,283,252,52,255,-73,264,382,125,172,372,14,-114,333,61,346,81,195,110,308,83,69,109,115,278,378,17,-97,-74,189,352,195,289,-137,205,96,220,-96,104,-116,397,368,12,146,169,130,284,93,-55,129,221,-17,298,297,187,398,-58,24,-8,11,-132,-98,-67,-145,294,-150,203,203,-106,159,250,82,-78,-130,4
-10,85,316,37,22,123,273,110,183,-63,395,21,162,168,239,379,222,200,316,344,28,-85,233,332,-45,219,-31,-135,-5,56,-48,112,181,368,317,83,163,47,8,334,20,277,366,230,355,343,327,227,303,54,-25,-111,204,138,102,-56,181,237,309,143,358,-19,386,-130,202,269,-3,-60,-79,-67,113,220,-6,63,-111,139,-125,173,230,287,71,274,236,-46,266,-92,378,-37,3,-106,40,-134,3,-116,83,218,341,-78,-135,225,314,311,48,123,399,338,326,213,-53,-73,356,167,-68,43,-64,48,219,-143,351,184,113,246,-135,-130,-137,392,73,-143,123,318,229,116,362,96,85,-104,-122,204,98,-34,126,95,115,188,126,102,35,-83,-84,-1,-133,267,36,3,364,151,-112,35,-27,396,115,254,-86,-74,297,145,287,-109,158,-84,145,174,63,380,-112,149,174,339,2
196,61,-142,263,205,169,-87,35,7,58,243,161,85,-136,344,194,244,-121,105,-50,-114,-148,-70,-103,-125,351,127,14,-64,196,353,381,13,362,-77,-78,125,-10,137,115,352,272,131,306,-120,199,41,361,124,342,-99,352,-54,182,48,-86,220,370,-20,309,202,329,185,-27,-34,306,310,-148,71,195,-13,154,381,321,-22,151,269,-97,35,345,187,173,155,-14,-126,259,352,125,-121,381,62,-138,218,321,378,-111,334,151,-43,247,49,-6,-2,205,36,-1,349,239,399,181,304,225,58,187,157,279,329,-10,236,340,-150,-121,-71,224,-115,64,-80,-136,246,-109,112,82,125,-21,136,323,232,339,378,-62,-12,215,351,378,-115,-14,-64,269,58,223,304,242,221,234,44,249,76,-14,187,-69,284,-29,35,198,370,174,79,210,275,303,37,-140,347,193,108,279,70,-30,1
-117,173,-22,387,374,12,167,149,-4,149,-110,179,49,-94,171,-128,399,-20,80,-146,133,-108,162,96,-31,170,159,-39,-1,351,-37,187,269,96,-41,145,334,-80,-7,206,74,202,245,-134,-102,142,288,-113,389,264,261,204,391,4,31,120,62,279,363,341,94,166,92,378,-148,49,-83,-124,17,-50,202,221,203,261,122,306,25,344,-24,46,159,189,372,358,50,62,-61,111,279,-18,303,202,-23,380,31,168,195,329,-78,57,-3,-84,61,58,374,210,65,350,206,264,386,283,40,144,160,-4,-99,-97,384,303,-120,41,229,-106,349,-70,241,-137,199,53,-35,255,54,79,173,177,327,250,315,393,101,-139,177,60,296,115,-10,12,178,61,332,39,187,242,-59,133,399,0,-54,363,30,336,120,-149,-37,-115,161,51,129,-90,80,308,-32,365,183,324,83,247,3
-80,-18,-16,220,347,-141,158,83,-71,285,-21,50,259,373,365,293,131,133,106,333,72,-24,183,264,-25,141,206,207,291,24,113,230,160,80,117,90,25,-101,-89,204,-85,84,15,265,276,341,311,288,251,321,252,396,273,250,210,357,196,174,203,78,53,152,-125,377,288,199,-98,61,176,365,95,293,2,20,-38,-24,132,194,82,-83,195,292,377,-75,291,-120,299,167,-87,-27,328,326,334,94,290,161,391,386,-75,255,195,232,384,153,-97,380,-92,175,72,-128,69,396,-53,269,172,235,278,79,142,-17,4,159,310,-42,128,146,-109,388,294,101,146,225,314,171,175,139,171,193,-25,232,59,67,223,273,220,288,-35,317,-92,230,157,324,-116,-27,356,-88,349,328,302,225,-63,267,175,27,-41,-108,-3,363,15,315,312,145,-107,-112,101,-1,24,231,1
347,91,2,291,-3,359,81,225,4,280,345,117,-66,156,275,185,-58,-12,-84,224,284,295,259,280,40,-4,-51,-41,302,-71,284,271,343,82,-92,-80,123,-104,173,247,242,-124,257,-19,-60,225,-67,62,63,-98,176,-84,101,381,74,229,164,131,48,312,99,164,121,-14,283,351,328,341,354,238,130,336,199,18,256,-96,-84,359,370,-85,113,277,262,225,114,-45,339,183,21,367,-75,268,4,118,-53,293,325,314,-68,-71,373,-3,48,-118,137,67,205,-52,139,-121,257,-131,11,-18,-28,-139,-52,173,390,117,187,15,-5,29,-97,141,9,-69,135,2,141,-72,329,322,222,365,275,6,148,24,11,90,191,9,-36,-108,48,249,60,75,332,-38,-83,83,-101,226,343,88,101,9,-28,-55,-64,268,132,352,91,220,209,116,111,75,332,399,-100,243,352,252,1
-89,234,153,50,-80,37,-87,309,305,-68,-70,-132,350,83,361,320,81,282,273,-45,179,-70,-143,386,308,-72,-97,-28,364,-102,-97,357,-1,17,-42,-5,47,92,37,242,28,361,-51,144,324,209,210,8,-91,193,210,117,92,168,170,128,298,-2,80,191,185,379,93,-125,82,22,144,386,339,131,64,-61,59,308,-115,80,64,20,295,352,248,42,314,378,-25,83,-92,-122,80,-146,31,162,114,-95,250,366,-143,265,-134,-49,-35,-94,271,-68,118,151,229,301,-62,392,-135,6,253,-141,333,174,-98,-14,-1,382,198,238,174,45,242,214,-98,275,144,-107,267,326,-12,245,-111,-133,114,122,-130,-45,-120,334,-92,-54,287,366,274,139,47,354,62,-90,68,132,98,387,-88,145,389,-82,119,46,7,-121,-8,-43,-94,173,-79,386,122,144,199,129,187,279,34,11,3
-48,133,335,84,364,-47,170,-67,-99,-109,229,162,30,242,239,108,-62,203,393,224,1,-79,287,-52,202,391,107,116,384,399,305,168,143,115,-65,-31,-56,80,18,163,131,169,249,204,-101,-71,258,222,348,61,-93,-60,-51,330,-86,320,25,57,243,328,-43,-55,-26,150,212,381,174,-1,74,68,278,-4,378,341,143,351,-46,-72,17,390,-10,147,103,336,182,148,366,314,116,-64,327,-80,-17,110,-19,-98,346,-131,160,249,-129,321,-133,244,-22,347,-66,322,51,43,113,37,91,-138,-30,-132,70,57,285,158,298,10,360,254,0,172,95,-103,185,133,-69,392,254,81,146,377,377,197,191,155,397,278,64,146,-38,346,262,140,-99,170,-71,40,3,86,47,-127,-13,146,269,357,170,266,8,-115,25,132,272,387,-113,391,-75,6,-75,347,171,289,189,371,3
73,55,-77,16,-94,-81,205,334,80,179,338,-65,325,186,211,243,-52,390,36,-73,325,298,148,265,256,-53,-136,45,332,211,-133,262,54,278,316,-32,35,-88,202,-136,-69,313,159,-8,45,253,293,216,302,399,356,184,373,362,-29,-51,301,95,251,126,-109,228,310,-89,278,195,37,232,-106,-3,34,162,71,297,-7,-41,374,-45,-78,41,-96,259,182,-141,17,-109,-97,336,161,171,12,31,233,323,366,396,-128,-62,162,332,76,164,309,213,202,-130,-91,262,193,292,394,50,47,205,123,-77,58,317,-73,35,237,-106,-91,184,-116,-90,19,364,66,53,67,240,-69,-77,7,382,-85,12,69,-70,75,99,-19,-109,-25,65,50,395,274,146,318,-89,230,26,179,9,-15,238,13,393,-129,-74,357,73,389,150,9,274,-57,39,343,383,156,290,-138,-97,188,6,3
345,143,-8,98,-42,26,-79,85,59,28,6,205,365,274,240,270,332,296,197,214,-132,-35,212,195,336,-74,78,186,343,245,250,63,58,360,-98,-17,-62,267,-22,92,396,-17,158,101,-75,298,-127,391,-71,155,15,372,-50,95,-55,100,-91,299,143,-13,255,47,-86,-1,56,147,-76,34,264,92,-23,281,81,75,-76,-140,3,-101,-143,390,-87,240,104,-143,-100,396,-36,-38,193,42,398,104,124,17,217,-135,116,144,391,-82,115,306,337,-7,310,-71,59,334,-80,-103,-1,118,169,291,-108,-35,217,10,25,-42,278,144,243,-72,361,39,247,362,15,46,388,229,65,311,-26,112,216,336,-33,-102,340,321,53,290,-130,-83,-3,-26,-138,-37,-37,262,19,133,68,246,169,258,285,-72,50,-109,-85,122,-15,334,14,103,101,153,193,257,100,-112,-87,-18,230,86,5
201,-129,-18,324,299,227,125,326,217,248,-66,107,226,-111,348,146,363,-18,22,213,345,-106,49,255,245,99,20,-133,-144,-72,129,360,335,-136,256,134,74,65,-111,0,-65,-141,258,-88,295,-18,214,36,-94,160,379,260,340,81,-109,321,294,-11,212,381,-24,230,234,297,396,155,383,363,9,264,79,9,2,31,294,306,198,284,263,344,-87,340,143,295,-20,128,-84,15,165,189,92,399,340,85,368,398,293,380,244,369,352,321,134,225,192,184,-19,-93,73,-104,329,239,193,180,-76,335,283,60,357,63,31,-138,-95,-109,-34,178,83,35,-148,-21,-69,-2,-133,190,221,325,-144,188,-108,360,26,179,-52,-45,338,-26,53,125,220,308,178,183,233,239,223,-7,285,176,239,20,104,-120,153,234,338,274,341,131,-74,344,57,-9,170,-71,194,69,-53,-63,1
353,331,215,-142,-73,390,148,288,-138,-74,-40,108,337,-39,113,240,334,296,335,210,197,235,23,-146,179,33,382,107,31,223,-99,369,215,-113,50,-132,389,-66,-21,-146,64,347,22,96,-120,256,52,295,371,125,-116,182,-136,-109,-95,360,-111,162,97,276,270,80,203,184,55,234,153,132,129,-92,115,304,82,182,93,270,75,251,302,-67,-76,-125,357,-133,94,-108,217,-16,322,184,204,362,241,-5,251,269,323,23,367,13,-96,-20,-103,-123,-22,212,149,62,394,20,313,135,-137,79,261,379,30,30,382,-107,-55,335,235,166,-145,104,262,-6,-10,64,311,116,180,273,273,257,252,249,-99,367,-22,314,-116,397,275,-42,49,-34,49,9,-95,257,-114,185,-132,62,209,342,141,93,390,5,229,213,-93,258,77,376,368,370,242,69,117,68,244,361,-71,334,1
108,-92,-127,214,238,294,40,-59,166,77,243,-59,136,190,46,11,192,63,314,363,-86,-120,55,252,108,-149,116,101,85,-88,53,105,-102,158,42,-111,-123,-89,-16,304,-108,311,-26,195,239,181,202,284,-145,237,318,119,-66,192,143,31,117,150,163,42,257,309,-58,-76,284,3,153,218,-59,-67,390,3,53,294,309,337,369,197,-56,113,-114,111,292,87,54,80,305,28,69,-102,-35,161,68,381,259,-75,104,21,25,-44,143,92,73,-133,229,324,-75,372,331,161,-100,289,-86,-69,329,334,-144,276,159,360,279,194,346,82,88,-132,-84,42,55,215,321,339,395,96,157,43,395,284,289,10,-116,181,171,390,-65,33,38,278,142,58,77,-107,98,136,8,334,-1,353,176,307,-124,117,-47,84,354,-36,-4,129,294,272,-130,-1,223,-40,328,12,292,29,2
207,172,367,260,63,170,10,47,150,-33,351,72,-13,-109,-126,98,-105,335,203,368,-4,4,-107,-108,349,-103,178,354,191,-143,161,185,391,361,68,44,334,352,13,381,157,293,-127,396,168,113,237,269,234,58,-59,240,-97,341,-116,-55,386,138,389,-117,273,308,51,-113,29,319,-82,202,-87,368,230,96,28,260,33,301,357,256,120,-141,142,234,258,-77,-139,84,388,141,245,114,312,208,10,86,338,-40,271,194,-119,349,-72,29,81,-29,154,128,92,-132,311,-106,176,308,349,237,-77,109,256,351,53,187,301,-7,29,382,-45,93,378,198,31,360,271,155,270,14,41,200,-70,89,248,320,296,114,305,340,37,207,332,272,30,113,-31,311,26,186,391,340,193,6,10,316,282,248,62,294,19,-2,42,87,-6,139,313,309,339,389,-29,85,133,-58,3
66,133,152,-61,203,-31,-52,280,106,204,67,-111,-98,-26,-39,82,117,121,285,289,390,193,-149,-127,329,185,225,-111,91,349,51,-92,277,39,-22,172,18,277,-137,-103,179,-12,354,329,-25,293,197,130,225,310,22,318,-46,244,32,65,3,241,272,288,-105,98,-43,-28,271,309,152,122,386,213,40,237,-80,-54,291,-38,162,37,78,309,162,-91,-62,34,126,69,246,-3,277,183,-143,323,115,-56,-14,369,22,-36,379,328,231,377,134,63,319,338,117,377,309,73,178,383,-20,157,368,152,-56,-93,-125,-141,115,383,-2,315,54,-138,298,179,-116,356,231,235,297,149,151,227,177,363,283,14,243,131,99,-14,34,1,-1,164,222,350,329,-50,175,357,-116,339,291,390,107,-18,22,-36,362,34,38,150,-13,391,334,-107,108,368,76,189,-95,297,164,175,1
159,-93,346,1,30,210,-91,251,-146,199,82,131,366,255,294,292,87,96,228,103,336,-31,3,346,-87,-11,39,212,272,21,311,-118,238,206,-77,131,2,0,131,84,189,244,36,396,-111,-68,185,31,-148,381,188,25,243,194,-123,124,43,356,120,-44,143,231,29,58,319,-110,195,194,-148,85,288,26,-47,352,-37,394,219,399,330,389,137,-14,38,-5,295,-135,80,-114,30,10,126,-93,64,297,62,144,244,201,274,246,145,86,-122,-55,37,201,-85,170,243,174,183,-90,324,371,262,139,-143,394,-71,303,258,-129,242,-64,-21,234,208,-131,-37,272,-38,120,200,102,270,260,151,3,168,80,283,345,397,140,300,7,68,95,250,-11,-118,137,211,346,164,-108,-136,44,-36,196,242,16,304,233,291,-114,239,85,236,246,-69,-149,197,-82,142,223,276,50,1
-148,-8,-94,148,44,158,55,121,146,18,255,39,-150,247,-140,-115,105,224,221,71,377,211,148,-132,51,-56,-14,-145,58,321,197,253,286,358,-63,2,-92,38,-46,353,9,19,-78,36,325,310,316,272,264,168,300,307,-71,262,275,391,308,123,-30,293,74,-138,134,-101,-147,70,342,263,130,215,304,29,215,15,310,-48,378,118,24,5,-69,155,100,17,225,35,-91,377,-49,122,361,-59,216,206,-41,223,257,205,342,-30,-35,-19,265,378,245,-21,212,291,229,254,-85,130,-48,-47,-125,383,-3,278,159,133,-67,393,-42,163,362,35,290,-128,28,-85,-70,-16,234,338,236,80,-64,-65,-9,149,200,247,-59,-50,238,173,-17,188,-50,92,-146,260,-31,270,-38,258,273,236,129,-75,357,-138,-147,47,-117,-36,322,387,322,391,392,293,1,218,145,-69,235,152,4
186,43,396,320,349,11,67,1,108,-143,-54,-130,375,88,-89,239,63,272,2,356,384,340,87,266,-94,-62,267,391,-136,51,176,113,16,-26,230,65,-1,108,222,-3,77,7,95,5,45,75,97,-7,284,-44,383,107,321,-73,261,173,-60,139,366,163,208,246,43,359,284,320,199,325,-47,-45,65,9,-21,-9,198,176,-92,-104,262,240,-133,391,287,140,-120,210,135,142,-102,-37,-25,235,222,82,48,202,-53,392,355,50,-64,-95,227,327,111,153,73,46,91,-63,334,125,122,-7,69,211,333,-77,277,223,134,-64,-90,180,-141,-41,78,158,2,133,156,77,120,218,363,34,249,5,140,-78,360,359,8,110,99,20,29,342,69,299,32,241,308,73,192,5,30,267,84,114,43,-86,-122,349,68,223,114,313,-17,160,217,126,60,40,201,169,394,-5,3
10,65,-9,191,175,-111,-134,113,383,313,-47,384,246,352,232,-60,-66,-60,-136,225,-39,204,-110,-28,271,248,227,332,144,342,37,96,324,-139,35,-8,331,237,15,384,388,177,297,74,245,171,100,-105,326,-61,-85,128,-114,220,25,327,-87,3,85,157,198,100,244,-58,54,274,326,-42,390,380,366,-110,-118,-45,217,-30,98,77,254,-138,-66,150,347,113,103,-14,99,329,338,143,-110,-57,-8,-90,62,-80,-140,135,21,137,-133,8,-124,81,-12,31,49,-33,394,198,-128,-52,-51,234,60,165,-149,-54,277,-17,121,43,-28,-122,179,238,-1,-47,50,379,-121,4,32,2,76,361,-88,170,253,322,144,-3,282,87,393,98,56,390,265,170,358,274,80,2,51,-7,165,374,179,151,-35,74,297,336,197,-90,-147,75,235,236,-61,-64,161,-68,231,146,141,232,5
354,-13,47,-2,282,266,272,322,268,310,226,183,388,270,312,73,198,-76,131,83,122,-58,321,248,-122,-33,-13,-1,266,390,168,-30,-22,-57,195,352,373,156,-147,-39,263,227,257,263,92,-78,276,342,-125,-92,-143,-4,45,373,162,23,226,46,-21,238,31,218,115,-145,62,-111,305,316,259,-65,220,333,16,-15,-90,-150,-99,181,78,38,-123,55,124,78,289,-117,28,85,286,6,152,246,-52,286,181,-146,-117,5,224,383,348,62,-24,131,-127,331,244,224,360,-95,95,-13,-77,167,398,60,115,186,100,184,203,-134,185,57,-40,356,-105,297,211,92,5,-13,343,-73,-9,134,367,-121,124,275,305,-22,238,163,342,268,-102,112,-80,150,81,284,-54,359,243,234,205,123,132,41,199,-140,380,380,159,-3,165,398,-56,355,297,302,95,19,359,-86,-130,399,2
312,120,140,290,302,388,350,165,-147,-28,-39,-139,236,311,-133,134,-86,-98,-106,-98,-112,-84,310,374,-81,335,383,22,-48,230,280,135,287,117,399,340,364,207,395,203,123,256,17,205,108,15,363,365,13,216,15,-47,76,348,315,-115,-5,364,368,129,390,49,-85,188,-14,290,108,372,271,352,140,48,214,99,43,104,-114,-97,351,323,205,-32,226,77,-61,211,385,166,152,119,339,-45,-16,325,-62,-66,135,-42,-108,-1,297,201,-103,258,98,304,-86,295,35,72,-54,137,33,180,-132,361,-97,193,125,150,300,-135,-139,142,205,-80,196,124,295,301,225,75,-94,322,-85,273,119,323,399,243,242,319,237,181,298,257,276,-122,-16,-136,337,-58,-88,-52,-122,186,-49,27,55,333,-58,234,28,-106,110,380,378,-105,292,-118,282,181,68,-133,-32,-31,-134,204,5
342,250,-149,-95,391,385,266,383,304,133,-73,221,138,-133,63,-99,-128,155,-31,389,230,373,271,-1,-89,-62,254,333,396,304,-18,183,-66,81,-33,246,269,177,155,159,282,228,-62,147,336,250,379,376,238,319,252,-8,299,-85,285,253,7,221,28,180,46,78,382,-4,-137,-8,-24,103,4,264,396,-60,188,224,24,311,265,234,188,15,-36,-27,322,370,-105,76,-143,344,88,204,379,183,-76,14,-68,-103,380,92,-53,-103,-118,269,354,208,-4,399,201,333,332,245,-94,198,258,315,157,-95,161,-26,69,306,-47,343,-127,288,81,235,258,-112,354,349,154,45,279,65,178,357,-66,239,-145,39,397,-140,304,20,44,164,396,-43,42,83,332,356,157,136,257,-129,-21,213,87,314,-87,163,320,174,-1,-32,398,211,218,182,-88,271,303,189,292,-101,280,64,3
52,102,-102,55,125,333,56,-4,-35,-78,298,312,99,-129,273,241,-131,127,114,154,77,-61,306,-7,-105,-28,190,339,247,91,311,309,240,328,232,297,143,-44,225,280,-127,148,-147,111,255,92,355,-142,321,316,119,30,-43,32,232,120,288,-46,-117,241,172,-148,-7,14,-88,298,-66,-110,-52,-97,336,359,-16,384,279,-33,-121,-115,215,43,251,2,383,149,363,239,85,383,217,167,-146,127,75,7,-39,36,86,56,250,-110,332,347,380,393,203,85,313,366,-7,386,167,204,229,-43,286,145,32,281,326,-84,-55,91,152,115,-57,119,141,15,239,363,-38,-74,-60,-41,208,316,-110,298,-64,-20,212,-3,-4,105,37,0,303,296,75,218,-10,92,-144,-7,-129,65,88,20,245,311,119,390,282,325,185,179,87,265,374,148,315,121,353,-128,332,340,169,-117,2
187,276,204,77,236,235,207,-43,72,133,280,312,96,142,322,-5,318,-75,259,-28,55,169,213,100,325,203,2,85,341,-13,36,-50,24,347,257,134,362,316,318,-102,357,259,360,362,8,185,-52,132,309,293,-78,191,322,333,313,-43,331,188,172,-99,302,-34,327,-59,251,325,278,-90,-145,179,107,34,280,199,248,349,139,195,104,326,383,-114,-37,321,377,146,-93,-30,120,-141,99,-23,6,204,96,350,68,-49,-117,10,-87,-93,360,180,173,136,231,127,60,102,395,-52,59,-79,183,67,-54,78,258,399,273,324,-104,-100,-142,358,92,165,-131,180,-122,-144,380,11,283,-57,372,-51,83,319,169,218,220,249,359,41,310,233,391,265,-97,383,284,-70,376,121,249,-101,127,172,378,201,192,-45,60,288,203,181,211,125,-82,13,339,326,-90,313,63,-117,1
44,272,79,199,159,-89,287,195,117,379,115,387,172,298,-40,375,-93,222,145,32,-135,-32,-100,344,152,140,177,170,104,31,-105,96,62,117,132,-88,250,151,-103,334,121,354,277,-14,385,-108,100,177,-22,53,149,138,-89,-127,145,-82,245,158,282,50,144,-55,-116,70,-54,267,307,-122,247,11,356,247,177,92,-111,-48,-136,58,387,147,-36,122,97,13,-99,222,200,127,-87,181,-135,316,30,388,294,363,204,343,130,237,73,-132,0,363,51,167,6,278,246,68,-7,-48,105,202,207,-85,-20,81,16,341,313,370,227,-129,241,-22,-116,-49,185,213,144,-42,64,-103,308,286,-64,226,288,179,91,161,47,102,340,-116,318,13,-122,104,-124,156,160,80,102,334,127,201,7,87,-53,152,49,-138,52,79,335,16,40,132,-128,338,-96,-9,100,-9,-6,10,5
-49,332,215,-127,99,159,184,-146,-45,-34,69,-36,-86,264,-81,290,352,84,-88,52,-44,386,135,369,365,197,25,67,291,-28,-148,399,55,40,351,75,105,376,108,62,235,174,245,221,-56,-98,127,-59,130,344,282,-59,45,25,186,135,184,200,-14,157,334,286,45,-8,-23,-103,188,-105,-20,93,-125,11,-37,-98,-138,205,156,-39,247,-45,236,112,140,-28,92,312,-145,190,96,279,188,193,149,69,-75,62,329,223,-53,-70,-130,98,387,-2,-46,209,-104,260,-96,384,-4,-124,-73,82,71,295,81,391,76,-92,110,275,290,170,39,243,-23,218,329,3,397,384,133,186,274,-1,-20,384,145,310,56,284,291,357,360,100,153,185,250,81,48,369,390,136,-104,115,-145,-121,122,93,-32,-60,223,221,305,-149,371,209,186,315,263,151,100,-118,255,332,246,89,4
328,178,256,332,-34,-73,144,168,209,117,323,149,372,70,-49,6,8,309,208,348,48,152,48,224,164,218,340,205,-28,-115,154,-115,399,219,184,301,396,-124,-27,-114,263,318,-129,145,301,207,262,193,384,331,308,98,309,-31,178,-20,226,-51,178,-93,-133,-20,-92,-29,199,-12,121,195,351,192,-84,210,60,280,195,173,238,97,160,-5,386,-85,-100,181,353,-96,294,212,-107,86,-94,-115,145,275,-5,310,-22,314,318,171,74,226,163,40,299,199,109,172,355,-82,224,344,196,31,-16,154,72,-89,366,374,334,349,50,0,-145,216,238,32,-82,290,152,-14,-91,192,390,325,208,127,-58,64,46,274,367,-66,176,309,379,-125,335,236,89,-71,229,-5,377,348,-145,101,122,-142,246,-86,50,170,213,-70,189,372,349,224,355,-109,18,96,353,192,345,219,4
-76,314,120,318,-87,149,133,170,-30,-87,323,94,43,-111,326,-134,-13,335,-43,-131,165,47,302,-106,386,-130,5,42,75,290,182,112,-61,-12,53,118,137,146,311,11,168,83,199,223,-60,-38,38,213,-12,-9,-89,372,334,-18,78,44,33,156,92,389,44,32,-56,-131,37,271,312,176,132,78,138,-6,-67,163,172,331,148,209,267,44,161,359,291,175,-98,121,268,328,51,237,346,157,191,264,336,-54,-98,83,195,213,-36,-131,-72,225,135,353,-128,346,132,395,-9,97,261,352,17,260,-116,78,354,249,-11,378,296,-53,365,175,58,-2,139,-96,-149,136,225,-29,-72,9,280,60,160,110,128,315,303,-137,129,14,40,35,390,161,-20,29,-46,-28,226,299,-150,-11,22,-59,259,26,-131,27,2,217,-11,383,36,-142,-35,-17,-84,-72,216,228,32,-96,2
